date,variable,rm7,day,year,date20
2019-01-01,value,24.635,1,2019,2020-01-01
2019-01-02,value,24.7533333333333,2,2019,2020-01-02
2019-01-03,value,24.2133333333333,3,2019,2020-01-03
2019-01-04,value,23.8566666666667,4,2019,2020-01-04
2019-01-05,value,23.8566666666667,5,2019,2020-01-05
2019-01-06,value,23.8566666666667,6,2019,2020-01-06
2019-01-07,value,23.41,7,2019,2020-01-07
2019-01-08,value,23.258,8,2019,2020-01-08
2019-01-09,value,22.63,9,2019,2020-01-09
2019-01-10,value,22.41,10,2019,2020-01-10
2019-01-11,value,22.214,11,2019,2020-01-11
2019-01-12,value,22.214,12,2019,2020-01-12
2019-01-13,value,22.214,13,2019,2020-01-13
2019-01-14,value,22.284,14,2019,2020-01-14
2019-01-15,value,22.25,15,2019,2020-01-15
2019-01-16,value,22.532,16,2019,2020-01-16
2019-01-17,value,22.842,17,2019,2020-01-17
2019-01-18,value,23.266,18,2019,2020-01-18
2019-01-19,value,23.266,19,2019,2020-01-19
2019-01-20,value,23.266,20,2019,2020-01-20
2019-01-21,value,23.646,21,2019,2020-01-21
2019-01-22,value,24.152,22,2019,2020-01-22
2019-01-23,value,24.4,23,2019,2020-01-23
2019-01-24,value,24.474,24,2019,2020-01-24
2019-01-25,value,24.31,25,2019,2020-01-25
2019-01-26,value,24.31,26,2019,2020-01-26
2019-01-27,value,24.31,27,2019,2020-01-27
2019-01-28,value,23.966,28,2019,2020-01-28
2019-01-29,value,23.606,29,2019,2020-01-29
2019-01-30,value,23.286,30,2019,2020-01-30
2019-01-31,value,22.944,31,2019,2020-01-31
2019-02-01,value,22.536,32,2019,2020-02-01
2019-02-02,value,22.536,33,2019,2020-02-02
2019-02-03,value,22.536,34,2019,2020-02-03
2019-02-04,value,22.594,35,2019,2020-02-04
2019-02-05,value,22.552,36,2019,2020-02-05
2019-02-06,value,22.678,37,2019,2020-02-06
2019-02-07,value,22.914,38,2019,2020-02-07
2019-02-08,value,22.996,39,2019,2020-02-08
2019-02-09,value,22.996,40,2019,2020-02-09
2019-02-10,value,22.996,41,2019,2020-02-10
2019-02-11,value,22.868,42,2019,2020-02-11
2019-02-12,value,22.378,43,2019,2020-02-12
2019-02-13,value,21.834,44,2019,2020-02-13
2019-02-14,value,21.084,45,2019,2020-02-14
2019-02-15,value,20.702,46,2019,2020-02-15
2019-02-16,value,20.702,47,2019,2020-02-16
2019-02-17,value,20.702,48,2019,2020-02-17
2019-02-18,value,20.23,49,2019,2020-02-18
2019-02-19,value,20.138,50,2019,2020-02-19
2019-02-20,value,20.042,51,2019,2020-02-20
2019-02-21,value,19.866,52,2019,2020-02-21
2019-02-22,value,19.572,53,2019,2020-02-22
2019-02-23,value,19.572,54,2019,2020-02-23
2019-02-24,value,19.572,55,2019,2020-02-24
2019-02-25,value,19.434,56,2019,2020-02-25
2019-02-26,value,19.332,57,2019,2020-02-26
2019-02-27,value,19.494,58,2019,2020-02-27
2019-02-28,value,20.068,59,2019,2020-02-28
2019-03-01,value,20.728,60,2019,2020-03-01
2019-03-02,value,20.728,61,2019,2020-03-02
2019-03-03,value,20.728,62,2019,2020-03-03
2019-03-04,value,21.492,63,2019,2020-03-04
2019-03-05,value,22.144,64,2019,2020-03-05
2019-03-06,value,22.328,65,2019,2020-03-06
2019-03-07,value,22.652,66,2019,2020-03-07
2019-03-08,value,22.808,67,2019,2020-03-08
2019-03-09,value,22.808,68,2019,2020-03-09
2019-03-10,value,22.808,69,2019,2020-03-10
2019-03-11,value,22.638,70,2019,2020-03-11
2019-03-12,value,22.526,71,2019,2020-03-12
2019-03-13,value,22.552,72,2019,2020-03-13
2019-03-14,value,22.44,73,2019,2020-03-14
2019-03-15,value,22.328,74,2019,2020-03-15
2019-03-16,value,22.328,75,2019,2020-03-16
2019-03-17,value,22.328,76,2019,2020-03-17
2019-03-18,value,22.23,77,2019,2020-03-18
2019-03-19,value,21.974,78,2019,2020-03-19
2019-03-20,value,21.826,79,2019,2020-03-20
2019-03-21,value,21.464,80,2019,2020-03-21
2019-03-22,value,21.09,81,2019,2020-03-22
2019-03-23,value,21.09,82,2019,2020-03-23
2019-03-24,value,21.09,83,2019,2020-03-24
2019-03-25,value,20.924,84,2019,2020-03-25
2019-03-26,value,21.01,85,2019,2020-03-26
2019-03-27,value,21.072,86,2019,2020-03-27
2019-03-28,value,21.336,87,2019,2020-03-28
2019-03-29,value,21.516,88,2019,2020-03-29
2019-03-30,value,21.516,89,2019,2020-03-30
2019-03-31,value,21.516,90,2019,2020-03-31
2019-04-01,value,21.712,91,2019,2020-04-01
2019-04-02,value,21.816,92,2019,2020-04-02
2019-04-03,value,22.084,93,2019,2020-04-03
2019-04-04,value,22.528,94,2019,2020-04-04
2019-04-05,value,23.134,95,2019,2020-04-05
2019-04-06,value,23.134,96,2019,2020-04-06
2019-04-07,value,23.134,97,2019,2020-04-07
2019-04-08,value,23.614,98,2019,2020-04-08
2019-04-09,value,24.318,99,2019,2020-04-09
2019-04-10,value,24.918,100,2019,2020-04-10
2019-04-11,value,25.51,101,2019,2020-04-11
2019-04-12,value,25.92,102,2019,2020-04-12
2019-04-13,value,25.92,103,2019,2020-04-13
2019-04-14,value,25.92,104,2019,2020-04-14
2019-04-15,value,26.388,105,2019,2020-04-15
2019-04-16,value,26.67,106,2019,2020-04-16
2019-04-17,value,26.912,107,2019,2020-04-17
2019-04-18,value,26.81,108,2019,2020-04-18
2019-04-19,value,26.92,109,2019,2020-04-19
2019-04-20,value,26.92,110,2019,2020-04-20
2019-04-21,value,26.92,111,2019,2020-04-21
2019-04-22,value,27.095,112,2019,2020-04-22
2019-04-23,value,27.35,113,2019,2020-04-23
2019-04-24,value,27.325,114,2019,2020-04-24
2019-04-25,value,27.2866666666667,115,2019,2020-04-25
2019-04-26,value,26.91,116,2019,2020-04-26
2019-04-27,value,26.91,117,2019,2020-04-27
2019-04-28,value,26.91,118,2019,2020-04-28
2019-04-29,value,26.798,119,2019,2020-04-29
2019-04-30,value,26.556,120,2019,2020-04-30
2019-05-01,value,26.38,121,2019,2020-05-01
2019-05-02,value,25.725,122,2019,2020-05-02
2019-05-03,value,25.5525,123,2019,2020-05-03
2019-05-04,value,25.5525,124,2019,2020-05-04
2019-05-05,value,25.5525,125,2019,2020-05-05
2019-05-06,value,25.255,126,2019,2020-05-06
2019-05-07,value,25.285,127,2019,2020-05-07
2019-05-08,value,25.594,128,2019,2020-05-08
2019-05-09,value,25.96,129,2019,2020-05-09
2019-05-10,value,26.038,130,2019,2020-05-10
2019-05-11,value,26.038,131,2019,2020-05-11
2019-05-12,value,26.038,132,2019,2020-05-12
2019-05-13,value,26.002,133,2019,2020-05-13
2019-05-14,value,25.91,134,2019,2020-05-14
2019-05-15,value,25.702,135,2019,2020-05-15
2019-05-16,value,25.504,136,2019,2020-05-16
2019-05-17,value,25.51,137,2019,2020-05-17
2019-05-18,value,25.51,138,2019,2020-05-18
2019-05-19,value,25.51,139,2019,2020-05-19
2019-05-20,value,25.56,140,2019,2020-05-20
2019-05-21,value,25.4325,141,2019,2020-05-21
2019-05-22,value,25.5675,142,2019,2020-05-22
2019-05-23,value,25.695,143,2019,2020-05-23
2019-05-24,value,25.634,144,2019,2020-05-24
2019-05-25,value,25.634,145,2019,2020-05-25
2019-05-26,value,25.634,146,2019,2020-05-26
2019-05-27,value,25.688,147,2019,2020-05-27
2019-05-28,value,25.702,148,2019,2020-05-28
2019-05-29,value,25.534,149,2019,2020-05-29
2019-05-30,value,25.4325,150,2019,2020-05-30
2019-05-31,value,25.1875,151,2019,2020-05-31
2019-06-01,value,25.1875,152,2019,2020-06-01
2019-06-02,value,25.1875,153,2019,2020-06-02
2019-06-03,value,24.7375,154,2019,2020-06-03
2019-06-04,value,24.51,155,2019,2020-06-04
2019-06-05,value,24.1775,156,2019,2020-06-05
2019-06-06,value,24.12,157,2019,2020-06-06
2019-06-07,value,24.134,158,2019,2020-06-07
2019-06-08,value,24.134,159,2019,2020-06-08
2019-06-09,value,24.134,160,2019,2020-06-09
2019-06-10,value,24.255,161,2019,2020-06-10
2019-06-11,value,24.36,162,2019,2020-06-11
2019-06-12,value,24.5075,163,2019,2020-06-12
2019-06-13,value,24.7575,164,2019,2020-06-13
2019-06-14,value,24.8775,165,2019,2020-06-14
2019-06-15,value,24.8775,166,2019,2020-06-15
2019-06-16,value,24.8775,167,2019,2020-06-16
2019-06-17,value,24.89,168,2019,2020-06-17
2019-06-18,value,24.924,169,2019,2020-06-18
2019-06-19,value,24.95,170,2019,2020-06-19
2019-06-20,value,24.974,171,2019,2020-06-20
2019-06-21,value,25.028,172,2019,2020-06-21
2019-06-22,value,25.028,173,2019,2020-06-22
2019-06-23,value,25.028,174,2019,2020-06-23
2019-06-24,value,25.302,175,2019,2020-06-24
2019-06-25,value,25.56,176,2019,2020-06-25
2019-06-26,value,26.056,177,2019,2020-06-26
2019-06-27,value,26.41,178,2019,2020-06-27
2019-06-28,value,26.612,179,2019,2020-06-28
2019-06-29,value,26.612,180,2019,2020-06-29
2019-06-30,value,26.612,181,2019,2020-06-30
2019-07-01,value,26.726,182,2019,2020-07-01
2019-07-02,value,26.788,183,2019,2020-07-02
2019-07-03,value,26.586,184,2019,2020-07-03
2019-07-04,value,26.42,185,2019,2020-07-04
2019-07-05,value,26.446,186,2019,2020-07-05
2019-07-06,value,26.446,187,2019,2020-07-06
2019-07-07,value,26.446,188,2019,2020-07-07
2019-07-08,value,26.416,189,2019,2020-07-08
2019-07-09,value,26.38,190,2019,2020-07-09
2019-07-10,value,26.732,191,2019,2020-07-10
2019-07-11,value,27.19,192,2019,2020-07-11
2019-07-12,value,27.676,193,2019,2020-07-12
2019-07-13,value,27.676,194,2019,2020-07-13
2019-07-14,value,27.676,195,2019,2020-07-14
2019-07-15,value,28.144,196,2019,2020-07-15
2019-07-16,value,28.518,197,2019,2020-07-16
2019-07-17,value,28.582,198,2019,2020-07-17
2019-07-18,value,28.468,199,2019,2020-07-18
2019-07-19,value,28.472,200,2019,2020-07-19
2019-07-20,value,28.472,201,2019,2020-07-20
2019-07-21,value,28.472,202,2019,2020-07-21
2019-07-22,value,28.448,203,2019,2020-07-22
2019-07-23,value,28.724,204,2019,2020-07-23
2019-07-24,value,28.858,205,2019,2020-07-24
2019-07-25,value,29.112,206,2019,2020-07-25
2019-07-26,value,28.994,207,2019,2020-07-26
2019-07-27,value,28.994,208,2019,2020-07-27
2019-07-28,value,28.994,209,2019,2020-07-28
2019-07-29,value,28.88,210,2019,2020-07-29
2019-07-30,value,28.502,211,2019,2020-07-30
2019-07-31,value,28.284,212,2019,2020-07-31
2019-08-01,value,28.378,213,2019,2020-08-01
2019-08-02,value,28.574,214,2019,2020-08-02
2019-08-03,value,28.574,215,2019,2020-08-03
2019-08-04,value,28.574,216,2019,2020-08-04
2019-08-05,value,28.636,217,2019,2020-08-05
2019-08-06,value,28.744,218,2019,2020-08-06
2019-08-07,value,28.784,219,2019,2020-08-07
2019-08-08,value,28.59,220,2019,2020-08-08
2019-08-09,value,28.372,221,2019,2020-08-09
2019-08-10,value,28.372,222,2019,2020-08-10
2019-08-11,value,28.372,223,2019,2020-08-11
2019-08-12,value,27.974,224,2019,2020-08-12
2019-08-13,value,27.708,225,2019,2020-08-13
2019-08-14,value,27.44,226,2019,2020-08-14
2019-08-15,value,26.932,227,2019,2020-08-15
2019-08-16,value,26.496,228,2019,2020-08-16
2019-08-17,value,26.496,229,2019,2020-08-17
2019-08-18,value,26.496,230,2019,2020-08-18
2019-08-19,value,26.468,231,2019,2020-08-19
2019-08-20,value,26.298,232,2019,2020-08-20
2019-08-21,value,26.126,233,2019,2020-08-21
2019-08-22,value,26.062,234,2019,2020-08-22
2019-08-23,value,25.894,235,2019,2020-08-23
2019-08-24,value,25.894,236,2019,2020-08-24
2019-08-25,value,25.894,237,2019,2020-08-25
2019-08-26,value,25.738,238,2019,2020-08-26
2019-08-27,value,25.57,239,2019,2020-08-27
2019-08-28,value,25.568,240,2019,2020-08-28
2019-08-29,value,25.728,241,2019,2020-08-29
2019-08-30,value,25.972,242,2019,2020-08-30
2019-08-31,value,25.972,243,2019,2020-08-31
2019-09-01,value,25.972,244,2019,2020-09-01
2019-09-02,value,25.854,245,2019,2020-09-02
2019-09-03,value,25.822,246,2019,2020-09-03
2019-09-04,value,25.73,247,2019,2020-09-04
2019-09-05,value,25.558,248,2019,2020-09-05
2019-09-06,value,25.298,249,2019,2020-09-06
2019-09-07,value,25.298,250,2019,2020-09-07
2019-09-08,value,25.298,251,2019,2020-09-08
2019-09-09,value,25.264,252,2019,2020-09-09
2019-09-10,value,25.588,253,2019,2020-09-10
2019-09-11,value,25.742,254,2019,2020-09-11
2019-09-12,value,25.914,255,2019,2020-09-12
2019-09-13,value,26.2,256,2019,2020-09-13
2019-09-14,value,26.2,257,2019,2020-09-14
2019-09-15,value,26.2,258,2019,2020-09-15
2019-09-16,value,26.6,259,2019,2020-09-16
2019-09-17,value,26.46,260,2019,2020-09-17
2019-09-18,value,26.264,261,2019,2020-09-18
2019-09-19,value,26.192,262,2019,2020-09-19
2019-09-20,value,26.21,263,2019,2020-09-20
2019-09-21,value,26.21,264,2019,2020-09-21
2019-09-22,value,26.21,265,2019,2020-09-22
2019-09-23,value,25.962,266,2019,2020-09-23
2019-09-24,value,25.842,267,2019,2020-09-24
2019-09-25,value,25.81,268,2019,2020-09-25
2019-09-26,value,25.734,269,2019,2020-09-26
2019-09-27,value,25.488,270,2019,2020-09-27
2019-09-28,value,25.488,271,2019,2020-09-28
2019-09-29,value,25.488,272,2019,2020-09-29
2019-09-30,value,25.27,273,2019,2020-09-30
2019-10-01,value,25.182,274,2019,2020-10-01
2019-10-02,value,24.994,275,2019,2020-10-02
2019-10-03,value,24.516,276,2019,2020-10-03
2019-10-04,value,24.056,277,2019,2020-10-04
2019-10-05,value,24.056,278,2019,2020-10-05
2019-10-06,value,24.056,279,2019,2020-10-06
2019-10-07,value,23.804,280,2019,2020-10-07
2019-10-08,value,23.282,281,2019,2020-10-08
2019-10-09,value,22.97,282,2019,2020-10-09
2019-10-10,value,22.988,283,2019,2020-10-10
2019-10-11,value,23.286,284,2019,2020-10-11
2019-10-12,value,23.286,285,2019,2020-10-12
2019-10-13,value,23.286,286,2019,2020-10-13
2019-10-14,value,23.424,287,2019,2020-10-14
2019-10-15,value,24.064,288,2019,2020-10-15
2019-10-16,value,24.766,289,2019,2020-10-16
2019-10-17,value,25.302,290,2019,2020-10-17
2019-10-18,value,25.574,291,2019,2020-10-18
2019-10-19,value,25.574,292,2019,2020-10-19
2019-10-20,value,25.574,293,2019,2020-10-20
2019-10-21,value,25.926,294,2019,2020-10-21
2019-10-22,value,25.908,295,2019,2020-10-22
2019-10-23,value,25.618,296,2019,2020-10-23
2019-10-24,value,25.494,297,2019,2020-10-24
2019-10-25,value,25.304,298,2019,2020-10-25
2019-10-26,value,25.304,299,2019,2020-10-26
2019-10-27,value,25.304,300,2019,2020-10-27
2019-10-28,value,25.146,301,2019,2020-10-28
2019-10-29,value,25.104,302,2019,2020-10-29
2019-10-30,value,25.356,303,2019,2020-10-30
2019-10-31,value,25.392,304,2019,2020-10-31
2019-11-01,value,25.464,305,2019,2020-11-01
2019-11-02,value,25.464,306,2019,2020-11-02
2019-11-03,value,25.464,307,2019,2020-11-03
2019-11-04,value,25.566,308,2019,2020-11-04
2019-11-05,value,25.59,309,2019,2020-11-05
2019-11-06,value,25.346,310,2019,2020-11-06
2019-11-07,value,25.216,311,2019,2020-11-07
2019-11-08,value,25.128,312,2019,2020-11-08
2019-11-09,value,25.128,313,2019,2020-11-09
2019-11-10,value,25.128,314,2019,2020-11-10
2019-11-11,value,24.988,315,2019,2020-11-11
2019-11-12,value,24.718,316,2019,2020-11-12
2019-11-13,value,24.658,317,2019,2020-11-13
2019-11-14,value,24.46,318,2019,2020-11-14
2019-11-15,value,24.262,319,2019,2020-11-15
2019-11-16,value,24.262,320,2019,2020-11-16
2019-11-17,value,24.262,321,2019,2020-11-17
2019-11-18,value,23.958,322,2019,2020-11-18
2019-11-19,value,23.812,323,2019,2020-11-19
2019-11-20,value,23.716,324,2019,2020-11-20
2019-11-21,value,23.72,325,2019,2020-11-21
2019-11-22,value,23.864,326,2019,2020-11-22
2019-11-23,value,23.864,327,2019,2020-11-23
2019-11-24,value,23.864,328,2019,2020-11-24
2019-11-25,value,24.068,329,2019,2020-11-25
2019-11-26,value,24.254,330,2019,2020-11-26
2019-11-27,value,24.478,331,2019,2020-11-27
2019-11-28,value,24.686,332,2019,2020-11-28
2019-11-29,value,24.824,333,2019,2020-11-29
2019-11-30,value,24.824,334,2019,2020-11-30
2019-12-01,value,24.824,335,2019,2020-12-01
2019-12-02,value,24.808,336,2019,2020-12-02
2019-12-03,value,24.728,337,2019,2020-12-03
2019-12-04,value,24.646,338,2019,2020-12-04
2019-12-05,value,24.592,339,2019,2020-12-05
2019-12-06,value,24.512,340,2019,2020-12-06
2019-12-07,value,24.512,341,2019,2020-12-07
2019-12-08,value,24.512,342,2019,2020-12-08
2019-12-09,value,24.662,343,2019,2020-12-09
2019-12-10,value,24.854,344,2019,2020-12-10
2019-12-11,value,24.786,345,2019,2020-12-11
2019-12-12,value,24.854,346,2019,2020-12-12
2019-12-13,value,24.682,347,2019,2020-12-13
2019-12-14,value,24.682,348,2019,2020-12-14
2019-12-15,value,24.682,349,2019,2020-12-15
2019-12-16,value,24.664,350,2019,2020-12-16
2019-12-17,value,24.854,351,2019,2020-12-17
2019-12-18,value,25.254,352,2019,2020-12-18
2019-12-19,value,25.572,353,2019,2020-12-19
2019-12-20,value,26.072,354,2019,2020-12-20
2019-12-21,value,26.072,355,2019,2020-12-21
2019-12-22,value,26.072,356,2019,2020-12-22
2019-12-23,value,26.35,357,2019,2020-12-23
2019-12-24,value,26.47,358,2019,2020-12-24
2019-12-25,value,26.5066666666667,359,2019,2020-12-25
2019-12-26,value,26.43,360,2019,2020-12-26
2019-12-27,value,26.45,361,2019,2020-12-27
2019-12-28,value,26.45,362,2019,2020-12-28
2019-12-29,value,26.45,363,2019,2020-12-29
2019-12-30,value,25.715,364,2019,2020-12-30
2019-12-31,value,25.715,365,2019,2020-12-31
2020-01-01,value,25.715,1,2020,2020-01-01
2020-01-02,value,25.24,2,2020,2020-01-02
2020-01-03,value,24.6833333333333,3,2020,2020-01-03
2020-01-04,value,24.6833333333333,4,2020,2020-01-04
2020-01-05,value,24.6833333333333,5,2020,2020-01-05
2020-01-06,value,24.44,6,2020,2020-01-06
2020-01-07,value,24.4325,7,2020,2020-01-07
2020-01-08,value,24.334,8,2020,2020-01-08
2020-01-09,value,24.392,9,2020,2020-01-09
2020-01-10,value,24.248,10,2020,2020-01-10
2020-01-11,value,24.248,11,2020,2020-01-11
2020-01-12,value,24.248,12,2020,2020-01-12
2020-01-13,value,24.222,13,2020,2020-01-13
2020-01-14,value,24.09,14,2020,2020-01-14
2020-01-15,value,24.196,15,2020,2020-01-15
2020-01-16,value,24.24,16,2020,2020-01-16
2020-01-17,value,24.488,17,2020,2020-01-17
2020-01-18,value,24.488,18,2020,2020-01-18
2020-01-19,value,24.488,19,2020,2020-01-19
2020-01-20,value,24.68,20,2020,2020-01-20
2020-01-21,value,24.896,21,2020,2020-01-21
2020-01-22,value,24.992,22,2020,2020-01-22
2020-01-23,value,24.968,23,2020,2020-01-23
2020-01-24,value,24.764,24,2020,2020-01-24
2020-01-25,value,24.764,25,2020,2020-01-25
2020-01-26,value,24.764,26,2020,2020-01-26
2020-01-27,value,24.672,27,2020,2020-01-27
2020-01-28,value,24.622,28,2020,2020-01-28
2020-01-29,value,24.412,29,2020,2020-01-29
2020-01-30,value,24.208,30,2020,2020-01-30
2020-01-31,value,24.1,31,2020,2020-01-31
2020-02-01,value,24.1,32,2020,2020-02-01
2020-02-02,value,24.1,33,2020,2020-02-02
2020-02-03,value,23.822,34,2020,2020-02-03
2020-02-04,value,23.562,35,2020,2020-02-04
2020-02-05,value,23.518,36,2020,2020-02-05
2020-02-06,value,23.486,37,2020,2020-02-06
2020-02-07,value,23.38,38,2020,2020-02-07
2020-02-08,value,23.38,39,2020,2020-02-08
2020-02-09,value,23.38,40,2020,2020-02-09
2020-02-10,value,23.374,41,2020,2020-02-10
2020-02-11,value,23.358,42,2020,2020-02-11
2020-02-12,value,23.392,43,2020,2020-02-12
2020-02-13,value,23.562,44,2020,2020-02-13
2020-02-14,value,23.752,45,2020,2020-02-14
2020-02-15,value,23.752,46,2020,2020-02-15
2020-02-16,value,23.752,47,2020,2020-02-16
2020-02-17,value,24.112,48,2020,2020-02-17
2020-02-18,value,24.476,49,2020,2020-02-18
2020-02-19,value,24.83,50,2020,2020-02-19
2020-02-20,value,25.072,51,2020,2020-02-20
2020-02-21,value,25.318,52,2020,2020-02-21
2020-02-22,value,25.318,53,2020,2020-02-22
2020-02-23,value,25.318,54,2020,2020-02-23
2020-02-24,value,25.232,55,2020,2020-02-24
2020-02-25,value,25.054,56,2020,2020-02-25
2020-02-26,value,24.762,57,2020,2020-02-26
2020-02-27,value,24.364,58,2020,2020-02-27
2020-02-28,value,23.976,59,2020,2020-02-28
2020-02-29,value,23.976,60,2020,2020-02-29
2020-03-01,value,23.976,61,2020,2020-03-01
2020-03-02,value,23.78,62,2020,2020-03-02
2020-03-03,value,23.618,63,2020,2020-03-03
2020-03-04,value,23.55,64,2020,2020-03-04
2020-03-05,value,23.592,65,2020,2020-03-05
2020-03-06,value,23.56,66,2020,2020-03-06
2020-03-07,value,23.56,67,2020,2020-03-07
2020-03-08,value,23.56,68,2020,2020-03-08
2020-03-09,value,23.502,69,2020,2020-03-09
2020-03-10,value,23.66,70,2020,2020-03-10
2020-03-11,value,23.678,71,2020,2020-03-11
2020-03-12,value,23.416,72,2020,2020-03-12
2020-03-13,value,23.118,73,2020,2020-03-13
2020-03-14,value,23.118,74,2020,2020-03-14
2020-03-15,value,23.118,75,2020,2020-03-15
2020-03-16,value,22.362,76,2020,2020-03-16
2020-03-17,value,21.194,77,2020,2020-03-17
2020-03-18,value,19.458,78,2020,2020-03-18
2020-03-19,value,18.21,79,2020,2020-03-19
2020-03-20,value,17.042,80,2020,2020-03-20
2020-03-21,value,17.042,81,2020,2020-03-21
2020-03-22,value,17.042,82,2020,2020-03-22
2020-03-23,value,16.254,83,2020,2020-03-23
2020-03-24,value,15.922,84,2020,2020-03-24
2020-03-25,value,16.364,85,2020,2020-03-25
2020-03-26,value,16.558,86,2020,2020-03-26
2020-03-27,value,16.6,87,2020,2020-03-27
2020-03-28,value,16.6,88,2020,2020-03-28
2020-03-29,value,16.6,89,2020,2020-03-29
2020-03-30,value,16.9,90,2020,2020-03-30
2020-03-31,value,17.092,91,2020,2020-03-31
2020-04-01,value,16.988,92,2020,2020-04-01
2020-04-02,value,17.152,93,2020,2020-04-02
2020-04-03,value,17.47,94,2020,2020-04-03
2020-04-04,value,17.47,95,2020,2020-04-04
2020-04-05,value,17.47,96,2020,2020-04-05
2020-04-06,value,18.136,97,2020,2020-04-06
2020-04-07,value,18.684,98,2020,2020-04-07
2020-04-08,value,19.508,99,2020,2020-04-08
2020-04-09,value,19.88,100,2020,2020-04-09
2020-04-10,value,20.56,101,2020,2020-04-10
2020-04-11,value,20.56,102,2020,2020-04-11
2020-04-12,value,20.56,103,2020,2020-04-12
2020-04-13,value,20.675,104,2020,2020-04-13
2020-04-14,value,20.39,105,2020,2020-04-14
2020-04-15,value,19.46,106,2020,2020-04-15
2020-04-16,value,19.94,107,2020,2020-04-16
2020-04-17,value,20.36,108,2020,2020-04-17
2020-04-18,value,20.36,109,2020,2020-04-18
2020-04-19,value,20.36,110,2020,2020-04-19
2020-04-20,value,20.542,111,2020,2020-04-20
2020-04-21,value,20.544,112,2020,2020-04-21
2020-04-22,value,20.832,113,2020,2020-04-22
2020-04-23,value,20.85,114,2020,2020-04-23
2020-04-24,value,20.652,115,2020,2020-04-24
2020-04-25,value,20.652,116,2020,2020-04-25
2020-04-26,value,20.652,117,2020,2020-04-26
2020-04-27,value,20.424,118,2020,2020-04-27
2020-04-28,value,20.496,119,2020,2020-04-28
2020-04-29,value,20.398,120,2020,2020-04-29
2020-04-30,value,20.076,121,2020,2020-04-30
2020-05-01,value,19.9375,122,2020,2020-05-01
2020-05-02,value,19.9375,123,2020,2020-05-02
2020-05-03,value,19.9375,124,2020,2020-05-03
2020-05-04,value,19.735,125,2020,2020-05-04
2020-05-05,value,19.45,126,2020,2020-05-05
2020-05-06,value,19.15,127,2020,2020-05-06
2020-05-07,value,19.165,128,2020,2020-05-07
2020-05-08,value,19.194,129,2020,2020-05-08
2020-05-09,value,19.194,130,2020,2020-05-09
2020-05-10,value,19.194,131,2020,2020-05-10
2020-05-11,value,19.128,132,2020,2020-05-11
2020-05-12,value,19.032,133,2020,2020-05-12
2020-05-13,value,18.968,134,2020,2020-05-13
2020-05-14,value,18.836,135,2020,2020-05-14
2020-05-15,value,18.798,136,2020,2020-05-15
2020-05-16,value,18.798,137,2020,2020-05-16
2020-05-17,value,18.798,138,2020,2020-05-17
2020-05-18,value,19.058,139,2020,2020-05-18
2020-05-19,value,19.326,140,2020,2020-05-19
2020-05-20,value,19.84,141,2020,2020-05-20
2020-05-21,value,20.105,142,2020,2020-05-21
2020-05-22,value,20.6525,143,2020,2020-05-22
2020-05-23,value,20.6525,144,2020,2020-05-23
2020-05-24,value,20.6525,145,2020,2020-05-24
2020-05-25,value,20.9425,146,2020,2020-05-25
2020-05-26,value,21.3425,147,2020,2020-05-26
2020-05-27,value,21.345,148,2020,2020-05-27
2020-05-28,value,21.314,149,2020,2020-05-28
2020-05-29,value,21.314,150,2020,2020-05-29
2020-05-30,value,21.314,151,2020,2020-05-30
2020-05-31,value,21.314,152,2020,2020-05-31
2020-06-01,value,21.28,153,2020,2020-06-01
2020-06-02,value,21.43,154,2020,2020-06-02
2020-06-03,value,21.6275,155,2020,2020-06-03
2020-06-04,value,21.87,156,2020,2020-06-04
2020-06-05,value,22.32,157,2020,2020-06-05
2020-06-06,value,22.32,158,2020,2020-06-06
2020-06-07,value,22.32,159,2020,2020-06-07
2020-06-08,value,22.386,160,2020,2020-06-08
2020-06-09,value,22.468,161,2020,2020-06-09
2020-06-10,value,22.642,162,2020,2020-06-10
2020-06-11,value,22.642,163,2020,2020-06-11
2020-06-12,value,22.398,164,2020,2020-06-12
2020-06-13,value,22.398,165,2020,2020-06-13
2020-06-14,value,22.398,166,2020,2020-06-14
2020-06-15,value,22.294,167,2020,2020-06-15
2020-06-16,value,22.36,168,2020,2020-06-16
2020-06-17,value,22.338,169,2020,2020-06-17
2020-06-18,value,22.796,170,2020,2020-06-18
2020-06-19,value,23.218,171,2020,2020-06-19
2020-06-20,value,23.218,172,2020,2020-06-20
2020-06-21,value,23.218,173,2020,2020-06-21
2020-06-22,value,23.692,174,2020,2020-06-22
2020-06-23,value,24.204,175,2020,2020-06-23
2020-06-24,value,24.734,176,2020,2020-06-24
2020-06-25,value,24.876,177,2020,2020-06-25
2020-06-26,value,25.01,178,2020,2020-06-26
2020-06-27,value,25.01,179,2020,2020-06-27
2020-06-28,value,25.01,180,2020,2020-06-28
2020-06-29,value,25.452,181,2020,2020-06-29
2020-06-30,value,25.76,182,2020,2020-06-30
2020-07-01,value,26.202,183,2020,2020-07-01
2020-07-02,value,26.61,184,2020,2020-07-02
2020-07-03,value,27.454,185,2020,2020-07-03
2020-07-04,value,27.454,186,2020,2020-07-04
2020-07-05,value,27.454,187,2020,2020-07-05
2020-07-06,value,28.03,188,2020,2020-07-06
2020-07-07,value,28.466,189,2020,2020-07-07
2020-07-08,value,28.81,190,2020,2020-07-08
2020-07-09,value,29.06,191,2020,2020-07-09
2020-07-10,value,29.08,192,2020,2020-07-10
2020-07-11,value,29.08,193,2020,2020-07-11
2020-07-12,value,29.08,194,2020,2020-07-12
2020-07-13,value,28.974,195,2020,2020-07-13
2020-07-14,value,29.076,196,2020,2020-07-14
2020-07-15,value,28.954,197,2020,2020-07-15
2020-07-16,value,28.552,198,2020,2020-07-16
2020-07-17,value,28.32,199,2020,2020-07-17
2020-07-18,value,28.32,200,2020,2020-07-18
2020-07-19,value,28.32,201,2020,2020-07-19
2020-07-20,value,27.73,202,2020,2020-07-20
2020-07-21,value,27.102,203,2020,2020-07-21
2020-07-22,value,26.68,204,2020,2020-07-22
2020-07-23,value,26.834,205,2020,2020-07-23
2020-07-24,value,26.518,206,2020,2020-07-24
2020-07-25,value,26.518,207,2020,2020-07-25
2020-07-26,value,26.518,208,2020,2020-07-26
2020-07-27,value,26.298,209,2020,2020-07-27
2020-07-28,value,26.15,210,2020,2020-07-28
2020-07-29,value,26.062,211,2020,2020-07-29
2020-07-30,value,25.716,212,2020,2020-07-30
2020-07-31,value,25.704,213,2020,2020-07-31
2020-08-01,value,25.704,214,2020,2020-08-01
2020-08-02,value,25.704,215,2020,2020-08-02
2020-08-03,value,25.924,216,2020,2020-08-03
2020-08-04,value,26.14,217,2020,2020-08-04
2020-08-05,value,26.24,218,2020,2020-08-05
2020-08-06,value,26.392,219,2020,2020-08-06
2020-08-07,value,26.426,220,2020,2020-08-07
2020-08-08,value,26.426,221,2020,2020-08-08
2020-08-09,value,26.426,222,2020,2020-08-09
2020-08-10,value,26.542,223,2020,2020-08-10
2020-08-11,value,26.422,224,2020,2020-08-11
2020-08-12,value,26.266,225,2020,2020-08-12
2020-08-13,value,26.106,226,2020,2020-08-13
2020-08-14,value,25.92,227,2020,2020-08-14
2020-08-15,value,25.92,228,2020,2020-08-15
2020-08-16,value,25.92,229,2020,2020-08-16
2020-08-17,value,25.838,230,2020,2020-08-17
2020-08-18,value,25.91,231,2020,2020-08-18
2020-08-19,value,25.986,232,2020,2020-08-19
2020-08-20,value,26.046,233,2020,2020-08-20
2020-08-21,value,26.088,234,2020,2020-08-21
2020-08-22,value,26.088,235,2020,2020-08-22
2020-08-23,value,26.088,236,2020,2020-08-23
2020-08-24,value,26.36,237,2020,2020-08-24
2020-08-25,value,26.766,238,2020,2020-08-25
2020-08-26,value,27.236,239,2020,2020-08-26
2020-08-27,value,27.752,240,2020,2020-08-27
2020-08-28,value,28.514,241,2020,2020-08-28
2020-08-29,value,28.514,242,2020,2020-08-29
2020-08-30,value,28.514,243,2020,2020-08-30
2020-08-31,value,28.716,244,2020,2020-08-31
2020-09-01,value,28.53,245,2020,2020-09-01
2020-09-02,value,28.45,246,2020,2020-09-02
2020-09-03,value,28.518,247,2020,2020-09-03
2020-09-04,value,28.086,248,2020,2020-09-04
2020-09-05,value,28.086,249,2020,2020-09-05
2020-09-06,value,28.086,250,2020,2020-09-06
2020-09-07,value,27.772,251,2020,2020-09-07
2020-09-08,value,27.598,252,2020,2020-09-08
2020-09-09,value,27.404,253,2020,2020-09-09
2020-09-10,value,27.36,254,2020,2020-09-10
2020-09-11,value,27.54,255,2020,2020-09-11
2020-09-12,value,27.54,256,2020,2020-09-12
2020-09-13,value,27.54,257,2020,2020-09-13
2020-09-14,value,28.21,258,2020,2020-09-14
2020-09-15,value,28.786,259,2020,2020-09-15
2020-09-16,value,29.334,260,2020,2020-09-16
2020-09-17,value,29.314,261,2020,2020-09-17
2020-09-18,value,29.268,262,2020,2020-09-18
2020-09-19,value,29.268,263,2020,2020-09-19
2020-09-20,value,29.268,264,2020,2020-09-20
2020-09-21,value,28.474,265,2020,2020-09-21
2020-09-22,value,28.112,266,2020,2020-09-22
2020-09-23,value,27.41,267,2020,2020-09-23
2020-09-24,value,27.08,268,2020,2020-09-24
2020-09-25,value,27.306,269,2020,2020-09-25
2020-09-26,value,27.306,270,2020,2020-09-26
2020-09-27,value,27.306,271,2020,2020-09-27
2020-09-28,value,27.538,272,2020,2020-09-28
2020-09-29,value,27.308,273,2020,2020-09-29
2020-09-30,value,27.39,274,2020,2020-09-30
2020-10-01,value,27.344,275,2020,2020-10-01
2020-10-02,value,26.918,276,2020,2020-10-02
2020-10-03,value,26.918,277,2020,2020-10-03
2020-10-04,value,26.918,278,2020,2020-10-04
2020-10-05,value,26.76,279,2020,2020-10-05
2020-10-06,value,26.776,280,2020,2020-10-06
2020-10-07,value,26.764,281,2020,2020-10-07
2020-10-08,value,26.726,282,2020,2020-10-08
2020-10-09,value,26.492,283,2020,2020-10-09
2020-10-10,value,26.492,284,2020,2020-10-10
2020-10-11,value,26.492,285,2020,2020-10-11
2020-10-12,value,26.296,286,2020,2020-10-12
2020-10-13,value,25.984,287,2020,2020-10-13
2020-10-14,value,25.774,288,2020,2020-10-14
2020-10-15,value,25.512,289,2020,2020-10-15
2020-10-16,value,25.32,290,2020,2020-10-16
2020-10-17,value,25.32,291,2020,2020-10-17
2020-10-18,value,25.32,292,2020,2020-10-18
2020-10-19,value,25.134,293,2020,2020-10-19
2020-10-20,value,24.956,294,2020,2020-10-20
2020-10-21,value,24.512,295,2020,2020-10-21
2020-10-22,value,24.364,296,2020,2020-10-22
2020-10-23,value,24.498,297,2020,2020-10-23
2020-10-24,value,24.498,298,2020,2020-10-24
2020-10-25,value,24.498,299,2020,2020-10-25
2020-10-26,value,24.278,300,2020,2020-10-26
2020-10-27,value,24.234,301,2020,2020-10-27
2020-10-28,value,24.122,302,2020,2020-10-28
2020-10-29,value,24.006,303,2020,2020-10-29
2020-10-30,value,23.64,304,2020,2020-10-30
2020-10-31,value,23.64,305,2020,2020-10-31
2020-11-01,value,23.64,306,2020,2020-11-01
2020-11-02,value,23.594,307,2020,2020-11-02
2020-11-03,value,23.656,308,2020,2020-11-03
2020-11-04,value,24.076,309,2020,2020-11-04
2020-11-05,value,24.544,310,2020,2020-11-05
2020-11-06,value,24.896,311,2020,2020-11-06
2020-11-07,value,24.896,312,2020,2020-11-07
2020-11-08,value,24.896,313,2020,2020-11-08
2020-11-09,value,25.48,314,2020,2020-11-09
2020-11-10,value,25.852,315,2020,2020-11-10
2020-11-11,value,26.048,316,2020,2020-11-11
2020-11-12,value,26.022,317,2020,2020-11-12
2020-11-13,value,26.21,318,2020,2020-11-13
2020-11-14,value,26.21,319,2020,2020-11-14
2020-11-15,value,26.21,320,2020,2020-11-15
2020-11-16,value,26.384,321,2020,2020-11-16
2020-11-17,value,26.464,322,2020,2020-11-17
2020-11-18,value,26.674,323,2020,2020-11-18
2020-11-19,value,26.768,324,2020,2020-11-19
2020-11-20,value,26.844,325,2020,2020-11-20
2020-11-21,value,26.844,326,2020,2020-11-21
2020-11-22,value,26.844,327,2020,2020-11-22
2020-11-23,value,26.81,328,2020,2020-11-23
2020-11-24,value,27.018,329,2020,2020-11-24
2020-11-25,value,27.11,330,2020,2020-11-25
2020-11-26,value,27.48,331,2020,2020-11-26
2020-11-27,value,27.76,332,2020,2020-11-27
2020-11-28,value,27.76,333,2020,2020-11-28
2020-11-29,value,27.76,334,2020,2020-11-29
2020-11-30,value,28.124,335,2020,2020-11-30
2020-12-01,value,28.348,336,2020,2020-12-01
2020-12-02,value,28.75,337,2020,2020-12-02
2020-12-03,value,28.9,338,2020,2020-12-03
2020-12-04,value,29.282,339,2020,2020-12-04
2020-12-05,value,29.282,340,2020,2020-12-05
2020-12-06,value,29.282,341,2020,2020-12-06
2020-12-07,value,29.38,342,2020,2020-12-07
2020-12-08,value,29.548,343,2020,2020-12-08
2020-12-09,value,29.57,344,2020,2020-12-09
2020-12-10,value,29.966,345,2020,2020-12-10
2020-12-11,value,30.054,346,2020,2020-12-11
2020-12-12,value,30.054,347,2020,2020-12-12
2020-12-13,value,30.054,348,2020,2020-12-13
2020-12-14,value,30.304,349,2020,2020-12-14
2020-12-15,value,30.782,350,2020,2020-12-15
2020-12-16,value,31.17,351,2020,2020-12-16
2020-12-17,value,31.36,352,2020,2020-12-17
2020-12-18,value,31.452,353,2020,2020-12-18
2020-12-19,value,31.452,354,2020,2020-12-19
2020-12-20,value,31.452,355,2020,2020-12-20
2020-12-21,value,31.424,356,2020,2020-12-21
2020-12-22,value,31.226,357,2020,2020-12-22
2020-12-23,value,31.254,358,2020,2020-12-23
2020-12-24,value,31.105,359,2020,2020-12-24
2020-12-25,value,31.1533333333333,360,2020,2020-12-25
2020-12-26,value,31.1533333333333,361,2020,2020-12-26
2020-12-27,value,31.1533333333333,362,2020,2020-12-27
2020-12-28,value,32.05,363,2020,2020-12-28
2020-12-29,value,32.6333333333333,364,2020,2020-12-29
2020-12-30,value,32.7166666666667,365,2020,2020-12-30
2020-12-31,value,32.7166666666667,366,2020,2020-12-31
2021-01-01,value,32.7166666666667,1,2021,2020-01-01
2021-01-02,value,32.7166666666667,2,2021,2020-01-02
2021-01-03,value,32.7166666666667,3,2021,2020-01-03
2021-01-04,value,32.81,4,2021,2020-01-04
2021-01-05,value,32.8233333333333,5,2021,2020-01-05
2021-01-06,value,33.3133333333333,6,2021,2020-01-06
2021-01-07,value,33.6675,7,2021,2020-01-07
2021-01-08,value,33.886,8,2021,2020-01-08
2021-01-09,value,33.886,9,2021,2020-01-09
2021-01-10,value,33.886,10,2021,2020-01-10
2021-01-11,value,34.032,11,2021,2020-01-11
2021-01-12,value,34.388,12,2021,2020-01-12
2021-01-13,value,34.4,13,2021,2020-01-13
2021-01-14,value,34.152,14,2021,2020-01-14
2021-01-15,value,33.51,15,2021,2020-01-15
2021-01-16,value,33.51,16,2021,2020-01-16
2021-01-17,value,33.51,17,2021,2020-01-17
2021-01-18,value,32.946,18,2021,2020-01-18
2021-01-19,value,32.622,19,2021,2020-01-19
2021-01-20,value,32.472,20,2021,2020-01-20
2021-01-21,value,32.582,21,2021,2020-01-21
2021-01-22,value,33.106,22,2021,2020-01-22
2021-01-23,value,33.106,23,2021,2020-01-23
2021-01-24,value,33.106,24,2021,2020-01-24
2021-01-25,value,33.418,25,2021,2020-01-25
2021-01-26,value,33.472,26,2021,2020-01-26
2021-01-27,value,33.576,27,2021,2020-01-27
2021-01-28,value,33.542,28,2021,2020-01-28
2021-01-29,value,33.29,29,2021,2020-01-29
2021-01-30,value,33.29,30,2021,2020-01-30
2021-01-31,value,33.29,31,2021,2020-01-31
2021-02-01,value,33.222,32,2021,2020-02-01
2021-02-02,value,33.574,33,2021,2020-02-02
2021-02-03,value,34.376,34,2021,2020-02-03
2021-02-04,value,35.056,35,2021,2020-02-04
2021-02-05,value,36.092,36,2021,2020-02-05
2021-02-06,value,36.092,37,2021,2020-02-06
2021-02-07,value,36.092,38,2021,2020-02-07
2021-02-08,value,37.238,39,2021,2020-02-08
2021-02-09,value,37.888,40,2021,2020-02-09
2021-02-10,value,38.292,41,2021,2020-02-10
2021-02-11,value,38.496,42,2021,2020-02-11
2021-02-12,value,38.91,43,2021,2020-02-12
2021-02-13,value,38.91,44,2021,2020-02-13
2021-02-14,value,38.91,45,2021,2020-02-14
2021-02-15,value,39.132,46,2021,2020-02-15
2021-02-16,value,39.24,47,2021,2020-02-16
2021-02-17,value,38.992,48,2021,2020-02-17
2021-02-18,value,38.96,49,2021,2020-02-18
2021-02-19,value,38.402,50,2021,2020-02-19
2021-02-20,value,38.402,51,2021,2020-02-20
2021-02-21,value,38.402,52,2021,2020-02-21
2021-02-22,value,38.068,53,2021,2020-02-22
2021-02-23,value,38.02,54,2021,2020-02-23
2021-02-24,value,38.23,55,2021,2020-02-24
2021-02-25,value,38.218,56,2021,2020-02-25
2021-02-26,value,38.194,57,2021,2020-02-26
2021-02-27,value,38.194,58,2021,2020-02-27
2021-02-28,value,38.194,59,2021,2020-02-28
2021-03-01,value,38.018,60,2021,2020-03-01
2021-03-02,value,37.962,61,2021,2020-03-02
2021-03-03,value,37.61,62,2021,2020-03-03
2021-03-04,value,37.634,63,2021,2020-03-04
2021-03-05,value,37.96,64,2021,2020-03-05
2021-03-06,value,37.96,65,2021,2020-03-06
2021-03-07,value,37.96,66,2021,2020-03-07
2021-03-08,value,38.36,67,2021,2020-03-08
2021-03-09,value,38.836,68,2021,2020-03-09
2021-03-10,value,39.65,69,2021,2020-03-10
2021-03-11,value,40.364,70,2021,2020-03-11
2021-03-12,value,41.146,71,2021,2020-03-12
2021-03-13,value,41.146,72,2021,2020-03-13
2021-03-14,value,41.146,73,2021,2020-03-14
2021-03-15,value,41.806,74,2021,2020-03-15
2021-03-16,value,41.978,75,2021,2020-03-16
2021-03-17,value,42.268,76,2021,2020-03-17
2021-03-18,value,42.37,77,2021,2020-03-18
2021-03-19,value,42.182,78,2021,2020-03-19
2021-03-20,value,42.182,79,2021,2020-03-20
2021-03-21,value,42.182,80,2021,2020-03-21
2021-03-22,value,42.258,81,2021,2020-03-22
2021-03-23,value,42.202,82,2021,2020-03-23
2021-03-24,value,41.918,83,2021,2020-03-24
2021-03-25,value,41.52,84,2021,2020-03-25
2021-03-26,value,41.482,85,2021,2020-03-26
2021-03-27,value,41.482,86,2021,2020-03-27
2021-03-28,value,41.482,87,2021,2020-03-28
2021-03-29,value,41.298,88,2021,2020-03-29
2021-03-30,value,41.44,89,2021,2020-03-30
2021-03-31,value,41.612,90,2021,2020-03-31
2021-04-01,value,41.945,91,2021,2020-04-01
2021-04-02,value,42.04,92,2021,2020-04-02
2021-04-03,value,42.04,93,2021,2020-04-03
2021-04-04,value,42.04,94,2021,2020-04-04
2021-04-05,value,42.17,95,2021,2020-04-05
2021-04-06,value,43.27,96,2021,2020-04-06
2021-04-07,value,43.96,97,2021,2020-04-07
2021-04-08,value,43.7666666666667,98,2021,2020-04-08
2021-04-09,value,43.7175,99,2021,2020-04-09
2021-04-10,value,43.7175,100,2021,2020-04-10
2021-04-11,value,43.7175,101,2021,2020-04-11
2021-04-12,value,43.838,102,2021,2020-04-12
2021-04-13,value,43.744,103,2021,2020-04-13
2021-04-14,value,43.732,104,2021,2020-04-14
2021-04-15,value,43.912,105,2021,2020-04-15
2021-04-16,value,44.064,106,2021,2020-04-16
2021-04-17,value,44.064,107,2021,2020-04-17
2021-04-18,value,44.064,108,2021,2020-04-18
2021-04-19,value,43.958,109,2021,2020-04-19
2021-04-20,value,44.228,110,2021,2020-04-20
2021-04-21,value,44.754,111,2021,2020-04-21
2021-04-22,value,45.296,112,2021,2020-04-22
2021-04-23,value,45.79,113,2021,2020-04-23
2021-04-24,value,45.79,114,2021,2020-04-24
2021-04-25,value,45.79,115,2021,2020-04-25
2021-04-26,value,46.494,116,2021,2020-04-26
2021-04-27,value,46.952,117,2021,2020-04-27
2021-04-28,value,47.234,118,2021,2020-04-28
2021-04-29,value,47.424,119,2021,2020-04-29
2021-04-30,value,47.81,120,2021,2020-04-30
2021-05-01,value,47.81,121,2021,2020-05-01
2021-05-02,value,47.81,122,2021,2020-05-02
2021-05-03,value,48.266,123,2021,2020-05-03
2021-05-04,value,48.528,124,2021,2020-05-04
2021-05-05,value,48.826,125,2021,2020-05-05
2021-05-06,value,49.194,126,2021,2020-05-06
2021-05-07,value,49.63,127,2021,2020-05-07
2021-05-08,value,49.63,128,2021,2020-05-08
2021-05-09,value,49.63,129,2021,2020-05-09
2021-05-10,value,50.068,130,2021,2020-05-10
2021-05-11,value,50.98,131,2021,2020-05-11
2021-05-12,value,52.072,132,2021,2020-05-12
2021-05-13,value,52.645,133,2021,2020-05-13
2021-05-14,value,53.975,134,2021,2020-05-14
2021-05-15,value,53.975,135,2021,2020-05-15
2021-05-16,value,53.975,136,2021,2020-05-16
2021-05-17,value,54.7066666666667,137,2021,2020-05-17
2021-05-18,value,54.4766666666667,138,2021,2020-05-18
2021-05-19,value,52.6266666666667,139,2021,2020-05-19
2021-05-20,value,52.4825,140,2021,2020-05-20
2021-05-21,value,51.26,141,2021,2020-05-21
2021-05-22,value,51.26,142,2021,2020-05-22
2021-05-23,value,51.26,143,2021,2020-05-23
2021-05-24,value,51.26,144,2021,2020-05-24
2021-05-25,value,51.3725,145,2021,2020-05-25
2021-05-26,value,52.2825,146,2021,2020-05-26
2021-05-27,value,52.185,147,2021,2020-05-27
2021-05-28,value,52.2775,148,2021,2020-05-28
2021-05-29,value,52.2775,149,2021,2020-05-29
2021-05-30,value,52.2775,150,2021,2020-05-30
2021-05-31,value,52.114,151,2021,2020-05-31
2021-06-01,value,51.872,152,2021,2020-06-01
2021-06-02,value,51.584,153,2021,2020-06-02
2021-06-03,value,51.298,154,2021,2020-06-03
2021-06-04,value,50.968,155,2021,2020-06-04
2021-06-05,value,50.968,156,2021,2020-06-05
2021-06-06,value,50.968,157,2021,2020-06-06
2021-06-07,value,51.04,158,2021,2020-06-07
2021-06-08,value,51.122,159,2021,2020-06-08
2021-06-09,value,51.486,160,2021,2020-06-09
2021-06-10,value,51.98,161,2021,2020-06-10
2021-06-11,value,52.486,162,2021,2020-06-11
2021-06-12,value,52.486,163,2021,2020-06-12
2021-06-13,value,52.486,164,2021,2020-06-13
2021-06-14,value,52.616,165,2021,2020-06-14
2021-06-15,value,52.432,166,2021,2020-06-15
2021-06-16,value,52.004,167,2021,2020-06-16
2021-06-17,value,51.69,168,2021,2020-06-17
2021-06-18,value,51.546,169,2021,2020-06-18
2021-06-19,value,51.546,170,2021,2020-06-19
2021-06-20,value,51.546,171,2021,2020-06-20
2021-06-21,value,51.482,172,2021,2020-06-21
2021-06-22,value,51.902,173,2021,2020-06-22
2021-06-23,value,52.576,174,2021,2020-06-23
2021-06-24,value,53.32,175,2021,2020-06-24
2021-06-25,value,53.976,176,2021,2020-06-25
2021-06-26,value,53.976,177,2021,2020-06-26
2021-06-27,value,53.976,178,2021,2020-06-27
2021-06-28,value,54.616,179,2021,2020-06-28
2021-06-29,value,55.004,180,2021,2020-06-29
2021-06-30,value,55.442,181,2021,2020-06-30
2021-07-01,value,56.056,182,2021,2020-07-01
2021-07-02,value,56.5,183,2021,2020-07-02
2021-07-03,value,56.5,184,2021,2020-07-03
2021-07-04,value,56.5,185,2021,2020-07-04
2021-07-05,value,56.984,186,2021,2020-07-05
2021-07-06,value,56.504,187,2021,2020-07-06
2021-07-07,value,55.758,188,2021,2020-07-07
2021-07-08,value,54.712,189,2021,2020-07-08
2021-07-09,value,54.042,190,2021,2020-07-09
2021-07-10,value,54.042,191,2021,2020-07-10
2021-07-11,value,54.042,192,2021,2020-07-11
2021-07-12,value,52.838,193,2021,2020-07-12
2021-07-13,value,52.856,194,2021,2020-07-13
2021-07-14,value,52.746,195,2021,2020-07-14
2021-07-15,value,52.76,196,2021,2020-07-15
2021-07-16,value,52.582,197,2021,2020-07-16
2021-07-17,value,52.582,198,2021,2020-07-17
2021-07-18,value,52.582,199,2021,2020-07-18
2021-07-19,value,52.712,200,2021,2020-07-19
2021-07-20,value,52.392,201,2021,2020-07-20
2021-07-21,value,52.32,202,2021,2020-07-21
2021-07-22,value,51.806,203,2021,2020-07-22
2021-07-23,value,51.354,204,2021,2020-07-23
2021-07-24,value,51.354,205,2021,2020-07-24
2021-07-25,value,51.354,206,2021,2020-07-25
2021-07-26,value,51.492,207,2021,2020-07-26
2021-07-27,value,51.818,208,2021,2020-07-27
2021-07-28,value,52.178,209,2021,2020-07-28
2021-07-29,value,52.91,210,2021,2020-07-29
2021-07-30,value,53.382,211,2021,2020-07-30
2021-07-31,value,53.382,212,2021,2020-07-31
2021-08-01,value,53.382,213,2021,2020-08-01
2021-08-02,value,53.41,214,2021,2020-08-02
2021-08-03,value,53.454,215,2021,2020-08-03
2021-08-04,value,53.354,216,2021,2020-08-04
2021-08-05,value,53.806,217,2021,2020-08-05
2021-08-06,value,54.532,218,2021,2020-08-06
2021-08-07,value,54.532,219,2021,2020-08-07
2021-08-08,value,54.532,220,2021,2020-08-08
2021-08-09,value,55.248,221,2021,2020-08-09
2021-08-10,value,56.014,222,2021,2020-08-10
2021-08-11,value,56.97,223,2021,2020-08-11
2021-08-12,value,56.936,224,2021,2020-08-12
2021-08-13,value,56.636,225,2021,2020-08-13
2021-08-14,value,56.636,226,2021,2020-08-14
2021-08-15,value,56.636,227,2021,2020-08-15
2021-08-16,value,56.844,228,2021,2020-08-16
2021-08-17,value,56.816,229,2021,2020-08-17
2021-08-18,value,56.5,230,2021,2020-08-18
2021-08-19,value,56.084,231,2021,2020-08-19
2021-08-20,value,55.838,232,2021,2020-08-20
2021-08-21,value,55.838,233,2021,2020-08-21
2021-08-22,value,55.838,234,2021,2020-08-22
2021-08-23,value,55.378,235,2021,2020-08-23
2021-08-24,value,55.342,236,2021,2020-08-24
2021-08-25,value,55.348,237,2021,2020-08-25
2021-08-26,value,55.946,238,2021,2020-08-26
2021-08-27,value,57.086,239,2021,2020-08-27
2021-08-28,value,57.086,240,2021,2020-08-28
2021-08-29,value,57.086,241,2021,2020-08-29
2021-08-30,value,58.088,242,2021,2020-08-30
2021-08-31,value,58.828,243,2021,2020-08-31
2021-09-01,value,59.526,244,2021,2020-09-01
2021-09-02,value,60.422,245,2021,2020-09-02
2021-09-03,value,60.798,246,2021,2020-09-03
2021-09-04,value,60.798,247,2021,2020-09-04
2021-09-05,value,60.798,248,2021,2020-09-05
2021-09-06,value,61.132,249,2021,2020-09-06
2021-09-07,value,61.464,250,2021,2020-09-07
2021-09-08,value,62.026,251,2021,2020-09-08
2021-09-09,value,62.3,252,2021,2020-09-09
2021-09-10,value,62.202,253,2021,2020-09-10
2021-09-11,value,62.202,254,2021,2020-09-11
2021-09-12,value,62.202,255,2021,2020-09-12
2021-09-13,value,62.04,256,2021,2020-09-13
2021-09-14,value,61.58,257,2021,2020-09-14
2021-09-15,value,60.9,258,2021,2020-09-15
2021-09-16,value,60.178,259,2021,2020-09-16
2021-09-17,value,59.814,260,2021,2020-09-17
2021-09-18,value,59.814,261,2021,2020-09-18
2021-09-19,value,59.814,262,2021,2020-09-19
2021-09-20,value,59.618,263,2021,2020-09-20
2021-09-21,value,59.686,264,2021,2020-09-21
2021-09-22,value,59.91,265,2021,2020-09-22
2021-09-23,value,60.196,266,2021,2020-09-23
2021-09-24,value,61.046,267,2021,2020-09-24
2021-09-25,value,61.046,268,2021,2020-09-25
2021-09-26,value,61.046,269,2021,2020-09-26
2021-09-27,value,61.884,270,2021,2020-09-27
2021-09-28,value,62.27,271,2021,2020-09-28
2021-09-29,value,62.674,272,2021,2020-09-29
2021-09-30,value,62.898,273,2021,2020-09-30
2021-10-01,value,62.714,274,2021,2020-10-01
2021-10-02,value,62.714,275,2021,2020-10-02
2021-10-03,value,62.714,276,2021,2020-10-03
2021-10-04,value,62.486,277,2021,2020-10-04
2021-10-05,value,62.916,278,2021,2020-10-05
2021-10-06,value,62.376,279,2021,2020-10-06
2021-10-07,value,62.118,280,2021,2020-10-07
2021-10-08,value,61.166,281,2021,2020-10-08
2021-10-09,value,61.166,282,2021,2020-10-09
2021-10-10,value,61.166,283,2021,2020-10-10
2021-10-11,value,60.282,284,2021,2020-10-11
2021-10-12,value,59.288,285,2021,2020-10-12
2021-10-13,value,59.16,286,2021,2020-10-13
2021-10-14,value,59.356,287,2021,2020-10-14
2021-10-15,value,59.432,288,2021,2020-10-15
2021-10-16,value,59.432,289,2021,2020-10-16
2021-10-17,value,59.432,290,2021,2020-10-17
2021-10-18,value,59.102,291,2021,2020-10-18
2021-10-19,value,58.284,292,2021,2020-10-19
2021-10-20,value,57.98,293,2021,2020-10-20
2021-10-21,value,57.346,294,2021,2020-10-21
2021-10-22,value,57.484,295,2021,2020-10-22
2021-10-23,value,57.484,296,2021,2020-10-23
2021-10-24,value,57.484,297,2021,2020-10-24
2021-10-25,value,57.862,298,2021,2020-10-25
2021-10-26,value,58.786,299,2021,2020-10-26
2021-10-27,value,59.226,300,2021,2020-10-27
2021-10-28,value,59.334,301,2021,2020-10-28
2021-10-29,value,59.278,302,2021,2020-10-29
2021-10-30,value,59.278,303,2021,2020-10-30
2021-10-31,value,59.278,304,2021,2020-10-31
2021-11-01,value,58.786,305,2021,2020-11-01
2021-11-02,value,58.722,306,2021,2020-11-02
2021-11-03,value,58.692,307,2021,2020-11-03
2021-11-04,value,58.92,308,2021,2020-11-04
2021-11-05,value,59.088,309,2021,2020-11-05
2021-11-06,value,59.088,310,2021,2020-11-06
2021-11-07,value,59.088,311,2021,2020-11-07
2021-11-08,value,59.854,312,2021,2020-11-08
2021-11-09,value,60.018,313,2021,2020-11-09
2021-11-10,value,60.666,314,2021,2020-11-10
2021-11-11,value,61.436,315,2021,2020-11-11
2021-11-12,value,62.186,316,2021,2020-11-12
2021-11-13,value,62.186,317,2021,2020-11-13
2021-11-14,value,62.186,318,2021,2020-11-14
2021-11-15,value,63.392,319,2021,2020-11-15
2021-11-16,value,64.884,320,2021,2020-11-16
2021-11-17,value,65.726,321,2021,2020-11-17
2021-11-18,value,66.728,322,2021,2020-11-18
2021-11-19,value,68.012,323,2021,2020-11-19
2021-11-20,value,68.012,324,2021,2020-11-20
2021-11-21,value,68.012,325,2021,2020-11-21
2021-11-22,value,68.602,326,2021,2020-11-22
2021-11-23,value,68.924,327,2021,2020-11-23
2021-11-24,value,70.096,328,2021,2020-11-24
2021-11-25,value,71.346,329,2021,2020-11-25
2021-11-26,value,71.888,330,2021,2020-11-26
2021-11-27,value,71.888,331,2021,2020-11-27
2021-11-28,value,71.888,332,2021,2020-11-28
2021-11-29,value,72.766,333,2021,2020-11-29
2021-11-30,value,73.952,334,2021,2020-11-30
2021-12-01,value,74.676,335,2021,2020-12-01
2021-12-02,value,75.676,336,2021,2020-12-02
2021-12-03,value,76.936,337,2021,2020-12-03
2021-12-04,value,76.936,338,2021,2020-12-04
2021-12-05,value,76.936,339,2021,2020-12-05
2021-12-06,value,78.428,340,2021,2020-12-06
2021-12-07,value,80.442,341,2021,2020-12-07
2021-12-08,value,83.036,342,2021,2020-12-08
2021-12-09,value,83.166,343,2021,2020-12-09
2021-12-10,value,84.046,344,2021,2020-12-10
2021-12-11,value,84.046,345,2021,2020-12-11
2021-12-12,value,84.046,346,2021,2020-12-12
2021-12-13,value,84.1,347,2021,2020-12-13
2021-12-14,value,83.018,348,2021,2020-12-14
2021-12-15,value,81.126,349,2021,2020-12-15
2021-12-16,value,81.888,350,2021,2020-12-16
2021-12-17,value,79.978,351,2021,2020-12-17
2021-12-18,value,79.978,352,2021,2020-12-18
2021-12-19,value,79.978,353,2021,2020-12-19
2021-12-20,value,79.752,354,2021,2020-12-20
2021-12-21,value,79.476,355,2021,2020-12-21
2021-12-22,value,78.818,356,2021,2020-12-22
2021-12-23,value,76.728,357,2021,2020-12-23
2021-12-24,value,77.5025,358,2021,2020-12-24
2021-12-25,value,77.5025,359,2021,2020-12-25
2021-12-26,value,77.5025,360,2021,2020-12-26
2021-12-27,value,76.3425,361,2021,2020-12-27
2021-12-28,value,76.29,362,2021,2020-12-28
2021-12-29,value,76.96,363,2021,2020-12-29
2021-12-30,value,78.345,364,2021,2020-12-30
2021-12-31,value,78.345,365,2021,2020-12-31
2022-01-01,value,78.345,1,2022,2020-01-01
2022-01-02,value,78.345,2,2022,2020-01-02
2022-01-03,value,80.215,3,2022,2020-01-03
2022-01-04,value,82.0575,4,2022,2020-01-04
2022-01-05,value,84.0575,5,2022,2020-01-05
2022-01-06,value,85.845,6,2022,2020-01-06
2022-01-07,value,85.688,7,2022,2020-01-07
2022-01-08,value,85.688,8,2022,2020-01-08
2022-01-09,value,85.688,9,2022,2020-01-09
2022-01-10,value,85.228,10,2022,2020-01-10
2022-01-11,value,84.454,11,2022,2020-01-11
2022-01-12,value,82.998,12,2022,2020-01-12
2022-01-13,value,81.868,13,2022,2020-01-13
2022-01-14,value,81.292,14,2022,2020-01-14
2022-01-15,value,81.292,15,2022,2020-01-15
2022-01-16,value,81.292,16,2022,2020-01-16
2022-01-17,value,81.006,17,2022,2020-01-17
2022-01-18,value,81.136,18,2022,2020-01-18
2022-01-19,value,81.354,19,2022,2020-01-19
2022-01-20,value,82.212,20,2022,2020-01-20
2022-01-21,value,82.608,21,2022,2020-01-21
2022-01-22,value,82.608,22,2022,2020-01-22
2022-01-23,value,82.608,23,2022,2020-01-23
2022-01-24,value,83.304,24,2022,2020-01-24
2022-01-25,value,84.218,25,2022,2020-01-25
2022-01-26,value,85.648,26,2022,2020-01-26
2022-01-27,value,86.398,27,2022,2020-01-27
2022-01-28,value,87.4,28,2022,2020-01-28
2022-01-29,value,87.4,29,2022,2020-01-29
2022-01-30,value,87.4,30,2022,2020-01-30
2022-01-31,value,88.612,31,2022,2020-01-31
2022-02-01,value,89.082,32,2022,2020-02-01
2022-02-02,value,90.152,33,2022,2020-02-02
2022-02-03,value,91.14,34,2022,2020-02-03
2022-02-04,value,92.486,35,2022,2020-02-04
2022-02-05,value,92.486,36,2022,2020-02-05
2022-02-06,value,92.486,37,2022,2020-02-06
2022-02-07,value,93.772,38,2022,2020-02-07
2022-02-08,value,94.948,39,2022,2020-02-08
2022-02-09,value,94.45,40,2022,2020-02-09
2022-02-10,value,93.806,41,2022,2020-02-10
2022-02-11,value,93.056,42,2022,2020-02-11
2022-02-12,value,93.056,43,2022,2020-02-12
2022-02-13,value,93.056,44,2022,2020-02-13
2022-02-14,value,92.208,45,2022,2020-02-14
2022-02-15,value,91.13,46,2022,2020-02-15
2022-02-16,value,90.71,47,2022,2020-02-16
2022-02-17,value,89.728,48,2022,2020-02-17
2022-02-18,value,89.028,49,2022,2020-02-18
2022-02-19,value,89.028,50,2022,2020-02-19
2022-02-20,value,89.028,51,2022,2020-02-20
2022-02-21,value,88.514,52,2022,2020-02-21
2022-02-22,value,88.378,53,2022,2020-02-22
2022-02-23,value,89.416,54,2022,2020-02-23
2022-02-24,value,89.59,55,2022,2020-02-24
2022-02-25,value,89.326,56,2022,2020-02-25
2022-02-26,value,89.326,57,2022,2020-02-26
2022-02-27,value,89.326,58,2022,2020-02-27
2022-02-28,value,87.996,59,2022,2020-02-28
2022-03-01,value,84.026,60,2022,2020-03-01
2022-03-02,value,78.64,61,2022,2020-03-02
2022-03-03,value,74.644,62,2022,2020-03-03
2022-03-04,value,70.278,63,2022,2020-03-04
2022-03-05,value,70.278,64,2022,2020-03-05
2022-03-06,value,70.278,65,2022,2020-03-06
2022-03-07,value,65.414,66,2022,2020-03-07
2022-03-08,value,65.146,67,2022,2020-03-08
2022-03-09,value,66.016,68,2022,2020-03-09
2022-03-10,value,67.508,69,2022,2020-03-10
2022-03-11,value,69.684,70,2022,2020-03-11
2022-03-12,value,69.684,71,2022,2020-03-12
2022-03-13,value,69.684,72,2022,2020-03-13
2022-03-14,value,73.504,73,2022,2020-03-14
2022-03-15,value,75.404,74,2022,2020-03-15
2022-03-16,value,76.696,75,2022,2020-03-16
2022-03-17,value,77.73,76,2022,2020-03-17
2022-03-18,value,78.086,77,2022,2020-03-18
2022-03-19,value,78.086,78,2022,2020-03-19
2022-03-20,value,78.086,79,2022,2020-03-20
2022-03-21,value,78.44,80,2022,2020-03-21
2022-03-22,value,78.944,81,2022,2020-03-22
2022-03-23,value,78.486,82,2022,2020-03-23
2022-03-24,value,78.302,83,2022,2020-03-24
2022-03-25,value,78.368,84,2022,2020-03-25
2022-03-26,value,78.368,85,2022,2020-03-26
2022-03-27,value,78.368,86,2022,2020-03-27
2022-03-28,value,78.654,87,2022,2020-03-28
2022-03-29,value,78.872,88,2022,2020-03-29
2022-03-30,value,79.318,89,2022,2020-03-30
2022-03-31,value,78.992,90,2022,2020-03-31
2022-04-01,value,78.906,91,2022,2020-04-01
2022-04-02,value,78.906,92,2022,2020-04-02
2022-04-03,value,78.906,93,2022,2020-04-03
2022-04-04,value,78.596,94,2022,2020-04-04
2022-04-05,value,78.01,95,2022,2020-04-05
2022-04-06,value,77.784,96,2022,2020-04-06
2022-04-07,value,78.366,97,2022,2020-04-07
2022-04-08,value,78.71,98,2022,2020-04-08
2022-04-09,value,78.71,99,2022,2020-04-09
2022-04-10,value,78.71,100,2022,2020-04-10
2022-04-11,value,78.49,101,2022,2020-04-11
2022-04-12,value,78.584,102,2022,2020-04-12
2022-04-13,value,78.698,103,2022,2020-04-13
2022-04-14,value,78.44,104,2022,2020-04-14
2022-04-15,value,77.9933333333333,105,2022,2020-04-15
2022-04-16,value,77.9933333333333,106,2022,2020-04-16
2022-04-17,value,77.9933333333333,107,2022,2020-04-17
2022-04-18,value,78.19,108,2022,2020-04-18
2022-04-19,value,78.81,109,2022,2020-04-19
2022-04-20,value,83.31,110,2022,2020-04-20
2022-04-21,value,84.29,111,2022,2020-04-21
2022-04-22,value,85.3375,112,2022,2020-04-22
2022-04-23,value,85.3375,113,2022,2020-04-23
2022-04-24,value,85.3375,114,2022,2020-04-24
2022-04-25,value,84.956,115,2022,2020-04-25
2022-04-26,value,85.288,116,2022,2020-04-26
2022-04-27,value,84.12,117,2022,2020-04-27
2022-04-28,value,83.49,118,2022,2020-04-28
2022-04-29,value,82.448,119,2022,2020-04-29
2022-04-30,value,82.448,120,2022,2020-04-30
2022-05-01,value,82.448,121,2022,2020-05-01
2022-05-02,value,82.28,122,2022,2020-05-02
2022-05-03,value,83.556,123,2022,2020-05-03
2022-05-04,value,84.888,124,2022,2020-05-04
2022-05-05,value,85.968,125,2022,2020-05-05
2022-05-06,value,87.576,126,2022,2020-05-06
2022-05-07,value,87.576,127,2022,2020-05-07
2022-05-08,value,87.576,128,2022,2020-05-08
2022-05-09,value,88.326,129,2022,2020-05-09
2022-05-10,value,88.15,130,2022,2020-05-10
2022-05-11,value,88.386,131,2022,2020-05-11
2022-05-12,value,88.236,132,2022,2020-05-12
2022-05-13,value,87.588,133,2022,2020-05-13
2022-05-14,value,87.588,134,2022,2020-05-14
2022-05-15,value,87.588,135,2022,2020-05-15
2022-05-16,value,88.276,136,2022,2020-05-16
2022-05-17,value,88.5725,137,2022,2020-05-17
2022-05-18,value,87.4625,138,2022,2020-05-18
2022-05-19,value,86.1775,139,2022,2020-05-19
2022-05-20,value,84.1425,140,2022,2020-05-20
2022-05-21,value,84.1425,141,2022,2020-05-21
2022-05-22,value,84.1425,142,2022,2020-05-22
2022-05-23,value,81.07,143,2022,2020-05-23
2022-05-24,value,80.956,144,2022,2020-05-24
2022-05-25,value,80.328,145,2022,2020-05-25
2022-05-26,value,79.7575,146,2022,2020-05-26
2022-05-27,value,80.66,147,2022,2020-05-27
2022-05-28,value,80.66,148,2022,2020-05-28
2022-05-29,value,80.66,149,2022,2020-05-29
2022-05-30,value,81.99,150,2022,2020-05-30
2022-05-31,value,82.765,151,2022,2020-05-31
2022-06-01,value,83.965,152,2022,2020-06-01
2022-06-02,value,84.332,153,2022,2020-06-02
2022-06-03,value,84.962,154,2022,2020-06-03
2022-06-04,value,84.962,155,2022,2020-06-04
2022-06-05,value,84.962,156,2022,2020-06-05
2022-06-06,value,85.5,157,2022,2020-06-06
2022-06-07,value,84.7375,158,2022,2020-06-07
2022-06-08,value,83.24,159,2022,2020-06-08
2022-06-09,value,81.975,160,2022,2020-06-09
2022-06-10,value,80.8225,161,2022,2020-06-10
2022-06-11,value,80.8225,162,2022,2020-06-11
2022-06-12,value,80.8225,163,2022,2020-06-12
2022-06-13,value,80.946,164,2022,2020-06-13
2022-06-14,value,81.572,165,2022,2020-06-14
2022-06-15,value,82.782,166,2022,2020-06-15
2022-06-16,value,83.188,167,2022,2020-06-16
2022-06-17,value,83.136,168,2022,2020-06-17
2022-06-18,value,83.136,169,2022,2020-06-18
2022-06-19,value,83.136,170,2022,2020-06-19
2022-06-20,value,83.57,171,2022,2020-06-20
2022-06-21,value,83.67,172,2022,2020-06-21
2022-06-22,value,82.742,173,2022,2020-06-22
2022-06-23,value,82.934,174,2022,2020-06-23
2022-06-24,value,83.232,175,2022,2020-06-24
2022-06-25,value,83.232,176,2022,2020-06-25
2022-06-26,value,83.232,177,2022,2020-06-26
2022-06-27,value,83.332,178,2022,2020-06-27
2022-06-28,value,84.016,179,2022,2020-06-28
2022-06-29,value,85.388,180,2022,2020-06-29
2022-06-30,value,86.442,181,2022,2020-06-30
2022-07-01,value,86.91,182,2022,2020-07-01
2022-07-02,value,86.91,183,2022,2020-07-02
2022-07-03,value,86.91,184,2022,2020-07-03
2022-07-04,value,86.944,185,2022,2020-07-04
2022-07-05,value,85.894,186,2022,2020-07-05
2022-07-06,value,84.914,187,2022,2020-07-06
2022-07-07,value,83.92,188,2022,2020-07-07
2022-07-08,value,83.256,189,2022,2020-07-08
2022-07-09,value,83.256,190,2022,2020-07-09
2022-07-10,value,83.256,191,2022,2020-07-10
2022-07-11,value,83.19,192,2022,2020-07-11
2022-07-12,value,83.838,193,2022,2020-07-12
2022-07-13,value,83.836,194,2022,2020-07-13
2022-07-14,value,83.704,195,2022,2020-07-14
2022-07-15,value,84.21,196,2022,2020-07-15
2022-07-16,value,84.21,197,2022,2020-07-16
2022-07-17,value,84.21,198,2022,2020-07-17
2022-07-18,value,84.216,199,2022,2020-07-18
2022-07-19,value,83.688,200,2022,2020-07-19
2022-07-20,value,82.764,201,2022,2020-07-20
2022-07-21,value,81.64,202,2022,2020-07-21
2022-07-22,value,79.828,203,2022,2020-07-22
2022-07-23,value,79.828,204,2022,2020-07-23
2022-07-24,value,79.828,205,2022,2020-07-24
2022-07-25,value,78.226,206,2022,2020-07-25
2022-07-26,value,76.904,207,2022,2020-07-26
2022-07-27,value,76.358,208,2022,2020-07-27
2022-07-28,value,76.482,209,2022,2020-07-28
2022-07-29,value,76.98,210,2022,2020-07-29
2022-07-30,value,76.98,211,2022,2020-07-30
2022-07-31,value,76.98,212,2022,2020-07-31
2022-08-01,value,77.838,213,2022,2020-08-01
2022-08-02,value,78.856,214,2022,2020-08-02
2022-08-03,value,80.346,215,2022,2020-08-03
2022-08-04,value,81.468,216,2022,2020-08-04
2022-08-05,value,82.744,217,2022,2020-08-05
2022-08-06,value,82.744,218,2022,2020-08-06
2022-08-07,value,82.744,219,2022,2020-08-07
2022-08-08,value,83.484,220,2022,2020-08-08
2022-08-09,value,84.21,221,2022,2020-08-09
2022-08-10,value,84.642,222,2022,2020-08-10
2022-08-11,value,85.196,223,2022,2020-08-11
2022-08-12,value,85.994,224,2022,2020-08-12
2022-08-13,value,85.994,225,2022,2020-08-13
2022-08-14,value,85.994,226,2022,2020-08-14
2022-08-15,value,87.256,227,2022,2020-08-15
2022-08-16,value,88.652,228,2022,2020-08-16
2022-08-17,value,90.732,229,2022,2020-08-17
2022-08-18,value,92.59,230,2022,2020-08-18
2022-08-19,value,94.448,231,2022,2020-08-19
2022-08-20,value,94.448,232,2022,2020-08-20
2022-08-21,value,94.448,233,2022,2020-08-21
2022-08-22,value,94.914,234,2022,2020-08-22
2022-08-23,value,94.398,235,2022,2020-08-23
2022-08-24,value,93.052,236,2022,2020-08-24
2022-08-25,value,91.462,237,2022,2020-08-25
2022-08-26,value,89.86,238,2022,2020-08-26
2022-08-27,value,89.86,239,2022,2020-08-27
2022-08-28,value,89.86,240,2022,2020-08-28
2022-08-29,value,88.492,241,2022,2020-08-29
2022-08-30,value,86.774,242,2022,2020-08-30
2022-08-31,value,84.966,243,2022,2020-08-31
2022-09-01,value,83.456,244,2022,2020-09-01
2022-09-02,value,80.958,245,2022,2020-09-02
2022-09-03,value,80.958,246,2022,2020-09-03
2022-09-04,value,80.958,247,2022,2020-09-04
2022-09-05,value,78.5,248,2022,2020-09-05
2022-09-06,value,76.156,249,2022,2020-09-06
2022-09-07,value,73.918,250,2022,2020-09-07
2022-09-08,value,71.18,251,2022,2020-09-08
2022-09-09,value,68.826,252,2022,2020-09-09
2022-09-10,value,68.826,253,2022,2020-09-10
2022-09-11,value,68.826,254,2022,2020-09-11
2022-09-12,value,68.456,255,2022,2020-09-12
2022-09-13,value,68.592,256,2022,2020-09-13
2022-09-14,value,69.126,257,2022,2020-09-14
2022-09-15,value,70.082,258,2022,2020-09-15
2022-09-16,value,71.5,259,2022,2020-09-16
2022-09-17,value,71.5,260,2022,2020-09-17
2022-09-18,value,71.5,261,2022,2020-09-18
2022-09-19,value,71.188,262,2022,2020-09-19
2022-09-20,value,71.358,263,2022,2020-09-20
2022-09-21,value,70.938,264,2022,2020-09-21
2022-09-22,value,70.542,265,2022,2020-09-22
2022-09-23,value,69.138,266,2022,2020-09-23
2022-09-24,value,69.138,267,2022,2020-09-24
2022-09-25,value,69.138,268,2022,2020-09-25
2022-09-26,value,69.062,269,2022,2020-09-26
2022-09-27,value,68.488,270,2022,2020-09-27
2022-09-28,value,68.2225,271,2022,2020-09-28
2022-09-29,value,67.165,272,2022,2020-09-29
2022-09-30,value,67.2175,273,2022,2020-09-30
2022-10-01,value,67.2175,274,2022,2020-10-01
2022-10-02,value,67.2175,275,2022,2020-10-02
2022-10-03,value,66.21,276,2022,2020-10-03
2022-10-04,value,66.045,277,2022,2020-10-04
2022-10-05,value,66.17,278,2022,2020-10-05
2022-10-06,value,66.85,279,2022,2020-10-06
