year,date20,value
2019,2020-01-01,0.690586047896509
2019,2020-01-02,0.610057650746306
2019,2020-01-03,0.399936003226506
2019,2020-01-04,0.0952809084327877
2019,2020-01-05,-0.0757439282901839
2019,2020-01-06,-0.198859502473166
2019,2020-01-07,-0.300592967641911
2019,2020-01-08,-0.289092159803606
2019,2020-01-09,-0.25428665103757
2019,2020-01-10,-0.168870277706565
2019,2020-01-11,-0.124719868518429
2019,2020-01-12,0.0530817810114288
2019,2020-01-13,0.281952810425942
2019,2020-01-14,0.424299043803034
2019,2020-01-15,0.472706775865821
2019,2020-01-16,0.551772420455968
2019,2020-01-17,0.653842877579966
2019,2020-01-18,0.617786316371875
2019,2020-01-19,0.235185685954621
2019,2020-01-20,-0.0992793634663068
2019,2020-01-21,-0.368636509994015
2019,2020-01-22,-0.597137551357828
2019,2020-01-23,-0.806591827074189
2019,2020-01-24,-1.00150813970155
2019,2020-01-25,-1.2432014745738
2019,2020-01-26,-1.33536817915147
2019,2020-01-27,-1.42057760414887
2019,2020-01-28,-1.50896056589906
2019,2020-01-29,-1.66001141856385
2019,2020-01-30,-1.74594837132248
2019,2020-01-31,-1.72466983036079
2019,2020-02-01,-1.59209890966746
2019,2020-02-02,-1.41013778305765
2019,2020-02-03,-1.35899682679637
2019,2020-02-04,-1.37316413779136
2019,2020-02-05,-1.49591282521079
2019,2020-02-06,-1.58577823219463
2019,2020-02-07,-1.59763444454439
2019,2020-02-08,-1.4424125135025
2019,2020-02-09,-1.3934687642472
2019,2020-02-10,-1.37131288535034
2019,2020-02-11,-1.35398898138931
2019,2020-02-12,-1.33593154983987
2019,2020-02-13,-1.31400277742092
2019,2020-02-14,-1.28208642979515
2019,2020-02-15,-1.16522149451268
2019,2020-02-16,-0.897186849209203
2019,2020-02-17,-0.643826536336283
2019,2020-02-18,-0.391326533399205
2019,2020-02-19,-0.039300260111589
2019,2020-02-20,0.326919527524557
2019,2020-02-21,0.680095543482931
2019,2020-02-22,1.00716580161723
2019,2020-02-23,1.03211567258753
2019,2020-02-24,1.04473558483117
2019,2020-02-25,1.23811367347012
2019,2020-02-26,1.5454891503847
2019,2020-02-27,1.87374842958661
2019,2020-02-28,2.29439296994529
2019,2020-03-01,2.52911896827328
2019,2020-03-02,2.50561450502916
2019,2020-03-03,2.67841036845299
2019,2020-03-04,2.99156406402291
2019,2020-03-05,3.30199451481278
2019,2020-03-06,3.63397645107898
2019,2020-03-07,3.99754197850224
2019,2020-03-08,4.2081697022223
2019,2020-03-09,4.39040045170209
2019,2020-03-10,4.5874280300637
2019,2020-03-11,4.61719602671039
2019,2020-03-12,4.67504405361593
2019,2020-03-13,4.74383105200257
2019,2020-03-14,4.78850224424031
2019,2020-03-15,4.90286230843226
2019,2020-03-16,5.09180693801657
2019,2020-03-17,5.29647680484521
2019,2020-03-18,5.32777785660695
2019,2020-03-19,5.27522288745138
2019,2020-03-20,5.19864424324829
2019,2020-03-21,5.14305723739018
2019,2020-03-22,5.24062686127412
2019,2020-03-23,5.59950769060752
2019,2020-03-24,5.945150813497
2019,2020-03-25,5.96971157192617
2019,2020-03-26,5.85036200003359
2019,2020-03-27,5.76013250383032
2019,2020-03-28,5.66185424325812
2019,2020-03-29,5.65948371731361
2019,2020-03-30,5.78870800145606
2019,2020-03-31,5.88579183364318
2019,2020-04-01,5.92847249756073
2019,2020-04-02,6.08328655230719
2019,2020-04-03,6.23847685156514
2019,2020-04-04,6.28500604190428
2019,2020-04-05,6.29513200453674
2019,2020-04-06,6.32542423113892
2019,2020-04-07,6.3526754788814
2019,2020-04-08,6.57731457837848
2019,2020-04-09,6.87408190693125
2019,2020-04-10,7.04143082839047
2019,2020-04-11,7.10576788815005
2019,2020-04-12,7.07417288746914
2019,2020-04-13,6.96082992112278
2019,2020-04-14,6.81178841017334
2019,2020-04-15,6.9489711450379
2019,2020-04-16,7.14727051230029
2019,2020-04-17,7.39380580062108
2019,2020-04-18,7.63702023985478
2019,2020-04-19,7.81900634646505
2019,2020-04-20,7.95066669230746
2019,2020-04-21,8.05721046227842
2019,2020-04-22,8.30538235984931
2019,2020-04-23,8.54939788378807
2019,2020-04-24,8.93147849067815
2019,2020-04-25,9.30478886247397
2019,2020-04-26,9.53071283852853
2019,2020-04-27,9.57675735970454
2019,2020-04-28,9.49627328486181
2019,2020-04-29,9.40628910372663
2019,2020-04-30,9.3123393442449
2019,2020-05-01,9.30809521488756
2019,2020-05-02,9.42134093104958
2019,2020-05-03,9.5017945481539
2019,2020-05-04,9.50213964950044
2019,2020-05-05,9.2833399108235
2019,2020-05-06,9.1108830207166
2019,2020-05-07,8.96866436403099
2019,2020-05-08,9.03866117674349
2019,2020-05-09,9.18214274342839
2019,2020-05-10,9.41291586597726
2019,2020-05-11,9.64147283658042
2019,2020-05-12,9.74299665308294
2019,2020-05-13,9.74525440384978
2019,2020-05-14,9.66863340098906
2019,2020-05-15,9.5226813908452
2019,2020-05-16,9.4157135331123
2019,2020-05-17,9.36032525958763
2019,2020-05-18,9.36448418701048
2019,2020-05-19,9.40589074762429
2019,2020-05-20,9.36872094624201
2019,2020-05-21,9.39064088238963
2019,2020-05-22,9.29977702322624
2019,2020-05-23,9.153936829036
2019,2020-05-24,9.18492757272146
2019,2020-05-25,9.39457902557973
2019,2020-05-26,9.70075704390227
2019,2020-05-27,9.98598453131103
2019,2020-05-28,10.1729016256734
2019,2020-05-29,10.1554352164983
2019,2020-05-30,10.0855970403357
2019,2020-05-31,10.2386928312565
2019,2020-06-01,10.5717716380177
2019,2020-06-02,11.1435590545447
2019,2020-06-03,11.6731497507098
2019,2020-06-04,12.1487787716414
2019,2020-06-05,12.5246392918833
2019,2020-06-06,12.814820366324
2019,2020-06-07,13.0896482228734
2019,2020-06-08,13.3220990057092
2019,2020-06-09,13.7466649144276
2019,2020-06-10,14.2411468839645
2019,2020-06-11,14.8102659985262
2019,2020-06-12,15.4044462355722
2019,2020-06-13,15.893828227111
2019,2020-06-14,16.3418079965288
2019,2020-06-15,16.7198879357531
2019,2020-06-16,16.8989479001859
2019,2020-06-17,17.1620357907703
2019,2020-06-18,17.4882701139837
2019,2020-06-19,17.7896133166396
2019,2020-06-20,18.0353723053928
2019,2020-06-21,18.2138073985653
2019,2020-06-22,18.3194054570456
2019,2020-06-23,18.3912148750751
2019,2020-06-24,18.6323983965977
2019,2020-06-25,19.0267478766053
2019,2020-06-26,19.579822166231
2019,2020-06-27,20.0986658447265
2019,2020-06-28,20.3738040614395
2019,2020-06-29,20.5133851853829
2019,2020-06-30,20.7083564707778
2019,2020-07-01,20.866008381924
2019,2020-07-02,20.8929950175593
2019,2020-07-03,20.8517448432314
2019,2020-07-04,20.8985097116281
2019,2020-07-05,20.9505408332435
2019,2020-07-06,21.1323410198894
2019,2020-07-07,21.1284594706936
2019,2020-07-08,20.9450912208123
2019,2020-07-09,20.7273222990718
2019,2020-07-10,20.5064364568574
2019,2020-07-11,20.3244981532611
2019,2020-07-12,20.0754579005239
2019,2020-07-13,19.7781552287252
2019,2020-07-14,19.6795436134054
2019,2020-07-15,19.5775747585846
2019,2020-07-16,19.4807675349992
2019,2020-07-17,19.4164939902606
2019,2020-07-18,19.3946088240379
2019,2020-07-19,19.4136611728066
2019,2020-07-20,19.5636337721184
2019,2020-07-21,19.6615418914699
2019,2020-07-22,19.68270699147
2019,2020-07-23,19.6807776771895
2019,2020-07-24,19.6321156719149
2019,2020-07-25,19.614179314214
2019,2020-07-26,19.7291586923969
2019,2020-07-27,19.6972655961483
2019,2020-07-28,19.4884977956064
2019,2020-07-29,19.3087646481421
2019,2020-07-30,19.3186352938587
2019,2020-07-31,19.3456101542342
2019,2020-08-01,19.3724208744918
2019,2020-08-02,19.2877015619818
2019,2020-08-03,19.0716353476742
2019,2020-08-04,19.0314482251024
2019,2020-08-05,19.1649796963961
2019,2020-08-06,19.3322692047845
2019,2020-08-07,19.5171551505509
2019,2020-08-08,19.6341527783544
2019,2020-08-09,19.8363506269474
2019,2020-08-10,20.0943536619046
2019,2020-08-11,20.2958419985826
2019,2020-08-12,20.4328630035592
2019,2020-08-13,20.3919926792294
2019,2020-08-14,20.2753839103557
2019,2020-08-15,20.1857732531572
2019,2020-08-16,20.0690512130498
2019,2020-08-17,19.9148013825234
2019,2020-08-18,19.991726573622
2019,2020-08-19,19.9652303542899
2019,2020-08-20,19.8496157514713
2019,2020-08-21,19.5595202796326
2019,2020-08-22,19.2799354924648
2019,2020-08-23,19.0786911476093
2019,2020-08-24,19.0848499379418
2019,2020-08-25,19.1213726044913
2019,2020-08-26,19.157943731897
2019,2020-08-27,19.1602559681951
2019,2020-08-28,19.2261258448142
2019,2020-08-29,19.2573704796375
2019,2020-08-30,19.3528552818495
2019,2020-08-31,19.5283821930447
2019,2020-09-01,19.6254298451787
2019,2020-09-02,19.4778308837863
2019,2020-09-03,19.278191386631
2019,2020-09-04,19.0993724985418
2019,2020-09-05,18.9693203788288
2019,2020-09-06,18.6723590495705
2019,2020-09-07,18.3350566251622
2019,2020-09-08,17.9935749864826
2019,2020-09-09,17.6677530878802
2019,2020-09-10,17.5309150438457
2019,2020-09-11,17.4936919565737
2019,2020-09-12,17.4773165734549
2019,2020-09-13,17.5113625847203
2019,2020-09-14,17.459085018042
2019,2020-09-15,17.2408640622004
2019,2020-09-16,17.1563697785724
2019,2020-09-17,17.03326990902
2019,2020-09-18,16.8983350908942
2019,2020-09-19,16.6459489828754
2019,2020-09-20,16.2945934970991
2019,2020-09-21,15.9823071379487
2019,2020-09-22,15.7491088448359
2019,2020-09-23,15.5046897187463
2019,2020-09-24,15.2547744520206
2019,2020-09-25,14.9495422564323
2019,2020-09-26,14.6922044720337
2019,2020-09-27,14.5112209022826
2019,2020-09-28,14.2354568962616
2019,2020-09-29,14.0430298200653
2019,2020-09-30,14.0512345738495
2019,2020-10-01,14.0588617582131
2019,2020-10-02,13.9220797157634
2019,2020-10-03,13.630051062663
2019,2020-10-04,13.4441059780108
2019,2020-10-05,13.325445880204
2019,2020-10-06,13.1842428487665
2019,2020-10-07,13.013431286823
2019,2020-10-08,12.8778061014375
2019,2020-10-09,12.754175253942
2019,2020-10-10,12.5452584549066
2019,2020-10-11,12.2898206458796
2019,2020-10-12,12.0931771339084
2019,2020-10-13,11.9236021180411
2019,2020-10-14,11.7234759286474
2019,2020-10-15,11.6072015105165
2019,2020-10-16,11.5617535387848
2019,2020-10-17,11.5752504042984
2019,2020-10-18,11.6255414873261
2019,2020-10-19,11.5999765553842
2019,2020-10-20,11.5882191638875
2019,2020-10-21,11.5970504327161
2019,2020-10-22,11.5469712318294
2019,2020-10-23,11.5517927946873
2019,2020-10-24,11.5510624333515
2019,2020-10-25,11.419609627595
2019,2020-10-26,11.3188120842988
2019,2020-10-27,11.2018501372685
2019,2020-10-28,10.9584549395328
2019,2020-10-29,10.6621599954748
2019,2020-10-30,10.3994054371588
2019,2020-10-31,10.2460314312657
2019,2020-11-01,10.1356009890109
2019,2020-11-02,10.0713990782555
2019,2020-11-03,10.1651956285115
2019,2020-11-04,10.2775141871145
2019,2020-11-05,10.1839883242795
2019,2020-11-06,10.0124058957727
2019,2020-11-07,9.86660431027927
2019,2020-11-08,9.71210392616302
2019,2020-11-09,9.47988513461885
2019,2020-11-10,9.12912438329223
2019,2020-11-11,8.75874290855038
2019,2020-11-12,8.40423048129419
2019,2020-11-13,8.07465256616146
2019,2020-11-14,7.77365907503221
2019,2020-11-15,7.61094290816238
2019,2020-11-16,7.47860912756505
2019,2020-11-17,7.31412994570609
2019,2020-11-18,7.0410093008156
2019,2020-11-19,6.77073440585537
2019,2020-11-20,6.46639664656406
2019,2020-11-21,6.19213615093411
2019,2020-11-22,5.96891551823003
2019,2020-11-23,5.81843695269367
2019,2020-11-24,5.62014762386094
2019,2020-11-25,5.45853759722113
2019,2020-11-26,5.38015017806647
2019,2020-11-27,5.3945145129223
2019,2020-11-28,5.48479096343115
2019,2020-11-29,5.49995738275879
2019,2020-11-30,5.29217534841197
2019,2020-12-01,4.91908333383182
2019,2020-12-02,4.60976899195485
2019,2020-12-03,4.36726487221524
2019,2020-12-04,4.08558892625737
2019,2020-12-05,3.81373768163393
2019,2020-12-06,3.54080441657629
2019,2020-12-07,3.45589135306793
2019,2020-12-08,3.4761740931819
2019,2020-12-09,3.47281363136084
2019,2020-12-10,3.37952808468381
2019,2020-12-11,3.20927780511575
2019,2020-12-12,3.05855538863881
2019,2020-12-13,2.81042722041329
2019,2020-12-14,2.63773486069765
2019,2020-12-15,2.43620293637803
2019,2020-12-16,2.33762822021558
2019,2020-12-17,2.35647009706966
2019,2020-12-18,2.39168443387502
2019,2020-12-19,2.40821484359428
2019,2020-12-20,2.51378277959939
2019,2020-12-21,2.4745040741826
2019,2020-12-22,2.34208600562601
2019,2020-12-23,2.3400647258237
2019,2020-12-24,2.32373261139532
2019,2020-12-25,2.29493774588277
2019,2020-12-26,2.15053611092847
2019,2020-12-27,2.00421934757381
2019,2020-12-28,1.93226871043294
2019,2020-12-29,1.82261360126873
2019,2020-12-30,1.69684419652582
2019,2020-12-31,1.7597772644466
2020,2020-01-01,1.80029522763238
2020,2020-01-02,1.78918565696831
2020,2020-01-03,1.79326644743514
2020,2020-01-04,1.81721593852814
2020,2020-01-05,1.73620505875358
2020,2020-01-06,1.56940191488457
2020,2020-01-07,1.48863370380134
2020,2020-01-08,1.62175334199373
2020,2020-01-09,1.78659605885398
2020,2020-01-10,1.85885846829992
2020,2020-01-11,1.86086246517521
2020,2020-01-12,1.72284791153092
2020,2020-01-13,1.57869364586294
2020,2020-01-14,1.31122243292796
2020,2020-01-15,1.05959651104371
2020,2020-01-16,0.854790642434457
2020,2020-01-17,0.545868943481141
2020,2020-01-18,0.339131659829096
2020,2020-01-19,0.23443507317117
2020,2020-01-20,0.0286449980181012
2020,2020-01-21,-0.215814650368758
2020,2020-01-22,-0.42041242827504
2020,2020-01-23,-0.534477352431465
2020,2020-01-24,-0.657301728963701
2020,2020-01-25,-0.682225662166047
2020,2020-01-26,-0.591080415050937
2020,2020-01-27,-0.472599085823744
2020,2020-01-28,-0.463795169604822
2020,2020-01-29,-0.402480574244175
2020,2020-01-30,-0.25097417813574
2020,2020-01-31,0.0547066601534164
2020,2020-02-01,0.23636918015967
2020,2020-02-02,0.508411186745083
2020,2020-02-03,0.822863197740136
2020,2020-02-04,0.986855914941826
2020,2020-02-05,0.978720840584461
2020,2020-02-06,0.868435834017486
2020,2020-02-07,0.8208747290509
2020,2020-02-08,0.727891339170955
2020,2020-02-09,0.808739991023744
2020,2020-02-10,1.0549117613623
2020,2020-02-11,1.25022864405901
2020,2020-02-12,1.3531752412341
2020,2020-02-13,1.42015698860599
2020,2020-02-14,1.57996293583601
2020,2020-02-15,1.7277971224293
2020,2020-02-16,1.9183509848831
2020,2020-02-17,2.20077328575414
2020,2020-02-18,2.50274651678387
2020,2020-02-19,2.65586199008182
2020,2020-02-20,2.79989396478238
2020,2020-02-21,2.9697116967554
2020,2020-02-22,3.19711468640642
2020,2020-02-23,3.55688378581748
2020,2020-02-24,3.76519652623793
2020,2020-02-25,3.93947153652768
2020,2020-02-26,3.99855459110405
2020,2020-02-27,3.98370039464103
2020,2020-02-28,3.76947472107871
2020,2020-02-29,3.6115445035684
2020,2020-03-01,3.51522238771615
2020,2020-03-02,3.51166730645763
2020,2020-03-03,3.54712321862665
2020,2020-03-04,3.61983969779217
2020,2020-03-05,3.75889620183165
2020,2020-03-06,3.92011163796201
2020,2020-03-07,4.05337599234753
2020,2020-03-08,4.12219009387441
2020,2020-03-09,4.03801074702045
2020,2020-03-10,4.09728708061345
2020,2020-03-11,4.40659883664562
2020,2020-03-12,4.71381616714081
2020,2020-03-13,4.78386897725619
2020,2020-03-14,4.78004129924368
2020,2020-03-15,4.71476978963599
2020,2020-03-16,4.68942299886653
2020,2020-03-17,4.75175628226398
2020,2020-03-18,4.98853360418586
2020,2020-03-19,5.23212306656843
2020,2020-03-20,5.4938557372494
2020,2020-03-21,5.48938565255579
2020,2020-03-22,5.14936306598212
2020,2020-03-23,4.87029410010671
2020,2020-03-24,4.62426536124491
2020,2020-03-25,4.491528830097
2020,2020-03-26,4.49259772775234
2020,2020-03-27,4.69662880073147
2020,2020-03-28,4.86542291918613
2020,2020-03-29,4.9098028710579
2020,2020-03-30,4.70469165633067
2020,2020-03-31,4.52192897554923
2020,2020-04-01,4.46084500587959
2020,2020-04-02,4.48017211814511
2020,2020-04-03,4.54357739399404
2020,2020-04-04,4.66665881014107
2020,2020-04-05,4.85131763858954
2020,2020-04-06,5.10672706815981
2020,2020-04-07,5.30969892536651
2020,2020-04-08,5.33363988710202
2020,2020-04-09,5.36898784657264
2020,2020-04-10,5.580585947859
2020,2020-04-11,5.87038116748934
2020,2020-04-12,6.22080623842254
2020,2020-04-13,6.44583602254193
2020,2020-04-14,6.32823196760386
2020,2020-04-15,6.23876938601934
2020,2020-04-16,6.32222314866785
2020,2020-04-17,6.49155837735915
2020,2020-04-18,6.82761306927958
2020,2020-04-19,7.24184446910414
2020,2020-04-20,7.63480704047877
2020,2020-04-21,8.00701114290927
2020,2020-04-22,8.41918052804925
2020,2020-04-23,8.75341618511135
2020,2020-04-24,8.97159333364584
2020,2020-04-25,9.14260299747066
2020,2020-04-26,9.29955563589811
2020,2020-04-27,9.70675130586714
2020,2020-04-28,10.233594949178
2020,2020-04-29,10.5889255194651
2020,2020-04-30,10.9168332874475
2020,2020-05-01,11.1004108128913
2020,2020-05-02,11.2256867859912
2020,2020-05-03,11.2590701389396
2020,2020-05-04,11.2859467865684
2020,2020-05-05,11.243953022654
2020,2020-05-06,11.1612863713555
2020,2020-05-07,11.166468732326
2020,2020-05-08,11.2501001530644
2020,2020-05-09,11.4267002745793
2020,2020-05-10,11.5298728295718
2020,2020-05-11,11.5919205724072
2020,2020-05-12,11.6890682035642
2020,2020-05-13,11.8000460518801
2020,2020-05-14,11.7546393948389
2020,2020-05-15,11.5087789212169
2020,2020-05-16,11.370178061235
2020,2020-05-17,11.433088622171
2020,2020-05-18,11.6457332146168
2020,2020-05-19,11.8700327565242
2020,2020-05-20,12.0301978723013
2020,2020-05-21,12.1465131501471
2020,2020-05-22,12.231586002188
2020,2020-05-23,12.3174287298796
2020,2020-05-24,12.3434165810415
2020,2020-05-25,12.3062540752273
2020,2020-05-26,12.1925400251779
2020,2020-05-27,12.2605098747494
2020,2020-05-28,12.1865309399626
2020,2020-05-29,12.1686595873617
2020,2020-05-30,12.1585846366665
2020,2020-05-31,12.1838394996845
2020,2020-06-01,12.299248268941
2020,2020-06-02,12.4793396714683
2020,2020-06-03,12.7291046436945
2020,2020-06-04,12.842123767888
2020,2020-06-05,12.7828373619755
2020,2020-06-06,12.7569277594743
2020,2020-06-07,12.7387425252504
2020,2020-06-08,12.6733940471952
2020,2020-06-09,12.9204011642147
2020,2020-06-10,13.0349882218118
2020,2020-06-11,13.1872405895568
2020,2020-06-12,13.5473434297993
2020,2020-06-13,13.8825793906951
2020,2020-06-14,13.9660191373081
2020,2020-06-15,13.9389028776512
2020,2020-06-16,13.9390300588522
2020,2020-06-17,14.004009803209
2020,2020-06-18,14.0601629056085
2020,2020-06-19,14.0523799610982
2020,2020-06-20,14.0014117243096
2020,2020-06-21,14.1036498657656
2020,2020-06-22,14.3502706341967
2020,2020-06-23,14.6280660987838
2020,2020-06-24,14.7809898527242
2020,2020-06-25,14.9611746644748
2020,2020-06-26,15.2312349571163
2020,2020-06-27,15.6170324442706
2020,2020-06-28,16.0534485269779
2020,2020-06-29,16.1338307305557
2020,2020-06-30,16.2728532774552
2020,2020-07-01,16.4406465418341
2020,2020-07-02,16.5865350367299
2020,2020-07-03,16.7287727506798
2020,2020-07-04,16.7960969571547
2020,2020-07-05,16.9894520024702
2020,2020-07-06,17.2394692776456
2020,2020-07-07,17.2862684054267
2020,2020-07-08,17.4418250231894
2020,2020-07-09,17.6341883469947
2020,2020-07-10,17.7868216720271
2020,2020-07-11,17.6103040241977
2020,2020-07-12,17.5739967443829
2020,2020-07-13,17.6030264796534
2020,2020-07-14,17.6108867936196
2020,2020-07-15,17.6082365121651
2020,2020-07-16,17.5802996491695
2020,2020-07-17,17.5476320347815
2020,2020-07-18,17.5446082996944
2020,2020-07-19,17.6296991497566
2020,2020-07-20,17.6899576321479
2020,2020-07-21,17.7392177795934
2020,2020-07-22,17.8229359792549
2020,2020-07-23,17.9521888906302
2020,2020-07-24,17.9245042387588
2020,2020-07-25,17.8298877766872
2020,2020-07-26,17.6969936627641
2020,2020-07-27,17.8257049915943
2020,2020-07-28,17.9796347644175
2020,2020-07-29,18.0035939668878
2020,2020-07-30,18.0968159204131
2020,2020-07-31,18.3109473746776
2020,2020-08-01,18.4636316360467
2020,2020-08-02,18.4319063359948
2020,2020-08-03,18.3556487834248
2020,2020-08-04,18.3235604081254
2020,2020-08-05,18.2167856300538
2020,2020-08-06,18.1605430292979
2020,2020-08-07,18.1191504767287
2020,2020-08-08,18.3697334818924
2020,2020-08-09,18.6347604408312
2020,2020-08-10,18.8809996176273
2020,2020-08-11,19.0440794356101
2020,2020-08-12,19.2171392842999
2020,2020-08-13,19.4202168890908
2020,2020-08-14,19.6155514599177
2020,2020-08-15,19.8148536929503
2020,2020-08-16,19.9162520696503
2020,2020-08-17,19.8815656137649
2020,2020-08-18,19.7913115303303
2020,2020-08-19,19.7500864463612
2020,2020-08-20,19.7706079415564
2020,2020-08-21,19.9480815967448
2020,2020-08-22,20.0416743784593
2020,2020-08-23,20.0670981538658
2020,2020-08-24,19.9446169227674
2020,2020-08-25,19.7403047816204
2020,2020-08-26,19.7029665455398
2020,2020-08-27,19.5622815352225
2020,2020-08-28,19.4091218744865
2020,2020-08-29,19.2235350976394
2020,2020-08-30,19.1083074263598
2020,2020-08-31,19.0045364492207
2020,2020-09-01,18.9510841323326
2020,2020-09-02,18.8937169071325
2020,2020-09-03,18.7319385457645
2020,2020-09-04,18.5762746773493
2020,2020-09-05,18.46515389874
2020,2020-09-06,18.2323719985143
2020,2020-09-07,17.9279523443797
2020,2020-09-08,17.7061112955081
2020,2020-09-09,17.5215392215944
2020,2020-09-10,17.4016792807825
2020,2020-09-11,17.3189515339807
2020,2020-09-12,17.2755610619158
2020,2020-09-13,17.2435867655793
2020,2020-09-14,17.2521118330185
2020,2020-09-15,17.3277736194074
2020,2020-09-16,17.3668794501632
2020,2020-09-17,17.2605582677621
2020,2020-09-18,16.9428775161988
2020,2020-09-19,16.6849054385416
2020,2020-09-20,16.5348947058084
2020,2020-09-21,16.4922301314599
2020,2020-09-22,16.4780560502126
2020,2020-09-23,16.3097210062015
2020,2020-09-24,16.2385514952375
2020,2020-09-25,15.9506986390046
2020,2020-09-26,15.566673084398
2020,2020-09-27,15.2635770437422
2020,2020-09-28,15.0483196238024
2020,2020-09-29,14.9513111336407
2020,2020-09-30,14.9000554883697
2020,2020-10-01,14.8027279625627
2020,2020-10-02,14.6628042315107
2020,2020-10-03,14.53275589907
2020,2020-10-04,14.4288129342387
2020,2020-10-05,14.3059797286342
2020,2020-10-06,14.1621639095625
2020,2020-10-07,13.9367966878695
2020,2020-10-08,13.6862129723942
2020,2020-10-09,13.4983522160185
2020,2020-10-10,13.2246035881663
2020,2020-10-11,12.7729255998514
2020,2020-10-12,12.2826575934273
2020,2020-10-13,11.7708958422601
2020,2020-10-14,11.2843416169296
2020,2020-10-15,10.8734491662741
2020,2020-10-16,10.5787289001243
2020,2020-10-17,10.3043498019892
2020,2020-10-18,10.0118895014399
2020,2020-10-19,9.67202157891841
2020,2020-10-20,9.32020357546381
2020,2020-10-21,9.08133496401043
2020,2020-10-22,8.83184322653382
2020,2020-10-23,8.79981893253958
2020,2020-10-24,8.94885285024725
2020,2020-10-25,8.99258221170472
2020,2020-10-26,9.04718054680217
2020,2020-10-27,8.91036824985471
2020,2020-10-28,8.74120339940632
2020,2020-10-29,8.60039407591778
2020,2020-10-30,8.46814504557076
2020,2020-10-31,8.28860641245066
2020,2020-11-01,8.14247224683038
2020,2020-11-02,8.23606178012163
2020,2020-11-03,8.3193246916322
2020,2020-11-04,8.27410094351748
2020,2020-11-05,8.14476508222157
2020,2020-11-06,7.88633353958936
2020,2020-11-07,7.70333883902714
2020,2020-11-08,7.65113124244115
2020,2020-11-09,7.62087935717644
2020,2020-11-10,7.59170276620085
2020,2020-11-11,7.54740912166736
2020,2020-11-12,7.51726901783189
2020,2020-11-13,7.49679094092176
2020,2020-11-14,7.47458403585437
2020,2020-11-15,7.41031865206062
2020,2020-11-16,7.38465602877153
2020,2020-11-17,7.34860984222416
2020,2020-11-18,7.22823669012349
2020,2020-11-19,7.075758895145
2020,2020-11-20,6.83983043298972
2020,2020-11-21,6.44873222983973
2020,2020-11-22,6.11985761287314
2020,2020-11-23,5.86951819517626
2020,2020-11-24,5.69056928017954
2020,2020-11-25,5.44770107701874
2020,2020-11-26,5.16998202886317
2020,2020-11-27,4.81364542172329
2020,2020-11-28,4.42898882959794
2020,2020-11-29,4.11023238399703
2020,2020-11-30,3.61103043991604
2020,2020-12-01,3.05010230598975
2020,2020-12-02,2.63760965221098
2020,2020-12-03,2.31314376931753
2020,2020-12-04,2.15416030030202
2020,2020-12-05,2.10308071692551
2020,2020-12-06,2.11569889799429
2020,2020-12-07,2.07664970464304
2020,2020-12-08,1.97578419229735
2020,2020-12-09,1.86797662418503
2020,2020-12-10,1.69831479475101
2020,2020-12-11,1.51022941340492
2020,2020-12-12,1.33530218888959
2020,2020-12-13,1.21796829814233
2020,2020-12-14,1.05690092573162
2020,2020-12-15,0.878788283025498
2020,2020-12-16,0.734529610692843
2020,2020-12-17,0.591010291306168
2020,2020-12-18,0.491348616326919
2020,2020-12-19,0.497237459625913
2020,2020-12-20,0.494377420861738
2020,2020-12-21,0.446375456621245
2020,2020-12-22,0.560885889930703
2020,2020-12-23,0.799560247055539
2020,2020-12-24,0.991085183438589
2020,2020-12-25,1.06839671050013
2020,2020-12-26,1.00405581142224
2020,2020-12-27,0.856946836212354
2020,2020-12-28,0.893081785194902
2020,2020-12-29,1.00820981757231
2020,2020-12-30,1.10876847662339
2020,2020-12-31,1.13970001347902
2021,2020-01-01,1.03451215971067
2021,2020-01-02,0.885367842373431
2021,2020-01-03,0.73018873190368
2021,2020-01-04,0.597003690595663
2021,2020-01-05,0.52476055953739
2021,2020-01-06,0.439533604612093
2021,2020-01-07,0.367455932161768
2021,2020-01-08,0.272081790828571
2021,2020-01-09,0.122150577886473
2021,2020-01-10,-0.108108149603352
2021,2020-01-11,-0.378105920603094
2021,2020-01-12,-0.580548421064118
2021,2020-01-13,-0.658249148740927
2021,2020-01-14,-0.742889390909417
2021,2020-01-15,-0.88725372830835
2021,2020-01-16,-1.05225140825714
2021,2020-01-17,-1.22916986625981
2021,2020-01-18,-1.369813311553
2021,2020-01-19,-1.55543449097994
2021,2020-01-20,-1.74837407295072
2021,2020-01-21,-1.87636788368847
2021,2020-01-22,-1.7545347221854
2021,2020-01-23,-1.57722567591859
2021,2020-01-24,-1.45040279835309
2021,2020-01-25,-1.52942922536695
2021,2020-01-26,-1.62206065200911
2021,2020-01-27,-1.70358324452166
2021,2020-01-28,-1.63160605431202
2021,2020-01-29,-1.40304182939902
2021,2020-01-30,-1.28169773410088
2021,2020-01-31,-1.33664195576402
2021,2020-02-01,-1.34346121054658
2021,2020-02-02,-1.24190020254442
2021,2020-02-03,-1.04322909572241
2021,2020-02-04,-0.749665713698412
2021,2020-02-05,-0.489543652448113
2021,2020-02-06,-0.243278277373173
2021,2020-02-07,0.0195957254377696
2021,2020-02-08,0.255701279823175
2021,2020-02-09,0.40240948196204
2021,2020-02-10,0.399989666652417
2021,2020-02-11,0.220974686437383
2021,2020-02-12,0.0552187786056244
2021,2020-02-13,-0.0585780106154117
2021,2020-02-14,-0.120889138267775
2021,2020-02-15,-0.202004141466695
2021,2020-02-16,-0.157731860232055
2021,2020-02-17,-0.0745375387675582
2021,2020-02-18,-0.000233480118866091
2021,2020-02-19,-0.0336139895583868
2021,2020-02-20,-0.0101550974498293
2021,2020-02-21,0.136847299939639
2021,2020-02-22,0.359539787564863
2021,2020-02-23,0.623577551975385
2021,2020-02-24,0.930252426347685
2021,2020-02-25,1.14778162426187
2021,2020-02-26,1.27674422460534
2021,2020-02-27,1.30266673048139
2021,2020-02-28,1.4108626359516
2021,2020-03-01,1.53583666026784
2021,2020-03-02,1.55703178168144
2021,2020-03-03,1.53765530538006
2021,2020-03-04,1.53049743159446
2021,2020-03-05,1.4677109915022
2021,2020-03-06,1.32835287828784
2021,2020-03-07,1.2641324302107
2021,2020-03-08,1.31876981922719
2021,2020-03-09,1.35311218771213
2021,2020-03-10,1.41320333781167
2021,2020-03-11,1.76016057657315
2021,2020-03-12,2.25496525451639
2021,2020-03-13,2.75318000666999
2021,2020-03-14,3.0964760037413
2021,2020-03-15,3.35759536027957
2021,2020-03-16,3.41322738953751
2021,2020-03-17,3.32439671898862
2021,2020-03-18,3.18471475908114
2021,2020-03-19,3.00040361835111
2021,2020-03-20,2.78420230590042
2021,2020-03-21,2.58675753457108
2021,2020-03-22,2.4803399973372
2021,2020-03-23,2.37150303952314
2021,2020-03-24,2.28445968216889
2021,2020-03-25,2.2507952081466
2021,2020-03-26,2.27076045805435
2021,2020-03-27,2.38720147200506
2021,2020-03-28,2.53525720327346
2021,2020-03-29,2.75540311842561
2021,2020-03-30,3.08078688266413
2021,2020-03-31,3.37673518203744
2021,2020-04-01,3.64515976462527
2021,2020-04-02,3.92504175112685
2021,2020-04-03,4.10867596321653
2021,2020-04-04,4.20869015774087
2021,2020-04-05,4.37113700140766
2021,2020-04-06,4.33085608737015
2021,2020-04-07,4.27362824413439
2021,2020-04-08,4.19822454651225
2021,2020-04-09,4.18901529067231
2021,2020-04-10,4.29739880297991
2021,2020-04-11,4.55016350093743
2021,2020-04-12,4.64994402699071
2021,2020-04-13,4.61485502335507
2021,2020-04-14,4.64593010155817
2021,2020-04-15,4.72311227231614
2021,2020-04-16,4.86854560681492
2021,2020-04-17,5.10719284741922
2021,2020-04-18,5.34837647570857
2021,2020-04-19,5.50230603113999
2021,2020-04-20,5.66554196272271
2021,2020-04-21,5.82920314150008
2021,2020-04-22,5.89837687919028
2021,2020-04-23,5.88234616534431
2021,2020-04-24,5.93827042996938
2021,2020-04-25,6.02030888357309
2021,2020-04-26,5.92727573403192
2021,2020-04-27,5.74656287492938
2021,2020-04-28,5.67229386417528
2021,2020-04-29,5.61459492437493
2021,2020-04-30,5.69571025486427
2021,2020-05-01,5.99129860022088
2021,2020-05-02,6.15779402659364
2021,2020-05-03,6.19642994296935
2021,2020-05-04,6.6096696747739
2021,2020-05-05,6.94547931818699
2021,2020-05-06,7.18020034473359
2021,2020-05-07,7.26726506368123
2021,2020-05-08,7.26668753854479
2021,2020-05-09,7.43781589187456
2021,2020-05-10,7.90904933662599
2021,2020-05-11,8.51975732388574
2021,2020-05-12,8.84119367664052
2021,2020-05-13,9.12016200491044
2021,2020-05-14,9.40118090702571
2021,2020-05-15,9.64208189050661
2021,2020-05-16,9.90018468311041
2021,2020-05-17,10.0548979333014
2021,2020-05-18,10.1793301453368
2021,2020-05-19,10.1843292027831
2021,2020-05-20,10.2590868777219
2021,2020-05-21,10.4150298828953
2021,2020-05-22,10.4898056610078
2021,2020-05-23,10.5106947171544
2021,2020-05-24,10.6228834197783
2021,2020-05-25,10.6850899697219
2021,2020-05-26,10.7211357566727
2021,2020-05-27,10.6686666742241
2021,2020-05-28,10.6357177565774
2021,2020-05-29,10.5897680857225
2021,2020-05-30,10.6782534691601
2021,2020-05-31,10.8373737259968
2021,2020-06-01,10.9241976913828
2021,2020-06-02,11.1705469776423
2021,2020-06-03,11.5030448280203
2021,2020-06-04,11.8808819288348
2021,2020-06-05,12.2079066216473
2021,2020-06-06,12.2367558260017
2021,2020-06-07,12.2082976996305
2021,2020-06-08,12.2137856112537
2021,2020-06-09,12.4784389623708
2021,2020-06-10,12.7737770948257
2021,2020-06-11,13.0012458916815
2021,2020-06-12,13.2992628542533
2021,2020-06-13,13.4791985737973
2021,2020-06-14,13.7042763393802
2021,2020-06-15,13.9978127683963
2021,2020-06-16,14.4329623617497
2021,2020-06-17,14.8760591767645
2021,2020-06-18,15.2752478872817
2021,2020-06-19,15.7371631788155
2021,2020-06-20,16.2584956799694
2021,2020-06-21,16.7541980231047
2021,2020-06-22,17.2207387515318
2021,2020-06-23,17.5840652211029
2021,2020-06-24,17.9733795051629
2021,2020-06-25,18.2006871779182
2021,2020-06-26,18.4669516176055
2021,2020-06-27,18.823976670133
2021,2020-06-28,19.2200485080284
2021,2020-06-29,19.519497050499
2021,2020-06-30,19.5505201916403
2021,2020-07-01,19.477818575199
2021,2020-07-02,19.3787467104394
2021,2020-07-03,19.3818116523627
2021,2020-07-04,19.463704126223
2021,2020-07-05,19.5116301862565
2021,2020-07-06,19.6652907788478
2021,2020-07-07,19.7653361345565
2021,2020-07-08,19.9005719190873
2021,2020-07-09,19.9362665744375
2021,2020-07-10,19.9407693627294
2021,2020-07-11,19.9547090512079
2021,2020-07-12,20.0890443253458
2021,2020-07-13,20.1864294081315
2021,2020-07-14,20.067107897437
2021,2020-07-15,19.8947062606358
2021,2020-07-16,19.7452751904477
2021,2020-07-17,19.5666578355984
2021,2020-07-18,19.3916502048504
2021,2020-07-19,19.2640019173394
2021,2020-07-20,19.1259636358002
2021,2020-07-21,19.0160457658118
2021,2020-07-22,18.9269158511078
2021,2020-07-23,18.9823628874846
2021,2020-07-24,19.0550779370074
2021,2020-07-25,19.0442249533829
2021,2020-07-26,18.9593048995024
2021,2020-07-27,18.9268560960486
2021,2020-07-28,19.0761900551022
2021,2020-07-29,19.2625033816363
2021,2020-07-30,19.4650644602224
2021,2020-07-31,19.5216530200745
2021,2020-08-01,19.4425904394377
2021,2020-08-02,19.3452116958523
2021,2020-08-03,19.1367023692915
2021,2020-08-04,18.9402488198941
2021,2020-08-05,18.6990580489932
2021,2020-08-06,18.6515162623551
2021,2020-08-07,18.6458006628133
2021,2020-08-08,18.6240446839232
2021,2020-08-09,18.5505000109577
2021,2020-08-10,18.5115625261792
2021,2020-08-11,18.615785307091
2021,2020-08-12,18.7474121360558
2021,2020-08-13,18.866911969285
2021,2020-08-14,19.0308132482636
2021,2020-08-15,19.1678225725268
2021,2020-08-16,19.1450485643252
2021,2020-08-17,19.0273458766791
2021,2020-08-18,18.9055356802368
2021,2020-08-19,18.8330110802704
2021,2020-08-20,18.7747703362239
2021,2020-08-21,18.6947386462636
2021,2020-08-22,18.6269890357726
2021,2020-08-23,18.4636977964088
2021,2020-08-24,18.236967758089
2021,2020-08-25,17.9971693227711
2021,2020-08-26,17.7371242987464
2021,2020-08-27,17.4203672525659
2021,2020-08-28,17.1402869575831
2021,2020-08-29,17.0055825672658
2021,2020-08-30,16.8793357235095
2021,2020-08-31,16.7698646817702
2021,2020-09-01,16.7262529784862
2021,2020-09-02,16.7187793359867
2021,2020-09-03,16.6628629782281
2021,2020-09-04,16.5368390226524
2021,2020-09-05,16.5011688178576
2021,2020-09-06,16.4100806729518
2021,2020-09-07,16.2215670401852
2021,2020-09-08,16.0677410090369
2021,2020-09-09,15.9166008176294
2021,2020-09-10,15.7185773808559
2021,2020-09-11,15.481076270929
2021,2020-09-12,15.2804497446811
2021,2020-09-13,15.2161315583837
2021,2020-09-14,15.3285298296557
2021,2020-09-15,15.4573522235608
2021,2020-09-16,15.5187185770732
2021,2020-09-17,15.4045109013177
2021,2020-09-18,15.2215742829089
2021,2020-09-19,15.0107087901024
2021,2020-09-20,14.8350408897779
2021,2020-09-21,14.7162327503277
2021,2020-09-22,14.596208848614
2021,2020-09-23,14.5818831462671
2021,2020-09-24,14.6698612207915
2021,2020-09-25,14.7924272257866
2021,2020-09-26,14.9236590448618
2021,2020-09-27,15.0087949162116
2021,2020-09-28,15.0797641244631
2021,2020-09-29,15.0245554385917
2021,2020-09-30,14.8931590435705
2021,2020-10-01,14.7434910080827
2021,2020-10-02,14.6395090545065
2021,2020-10-03,14.5948098549424
2021,2020-10-04,14.5555366202559
2021,2020-10-05,14.5550861546581
2021,2020-10-06,14.3358036086075
2021,2020-10-07,14.043831752867
2021,2020-10-08,13.7832132209056
2021,2020-10-09,13.4440711917094
2021,2020-10-10,13.0188970001991
2021,2020-10-11,12.6694515475176
2021,2020-10-12,12.27916300018
2021,2020-10-13,11.8077634842822
2021,2020-10-14,11.3437241669004
2021,2020-10-15,11.1106152109847
2021,2020-10-16,10.8985175244551
2021,2020-10-17,10.6879241733913
2021,2020-10-18,10.5516797135909
2021,2020-10-19,10.4716495030632
2021,2020-10-20,10.5415686675095
2021,2020-10-21,10.4963958470876
2021,2020-10-22,10.266886217383
2021,2020-10-23,9.94524764905411
2021,2020-10-24,9.56774009433896
2021,2020-10-25,9.235646447479
2021,2020-10-26,8.89160591969926
2021,2020-10-27,8.6750718973268
2021,2020-10-28,8.50765769613419
2021,2020-10-29,8.36147799925041
2021,2020-10-30,8.16850791544376
2021,2020-10-31,7.94207368294302
2021,2020-11-01,7.70376165561221
2021,2020-11-02,7.3665600687481
2021,2020-11-03,7.21832547214956
2021,2020-11-04,7.13377087714387
2021,2020-11-05,6.9455880452399
2021,2020-11-06,6.81471901091934
2021,2020-11-07,6.76547254538602
2021,2020-11-08,6.66236025026913
2021,2020-11-09,6.55488831639919
2021,2020-11-10,6.552709016345
2021,2020-11-11,6.52529368544497
2021,2020-11-12,6.37919810719861
2021,2020-11-13,6.24673790860853
2021,2020-11-14,6.18436708264105
2021,2020-11-15,6.11215759155742
2021,2020-11-16,5.97754637556484
2021,2020-11-17,5.68882479973419
2021,2020-11-18,5.4652529490519
2021,2020-11-19,5.38347944971044
2021,2020-11-20,5.34646092875535
2021,2020-11-21,5.27956118562693
2021,2020-11-22,5.20002651347537
2021,2020-11-23,5.04656507020909
2021,2020-11-24,4.7975531194726
2021,2020-11-25,4.58529456063395
2021,2020-11-26,4.33612958173983
2021,2020-11-27,4.08058071905543
2021,2020-11-28,3.77541402631678
2021,2020-11-29,3.46155797058745
2021,2020-11-30,3.25623746276405
2021,2020-12-01,3.17911129183445
2021,2020-12-02,3.06399805517759
2021,2020-12-03,2.87668930657455
2021,2020-12-04,2.71464965638284
2021,2020-12-05,2.58393374263482
2021,2020-12-06,2.38631103012105
2021,2020-12-07,2.17046632075367
2021,2020-12-08,1.90042868627734
2021,2020-12-09,1.68655153944715
2021,2020-12-10,1.45102902475771
2021,2020-12-11,1.27126732921994
2021,2020-12-12,1.10809667633499
2021,2020-12-13,1.01121644768126
2021,2020-12-14,0.926589079565314
2021,2020-12-15,0.878339234250006
2021,2020-12-16,0.786618346512693
2021,2020-12-17,0.643193384750977
2021,2020-12-18,0.480192009602724
2021,2020-12-19,0.385305320608467
2021,2020-12-20,0.246706225333944
2021,2020-12-21,0.0410857892894462
2021,2020-12-22,-0.16078006183307
2021,2020-12-23,-0.332132169750948
2021,2020-12-24,-0.210006439511792
2021,2020-12-25,-0.143532021124555
2021,2020-12-26,-0.170819380290867
2021,2020-12-27,-0.148257441479726
2021,2020-12-28,-0.123240307401257
2021,2020-12-29,-0.140534579487062
2021,2020-12-30,-0.0234146648353905
2021,2020-12-31,0.300101554611275
2022,2020-01-01,0.589395438129634
2022,2020-01-02,0.729208424480158
2022,2020-01-03,1.00486510168177
2022,2020-01-04,1.30314788111387
2022,2020-01-05,1.48872863307945
2022,2020-01-06,1.50761322401201
2022,2020-01-07,1.43999154151918
2022,2020-01-08,1.36336435948757
2022,2020-01-09,1.28984431041467
2022,2020-01-10,1.18564615492444
2022,2020-01-11,1.00594016563053
2022,2020-01-12,0.732687838657723
2022,2020-01-13,0.566922509081898
2022,2020-01-14,0.54446060018546
2022,2020-01-15,0.520325015928932
2022,2020-01-16,0.459177643902419
2022,2020-01-17,0.55196413364131
2022,2020-01-18,0.71983443202236
2022,2020-01-19,0.86911679463817
2022,2020-01-20,1.02818092105292
2022,2020-01-21,0.824278450808174
2022,2020-01-22,0.73502788309415
2022,2020-01-23,0.78575456018444
2022,2020-01-24,0.773542872987614
2022,2020-01-25,0.721917029754574
2022,2020-01-26,0.583733537972161
2022,2020-01-27,0.373201236587577
2022,2020-01-28,0.147380065932067
2022,2020-01-29,-0.046777075757603
2022,2020-01-30,-0.0483675193127058
2022,2020-01-31,-0.270497758779277
2022,2020-02-01,-0.477973108684577
2022,2020-02-02,-0.486732514864095
2022,2020-02-03,-0.3496732041268
2022,2020-02-04,-0.0948800640765221
2022,2020-02-05,0.101419661049822
2022,2020-02-06,0.237844738265642
2022,2020-02-07,0.320958552251993
2022,2020-02-08,0.497281104369362
2022,2020-02-09,0.819081490701958
2022,2020-02-10,1.01466905167879
2022,2020-02-11,1.05444481948054
2022,2020-02-12,1.05743546139915
2022,2020-02-13,1.08063827632128
2022,2020-02-14,1.00973763344855
2022,2020-02-15,1.05267581182412
2022,2020-02-16,1.26094250596996
2022,2020-02-17,1.53788025415254
2022,2020-02-18,1.87752804125192
2022,2020-02-19,2.07688682953906
2022,2020-02-20,2.21754247190539
2022,2020-02-21,2.398161513391
2022,2020-02-22,2.5491466157688
2022,2020-02-23,2.73695687205398
2022,2020-02-24,2.8653761790486
2022,2020-02-25,2.88993578607068
2022,2020-02-26,2.86786640531065
2022,2020-02-27,2.73456607302694
2022,2020-02-28,2.66052451923878
2022,2020-03-01,2.59199444757623
2022,2020-03-02,2.4758535519527
2022,2020-03-03,2.37640031163132
2022,2020-03-04,2.24960684051217
2022,2020-03-05,2.13130588966781
2022,2020-03-06,2.01076886854009
2022,2020-03-07,1.8851839234507
2022,2020-03-08,1.7690783126154
2022,2020-03-09,1.66550633082491
2022,2020-03-10,1.60520752501076
2022,2020-03-11,1.50159827078317
2022,2020-03-12,1.53059344510492
2022,2020-03-13,1.65234074744014
2022,2020-03-14,1.8277390554599
2022,2020-03-15,1.97937267363297
2022,2020-03-16,2.06912715439148
2022,2020-03-17,1.98696054032168
2022,2020-03-18,1.89449414488086
2022,2020-03-19,1.85338664027068
2022,2020-03-20,1.84957997988586
2022,2020-03-21,1.84316138893902
2022,2020-03-22,1.92527172456205
2022,2020-03-23,2.03616540699956
2022,2020-03-24,2.19792623772104
2022,2020-03-25,2.41057161645983
2022,2020-03-26,2.68345814303716
2022,2020-03-27,2.98600414558967
2022,2020-03-28,3.38294809799142
2022,2020-03-29,3.82020147225727
2022,2020-03-30,4.1557152573774
2022,2020-03-31,4.34005807300727
2022,2020-04-01,4.46702980492065
2022,2020-04-02,4.50393709992736
2022,2020-04-03,4.55975142099355
2022,2020-04-04,4.68799257219588
2022,2020-04-05,4.92757271360624
2022,2020-04-06,5.25574116657012
2022,2020-04-07,5.59249266988953
2022,2020-04-08,5.9456652322897
2022,2020-04-09,6.07350090637444
2022,2020-04-10,6.07642447889762
2022,2020-04-11,6.08657067481756
2022,2020-04-12,6.194557769807
2022,2020-04-13,6.37680908105431
2022,2020-04-14,6.66597168675691
2022,2020-04-15,6.9235024070188
2022,2020-04-16,7.02597887354992
2022,2020-04-17,7.07728266691758
2022,2020-04-18,7.13581108293386
2022,2020-04-19,7.10746785989132
2022,2020-04-20,7.04012610927068
2022,2020-04-21,7.02055633678745
2022,2020-04-22,6.99037380099898
2022,2020-04-23,7.00964235181477
2022,2020-04-24,7.06318502625018
2022,2020-04-25,7.05312745004017
2022,2020-04-26,6.95906593457767
2022,2020-04-27,6.92589286173332
2022,2020-04-28,7.07867086730685
2022,2020-04-29,7.35160203320747
2022,2020-04-30,7.73509586399992
2022,2020-05-01,8.08889641683935
2022,2020-05-02,8.42688520167024
2022,2020-05-03,8.65912671405155
2022,2020-05-04,8.73158300427453
2022,2020-05-05,8.81313847982005
2022,2020-05-06,8.90481350571936
2022,2020-05-07,9.17080871979047
2022,2020-05-08,9.52811766277202
2022,2020-05-09,9.8401596981179
2022,2020-05-10,10.0612337608855
2022,2020-05-11,10.2835933956571
2022,2020-05-12,10.4957823718996
2022,2020-05-13,10.6622201699331
2022,2020-05-14,10.9937431348849
2022,2020-05-15,11.4080941032375
2022,2020-05-16,11.8299430119044
2022,2020-05-17,12.2412692468068
2022,2020-05-18,12.5824568231946
2022,2020-05-19,12.910243009927
2022,2020-05-20,13.3991305305963
2022,2020-05-21,13.7381833290395
2022,2020-05-22,13.9657569212726
2022,2020-05-23,14.2312499452028
2022,2020-05-24,14.5069433086786
2022,2020-05-25,14.7176088816119
2022,2020-05-26,14.9262123487018
2022,2020-05-27,15.1636871002549
2022,2020-05-28,15.225323321143
2022,2020-05-29,15.1924011805777
2022,2020-05-30,15.1787978839548
2022,2020-05-31,15.2513623690325
2022,2020-06-01,15.3926355497794
2022,2020-06-02,15.5286852062417
2022,2020-06-03,15.7828226009142
2022,2020-06-04,16.098827935758
2022,2020-06-05,16.3309083269636
2022,2020-06-06,16.4896290558287
2022,2020-06-07,16.5132434205952
2022,2020-06-08,16.453030038217
2022,2020-06-09,16.2443838561734
2022,2020-06-10,16.1881341297381
2022,2020-06-11,16.2495035913582
2022,2020-06-12,16.3319203711289
2022,2020-06-13,16.3273409138604
2022,2020-06-14,16.3394364058149
2022,2020-06-15,16.4565184695792
2022,2020-06-16,16.5129320701193
2022,2020-06-17,16.4293798267498
2022,2020-06-18,16.4938993619184
2022,2020-06-19,16.7198242936134
2022,2020-06-20,16.9039871010189
2022,2020-06-21,17.0120862090428
2022,2020-06-22,17.2035163856159
2022,2020-06-23,17.3858027378625
2022,2020-06-24,17.4908875288145
2022,2020-06-25,17.6942703212727
2022,2020-06-26,18.1355158916927
2022,2020-06-27,18.5989182908157
2022,2020-06-28,18.83439600848
2022,2020-06-29,19.0027010299702
2022,2020-06-30,19.187134361228
2022,2020-07-01,19.1965712164613
2022,2020-07-02,19.0996163424456
2022,2020-07-03,19.1682848875004
2022,2020-07-04,19.2375225502639
2022,2020-07-05,19.3233537240278
2022,2020-07-06,19.4004452891626
2022,2020-07-07,19.4738385956826
2022,2020-07-08,19.4826290486068
2022,2020-07-09,19.4396940538946
2022,2020-07-10,19.2989294914324
2022,2020-07-11,19.2442152028001
2022,2020-07-12,19.2565442753628
2022,2020-07-13,19.3160381736905
2022,2020-07-14,19.4780150972378
2022,2020-07-15,19.4881351960646
2022,2020-07-16,19.4367567210745
2022,2020-07-17,19.2827221503129
2022,2020-07-18,19.2068215615174
2022,2020-07-19,19.3305942625788
2022,2020-07-20,19.5090482072787
2022,2020-07-21,19.6007134964122
2022,2020-07-22,19.7523986939433
2022,2020-07-23,19.9413463823484
2022,2020-07-24,19.9784258522141
2022,2020-07-25,19.9953987224481
2022,2020-07-26,19.9388474477239
2022,2020-07-27,19.8399686719798
2022,2020-07-28,19.7535895050309
2022,2020-07-29,19.773458592566
2022,2020-07-30,19.7668298768434
2022,2020-07-31,19.7010862729507
2022,2020-08-01,19.7188760602785
2022,2020-08-02,19.7946102764305
2022,2020-08-03,19.9177738333652
2022,2020-08-04,20.1928574605969
2022,2020-08-05,20.5319110009325
2022,2020-08-06,20.6184919201832
2022,2020-08-07,20.7053623837956
2022,2020-08-08,20.7524297702692
2022,2020-08-09,20.8101550362623
2022,2020-08-10,20.7591856734925
2022,2020-08-11,20.6019968267931
2022,2020-08-12,20.5527616952311
2022,2020-08-13,20.5187472970406
2022,2020-08-14,20.5537533420612
2022,2020-08-15,20.5676137983393
2022,2020-08-16,20.532146567272
2022,2020-08-17,20.4913052148363
2022,2020-08-18,20.4514481161207
2022,2020-08-19,20.2870912369766
2022,2020-08-20,20.0818181782054
2022,2020-08-21,19.8977580909762
2022,2020-08-22,19.5838667177727
2022,2020-08-23,19.4635771287511
2022,2020-08-24,19.48002640669
2022,2020-08-25,19.4896336398285
2022,2020-08-26,19.5216998346733
2022,2020-08-27,19.5776308050712
2022,2020-08-28,19.5185830550327
2022,2020-08-29,19.4388873888561
2022,2020-08-30,19.3806775406819
2022,2020-08-31,19.1663675076346
2022,2020-09-01,18.8698715434841
2022,2020-09-02,18.513869449352
2022,2020-09-03,18.4035924048273
2022,2020-09-04,18.3607720984185
2022,2020-09-05,18.3722062672776
2022,2020-09-06,18.3531339517976
2022,2020-09-07,18.3394161663522
2022,2020-09-08,18.2525776330195
2022,2020-09-09,18.1397154358106
2022,2020-09-10,18.0037917357633
2022,2020-09-11,17.7914714860084
2022,2020-09-12,17.5800592202203
2022,2020-09-13,17.3895530832901
2022,2020-09-14,17.2237247990032
2022,2020-09-15,17.0281649105061
2022,2020-09-16,16.7856700738124
2022,2020-09-17,16.4713849191795
2022,2020-09-18,16.1795377910829
2022,2020-09-19,15.9402768135678
2022,2020-09-20,15.653018753662
2022,2020-09-21,15.2735594207417
2022,2020-09-22,14.8464303103284
2022,2020-09-23,14.41619156521
2022,2020-09-24,14.0999421681712
2022,2020-09-25,13.854092441392
2022,2020-09-26,13.5918213820033
2022,2020-09-27,13.251910423504
2022,2020-09-28,13.0128768616286
2022,2020-09-29,12.7994262873627
2022,2020-09-30,12.6396716041604
2022,2020-10-01,12.4751101905112
2022,2020-10-02,12.2984498179996
2022,2020-10-03,12.0723630362354
2022,2020-10-04,11.7906852699931
2022,2020-10-05,11.5342217045455
2022,2020-10-06,11.4183523524528
2022,2020-10-07,11.3632303849629
2022,2020-10-08,11.3058407161874
2022,2020-10-09,11.2030739256205
2022,2020-10-10,11.1093452205586
2022,2020-10-11,10.9872029539736
2022,2020-10-12,10.7484492851897
2022,2020-10-13,10.5323195573722
2022,2020-10-14,10.4711208697326
2022,2020-10-15,10.5860879926766
2022,2020-10-16,10.7456307787431
2022,2020-10-17,10.9199279263626
2022,2020-10-18,11.1057259346617
2022,2020-10-19,11.2602548150823
2022,2020-10-20,11.3331525499312
2022,2020-10-21,11.3941800000803
2022,2020-10-22,11.3914284342959
2022,2020-10-23,11.3896449949271
2022,2020-10-24,11.4360140238861
2022,2020-10-25,11.5301793842962
2022,2020-10-26,11.588590207862
2022,2020-10-27,11.6834704809434
2022,2020-10-28,11.7365992512752
2022,2020-10-29,11.778760920601
2022,2020-10-30,11.7959139650599
2022,2020-10-31,11.8006837058251
2022,2020-11-01,11.8215366148916
2022,2020-11-02,11.8064165788904
2022,2020-11-03,11.6887611247422
2022,2020-11-04,11.4907526617362
2022,2020-11-05,11.2639814791234
avg50-18,2020-01-01,-1.43950202741842
avg50-18,2020-01-02,-1.51084441127893
avg50-18,2020-01-03,-1.567618962359
avg50-18,2020-01-04,-1.63015491351428
avg50-18,2020-01-05,-1.68915221080592
avg50-18,2020-01-06,-1.73419785968958
avg50-18,2020-01-07,-1.79003553356937
avg50-18,2020-01-08,-1.86938043058138
avg50-18,2020-01-09,-1.93920620189503
avg50-18,2020-01-10,-1.99365476148308
avg50-18,2020-01-11,-2.04593013978029
avg50-18,2020-01-12,-2.08832118325862
avg50-18,2020-01-13,-2.14258840636381
avg50-18,2020-01-14,-2.17913098653656
avg50-18,2020-01-15,-2.20763442076364
avg50-18,2020-01-16,-2.23794838740562
avg50-18,2020-01-17,-2.27165942528294
avg50-18,2020-01-18,-2.32022015861503
avg50-18,2020-01-19,-2.36518436378322
avg50-18,2020-01-20,-2.39854477187673
avg50-18,2020-01-21,-2.43279470807428
avg50-18,2020-01-22,-2.46174818289843
avg50-18,2020-01-23,-2.47110962659749
avg50-18,2020-01-24,-2.47703742047684
avg50-18,2020-01-25,-2.48665662591293
avg50-18,2020-01-26,-2.49915030181106
avg50-18,2020-01-27,-2.50138361435575
avg50-18,2020-01-28,-2.50237538830779
avg50-18,2020-01-29,-2.49654033466198
avg50-18,2020-01-30,-2.49981286987322
avg50-18,2020-01-31,-2.50600344634791
avg50-18,2020-02-01,-2.4992159035575
avg50-18,2020-02-02,-2.48291812939183
avg50-18,2020-02-03,-2.46081164911886
avg50-18,2020-02-04,-2.43007382138182
avg50-18,2020-02-05,-2.38417990043433
avg50-18,2020-02-06,-2.32442198027608
avg50-18,2020-02-07,-2.26138490774287
avg50-18,2020-02-08,-2.20278140381942
avg50-18,2020-02-09,-2.14870473769021
avg50-18,2020-02-10,-2.0901686557276
avg50-18,2020-02-11,-2.03326292178692
avg50-18,2020-02-12,-1.98854611197355
avg50-18,2020-02-13,-1.93419728838554
avg50-18,2020-02-14,-1.87988616534749
avg50-18,2020-02-15,-1.82026740197157
avg50-18,2020-02-16,-1.76730700839209
avg50-18,2020-02-17,-1.72637874462131
avg50-18,2020-02-18,-1.67300031619346
avg50-18,2020-02-19,-1.60453316251326
avg50-18,2020-02-20,-1.53173997503833
avg50-18,2020-02-21,-1.45787553021811
avg50-18,2020-02-22,-1.3846536024656
avg50-18,2020-02-23,-1.30832920480301
avg50-18,2020-02-24,-1.22381161968528
avg50-18,2020-02-25,-1.14880771043586
avg50-18,2020-02-26,-1.06507763504411
avg50-18,2020-02-27,-0.989416068047333
avg50-18,2020-02-28,-0.908398704156791
avg50-18,2020-02-29,-0.968219995509532
avg50-18,2020-03-01,-0.772179872046858
avg50-18,2020-03-02,-0.671190722497963
avg50-18,2020-03-03,-0.571020566856294
avg50-18,2020-03-04,-0.474295991819978
avg50-18,2020-03-05,-0.393863648161676
avg50-18,2020-03-06,-0.316684484878946
avg50-18,2020-03-07,-0.232085646620642
avg50-18,2020-03-08,-0.144002476444705
avg50-18,2020-03-09,-0.0319750989054425
avg50-18,2020-03-10,0.0844424522602501
avg50-18,2020-03-11,0.202495449117548
avg50-18,2020-03-12,0.323184762080679
avg50-18,2020-03-13,0.443062368553807
avg50-18,2020-03-14,0.577386886229215
avg50-18,2020-03-15,0.728541461471186
avg50-18,2020-03-16,0.897026741794344
avg50-18,2020-03-17,1.069384249873
avg50-18,2020-03-18,1.24402374096611
avg50-18,2020-03-19,1.39474665014568
avg50-18,2020-03-20,1.52219139190074
avg50-18,2020-03-21,1.6583951295353
avg50-18,2020-03-22,1.80503933018642
avg50-18,2020-03-23,1.96229522160998
avg50-18,2020-03-24,2.13050740628708
avg50-18,2020-03-25,2.29931689183139
avg50-18,2020-03-26,2.46425460773425
avg50-18,2020-03-27,2.63613204361089
avg50-18,2020-03-28,2.80410920278579
avg50-18,2020-03-29,2.96433443401941
avg50-18,2020-03-30,3.13336969505818
avg50-18,2020-03-31,3.31547827984774
avg50-18,2020-04-01,3.49522020909194
avg50-18,2020-04-02,3.68705465637798
avg50-18,2020-04-03,3.88674998461146
avg50-18,2020-04-04,4.08086788080409
avg50-18,2020-04-05,4.26326489068935
avg50-18,2020-04-06,4.42462162746617
avg50-18,2020-04-07,4.58198580121632
avg50-18,2020-04-08,4.7360409215257
avg50-18,2020-04-09,4.88897224013869
avg50-18,2020-04-10,5.04445103739193
avg50-18,2020-04-11,5.19149375964347
avg50-18,2020-04-12,5.32056525742971
avg50-18,2020-04-13,5.43916712433975
avg50-18,2020-04-14,5.55154316234031
avg50-18,2020-04-15,5.67010567534921
avg50-18,2020-04-16,5.81007533324994
avg50-18,2020-04-17,5.94870660141421
avg50-18,2020-04-18,6.07022405617022
avg50-18,2020-04-19,6.20028061963139
avg50-18,2020-04-20,6.33625837435666
avg50-18,2020-04-21,6.47622399923148
avg50-18,2020-04-22,6.61830890975782
avg50-18,2020-04-23,6.76993092274855
avg50-18,2020-04-24,6.91447632511202
avg50-18,2020-04-25,7.06233349935464
avg50-18,2020-04-26,7.21722212547899
avg50-18,2020-04-27,7.35497602057174
avg50-18,2020-04-28,7.46850667775343
avg50-18,2020-04-29,7.59443177375991
avg50-18,2020-04-30,7.73417410517694
avg50-18,2020-05-01,7.87375561363336
avg50-18,2020-05-02,8.02210698135819
avg50-18,2020-05-03,8.17019913653811
avg50-18,2020-05-04,8.3222162486126
avg50-18,2020-05-05,8.48179017289396
avg50-18,2020-05-06,8.65416163823831
avg50-18,2020-05-07,8.82486369503622
avg50-18,2020-05-08,8.98799201685697
avg50-18,2020-05-09,9.16521532616747
avg50-18,2020-05-10,9.36416173297327
avg50-18,2020-05-11,9.55803154988987
avg50-18,2020-05-12,9.74895903545125
avg50-18,2020-05-13,9.9239058554287
avg50-18,2020-05-14,10.0943358766783
avg50-18,2020-05-15,10.2680068899315
avg50-18,2020-05-16,10.4508445689154
avg50-18,2020-05-17,10.6355794663325
avg50-18,2020-05-18,10.8250574005896
avg50-18,2020-05-19,10.9871598977103
avg50-18,2020-05-20,11.1192971671644
avg50-18,2020-05-21,11.2502823961024
avg50-18,2020-05-22,11.3851659293113
avg50-18,2020-05-23,11.5131848548363
avg50-18,2020-05-24,11.645466124077
avg50-18,2020-05-25,11.8012451501378
avg50-18,2020-05-26,11.9695036195238
avg50-18,2020-05-27,12.1213056243733
avg50-18,2020-05-28,12.2408970118384
avg50-18,2020-05-29,12.3472243774359
avg50-18,2020-05-30,12.4396486402018
avg50-18,2020-05-31,12.5475144180971
avg50-18,2020-06-01,12.6587937574866
avg50-18,2020-06-02,12.7697277379331
avg50-18,2020-06-03,12.8841266353242
avg50-18,2020-06-04,12.9986522424526
avg50-18,2020-06-05,13.1278177512511
avg50-18,2020-06-06,13.2538581037304
avg50-18,2020-06-07,13.373608095408
avg50-18,2020-06-08,13.4927017273773
avg50-18,2020-06-09,13.6091762968869
avg50-18,2020-06-10,13.7276977862056
avg50-18,2020-06-11,13.8376222248359
avg50-18,2020-06-12,13.9546462362674
avg50-18,2020-06-13,14.0685552797659
avg50-18,2020-06-14,14.1800658425831
avg50-18,2020-06-15,14.2789593184059
avg50-18,2020-06-16,14.3690987310455
avg50-18,2020-06-17,14.4768076356301
avg50-18,2020-06-18,14.5906338057966
avg50-18,2020-06-19,14.7190948141628
avg50-18,2020-06-20,14.8492017437595
avg50-18,2020-06-21,14.9753804076846
avg50-18,2020-06-22,15.0876021286506
avg50-18,2020-06-23,15.1781187887048
avg50-18,2020-06-24,15.2590823598375
avg50-18,2020-06-25,15.3582163818263
avg50-18,2020-06-26,15.4758070262778
avg50-18,2020-06-27,15.5974928134454
avg50-18,2020-06-28,15.7060046333058
avg50-18,2020-06-29,15.8100057574869
avg50-18,2020-06-30,15.9095845729992
avg50-18,2020-07-01,16.0006540039648
avg50-18,2020-07-02,16.0951990323314
avg50-18,2020-07-03,16.1918199996408
avg50-18,2020-07-04,16.2814233595126
avg50-18,2020-07-05,16.3628641003035
avg50-18,2020-07-06,16.4378375887908
avg50-18,2020-07-07,16.5076527260983
avg50-18,2020-07-08,16.5736326042152
avg50-18,2020-07-09,16.6397143041741
avg50-18,2020-07-10,16.7034344541704
avg50-18,2020-07-11,16.7680414034443
avg50-18,2020-07-12,16.8311171805768
avg50-18,2020-07-13,16.8989512739447
avg50-18,2020-07-14,16.9764132045256
avg50-18,2020-07-15,17.0386902697714
avg50-18,2020-07-16,17.1000558803769
avg50-18,2020-07-17,17.1540889482454
avg50-18,2020-07-18,17.2009236179744
avg50-18,2020-07-19,17.2411259226531
avg50-18,2020-07-20,17.2816366308737
avg50-18,2020-07-21,17.3256536346292
avg50-18,2020-07-22,17.3837636751661
avg50-18,2020-07-23,17.4454570350543
avg50-18,2020-07-24,17.4774469773237
avg50-18,2020-07-25,17.4923426366313
avg50-18,2020-07-26,17.5166366672037
avg50-18,2020-07-27,17.5666494238139
avg50-18,2020-07-28,17.6115066558425
avg50-18,2020-07-29,17.6468898852423
avg50-18,2020-07-30,17.6870796821919
avg50-18,2020-07-31,17.7096827498093
avg50-18,2020-08-01,17.7383314869025
avg50-18,2020-08-02,17.773664081372
avg50-18,2020-08-03,17.8034963703886
avg50-18,2020-08-04,17.828305086733
avg50-18,2020-08-05,17.8558456266262
avg50-18,2020-08-06,17.8954906199892
avg50-18,2020-08-07,17.9301247269764
avg50-18,2020-08-08,17.9501679571118
avg50-18,2020-08-09,17.953521193624
avg50-18,2020-08-10,17.9405475477315
avg50-18,2020-08-11,17.9265577934019
avg50-18,2020-08-12,17.9272875804396
avg50-18,2020-08-13,17.9196088343561
avg50-18,2020-08-14,17.9220706527185
avg50-18,2020-08-15,17.9303225174856
avg50-18,2020-08-16,17.9196887864105
avg50-18,2020-08-17,17.8945433428078
avg50-18,2020-08-18,17.8739659205895
avg50-18,2020-08-19,17.8507065098908
avg50-18,2020-08-20,17.8171199126622
avg50-18,2020-08-21,17.7893132171159
avg50-18,2020-08-22,17.7647836947018
avg50-18,2020-08-23,17.7324900655093
avg50-18,2020-08-24,17.6681674259295
avg50-18,2020-08-25,17.5961086718652
avg50-18,2020-08-26,17.5282748221375
avg50-18,2020-08-27,17.460069568537
avg50-18,2020-08-28,17.3778310057705
avg50-18,2020-08-29,17.2763392415063
avg50-18,2020-08-30,17.1622414537736
avg50-18,2020-08-31,17.0469383184798
avg50-18,2020-09-01,16.932641518656
avg50-18,2020-09-02,16.8271171111274
avg50-18,2020-09-03,16.7255404723677
avg50-18,2020-09-04,16.6156008122618
avg50-18,2020-09-05,16.5023941316968
avg50-18,2020-09-06,16.3897624117993
avg50-18,2020-09-07,16.2762881663222
avg50-18,2020-09-08,16.1737117144682
avg50-18,2020-09-09,16.0674907458717
avg50-18,2020-09-10,15.9562546329722
avg50-18,2020-09-11,15.8298744152796
avg50-18,2020-09-12,15.6983697482187
avg50-18,2020-09-13,15.5602322433486
avg50-18,2020-09-14,15.4231572432384
avg50-18,2020-09-15,15.2883476536699
avg50-18,2020-09-16,15.1482043592602
avg50-18,2020-09-17,15.0014482297532
avg50-18,2020-09-18,14.8570645825219
avg50-18,2020-09-19,14.7112152048182
avg50-18,2020-09-20,14.5725606130416
avg50-18,2020-09-21,14.4406507169936
avg50-18,2020-09-22,14.313765761938
avg50-18,2020-09-23,14.1776986433475
avg50-18,2020-09-24,14.0252146635666
avg50-18,2020-09-25,13.8828852539767
avg50-18,2020-09-26,13.7460551565162
avg50-18,2020-09-27,13.6115833649639
avg50-18,2020-09-28,13.4763468495067
avg50-18,2020-09-29,13.3428488432596
avg50-18,2020-09-30,13.2052790772432
avg50-18,2020-10-01,13.0579399480929
avg50-18,2020-10-02,12.9208464231598
avg50-18,2020-10-03,12.7843129614902
avg50-18,2020-10-04,12.6433769317316
avg50-18,2020-10-05,12.5001667865517
avg50-18,2020-10-06,12.3517004133127
avg50-18,2020-10-07,12.2022753816886
avg50-18,2020-10-08,12.0406222760365
avg50-18,2020-10-09,11.8694423620049
avg50-18,2020-10-10,11.7022670286494
avg50-18,2020-10-11,11.554457734595
avg50-18,2020-10-12,11.4055115207185
avg50-18,2020-10-13,11.2397254247066
avg50-18,2020-10-14,11.0764462367002
avg50-18,2020-10-15,10.9208547580848
avg50-18,2020-10-16,10.7552808506825
avg50-18,2020-10-17,10.5829321517945
avg50-18,2020-10-18,10.3951137334099
avg50-18,2020-10-19,10.201624644868
avg50-18,2020-10-20,10.0133767679624
avg50-18,2020-10-21,9.82259754238831
avg50-18,2020-10-22,9.63097426311349
avg50-18,2020-10-23,9.45088761819537
avg50-18,2020-10-24,9.27296991651411
avg50-18,2020-10-25,9.0999126831043
avg50-18,2020-10-26,8.93181384095456
avg50-18,2020-10-27,8.75984441887268
avg50-18,2020-10-28,8.58415685329165
avg50-18,2020-10-29,8.40009898219847
avg50-18,2020-10-30,8.20365281663958
avg50-18,2020-10-31,8.00992622160537
avg50-18,2020-11-01,7.83087411798564
avg50-18,2020-11-02,7.65899236055785
avg50-18,2020-11-03,7.4814890477412
avg50-18,2020-11-04,7.30054377717514
avg50-18,2020-11-05,7.1314106996633
avg50-18,2020-11-06,6.96620016589989
avg50-18,2020-11-07,6.79370467448971
avg50-18,2020-11-08,6.61405239597935
avg50-18,2020-11-09,6.43992675348796
avg50-18,2020-11-10,6.27183110088342
avg50-18,2020-11-11,6.09992971262073
avg50-18,2020-11-12,5.92666160393824
avg50-18,2020-11-13,5.75923322078065
avg50-18,2020-11-14,5.59149480046299
avg50-18,2020-11-15,5.42648834870269
avg50-18,2020-11-16,5.26286814021533
avg50-18,2020-11-17,5.09248267338036
avg50-18,2020-11-18,4.91540308835507
avg50-18,2020-11-19,4.74030623278937
avg50-18,2020-11-20,4.55440456904499
avg50-18,2020-11-21,4.35705498045718
avg50-18,2020-11-22,4.15444148649084
avg50-18,2020-11-23,3.95095600097569
avg50-18,2020-11-24,3.7595716923851
avg50-18,2020-11-25,3.56919327988758
avg50-18,2020-11-26,3.38123170170929
avg50-18,2020-11-27,3.20837815863061
avg50-18,2020-11-28,3.03417086902275
avg50-18,2020-11-29,2.85248519737082
avg50-18,2020-11-30,2.66891047862775
avg50-18,2020-12-01,2.47836870286314
avg50-18,2020-12-02,2.28310857385881
avg50-18,2020-12-03,2.09040051999438
avg50-18,2020-12-04,1.91095459841676
avg50-18,2020-12-05,1.73934855279432
avg50-18,2020-12-06,1.56515515155271
avg50-18,2020-12-07,1.38679705486991
avg50-18,2020-12-08,1.20870115467682
avg50-18,2020-12-09,1.02778552833598
avg50-18,2020-12-10,0.86237656950669
avg50-18,2020-12-11,0.71879079721531
avg50-18,2020-12-12,0.581046105659389
avg50-18,2020-12-13,0.43718180982634
avg50-18,2020-12-14,0.2995589066505
avg50-18,2020-12-15,0.160488220419146
avg50-18,2020-12-16,0.033258185715694
avg50-18,2020-12-17,-0.0913373914735975
avg50-18,2020-12-18,-0.212649931425112
avg50-18,2020-12-19,-0.322549412725636
avg50-18,2020-12-20,-0.431669753241817
avg50-18,2020-12-21,-0.52280065379847
avg50-18,2020-12-22,-0.604923749578058
avg50-18,2020-12-23,-0.688625006077606
avg50-18,2020-12-24,-0.772424715382358
avg50-18,2020-12-25,-0.862499314418323
avg50-18,2020-12-26,-0.950925952409147
avg50-18,2020-12-27,-1.03816373900139
avg50-18,2020-12-28,-1.11838081096655
avg50-18,2020-12-29,-1.19347535250183
avg50-18,2020-12-30,-1.26455965804043
avg50-18,2020-12-31,-1.33823308460895
