date,value,day,year,date20
2018-12-01,67.8621,335,2018,2020-12-01
2018-12-02,67.679,336,2018,2020-12-02
2018-12-03,67.3167,337,2018,2020-12-03
2018-12-04,66.928,338,2018,2020-12-04
2018-12-05,66.6485,339,2018,2020-12-05
2018-12-06,66.3475,340,2018,2020-12-06
2018-12-07,66.1215,341,2018,2020-12-07
2018-12-08,65.998,342,2018,2020-12-08
2018-12-09,65.9442,343,2018,2020-12-09
2018-12-10,65.6215,344,2018,2020-12-10
2018-12-11,65.199,345,2018,2020-12-11
2018-12-12,64.7304,346,2018,2020-12-12
2018-12-13,64.245,347,2018,2020-12-13
2018-12-14,63.7591,348,2018,2020-12-14
2018-12-15,63.2667,349,2018,2020-12-15
2018-12-16,62.7697,350,2018,2020-12-16
2018-12-17,62.3188,351,2018,2020-12-17
2018-12-18,61.8127,352,2018,2020-12-18
2018-12-19,61.2534,353,2018,2020-12-19
2018-12-20,60.7234,354,2018,2020-12-20
2018-12-21,60.3576,355,2018,2020-12-21
2018-12-22,60.2851,356,2018,2020-12-22
2018-12-23,60.1967,357,2018,2020-12-23
2018-12-24,60.0283,358,2018,2020-12-24
2018-12-25,59.8019,359,2018,2020-12-25
2018-12-26,59.542,360,2018,2020-12-26
2018-12-27,59.1967,361,2018,2020-12-27
2018-12-28,58.9257,362,2018,2020-12-28
2018-12-29,58.7064,363,2018,2020-12-29
2018-12-30,58.5876,364,2018,2020-12-30
2018-12-31,58.3945,365,2018,2020-12-31
2019-01-01,58.2924,1,2019,2020-01-01
2019-01-02,57.966,2,2019,2020-01-02
2019-01-03,57.6814,3,2019,2020-01-03
2019-01-04,57.2283,4,2019,2020-01-04
2019-01-05,56.9161,5,2019,2020-01-05
2019-01-06,56.7191,6,2019,2020-01-06
2019-01-07,56.2891,7,2019,2020-01-07
2019-01-08,55.8679,8,2019,2020-01-08
2019-01-09,55.3018,9,2019,2020-01-09
2019-01-10,54.652,10,2019,2020-01-10
2019-01-11,54.0353,11,2019,2020-01-11
2019-01-12,53.829,12,2019,2020-01-12
2019-01-13,53.7008,13,2019,2020-01-13
2019-01-14,53.415,14,2019,2020-01-14
2019-01-15,53.0095,15,2019,2020-01-15
2019-01-16,52.6361,16,2019,2020-01-16
2019-01-17,52.3583,17,2019,2020-01-17
2019-01-18,51.8978,18,2019,2020-01-18
2019-01-19,51.553,19,2019,2020-01-19
2019-01-20,51.1908,20,2019,2020-01-20
2019-01-21,50.6666,21,2019,2020-01-21
2019-01-22,49.9812,22,2019,2020-01-22
2019-01-23,49.2554,23,2019,2020-01-23
2019-01-24,48.6152,24,2019,2020-01-24
2019-01-25,48.0419,25,2019,2020-01-25
2019-01-26,47.6706,26,2019,2020-01-26
2019-01-27,47.4276,27,2019,2020-01-27
2019-01-28,46.8703,28,2019,2020-01-28
2019-01-29,46.4398,29,2019,2020-01-29
2019-01-30,45.9204,30,2019,2020-01-30
2019-01-31,45.3983,31,2019,2020-01-31
2019-02-01,45.0232,32,2019,2020-02-01
2019-02-02,44.7922,33,2019,2020-02-02
2019-02-03,44.5814,34,2019,2020-02-03
2019-02-04,44.2718,35,2019,2020-02-04
2019-02-05,43.965,36,2019,2020-02-05
2019-02-06,43.6641,37,2019,2020-02-06
2019-02-07,43.4378,38,2019,2020-02-07
2019-02-08,43.1936,39,2019,2020-02-08
2019-02-09,43.115,40,2019,2020-02-09
2019-02-10,43.0503,41,2019,2020-02-10
2019-02-11,42.7768,42,2019,2020-02-11
2019-02-12,42.5597,43,2019,2020-02-12
2019-02-13,42.3516,44,2019,2020-02-13
2019-02-14,42.165,45,2019,2020-02-14
2019-02-15,41.9711,46,2019,2020-02-15
2019-02-16,41.9754,47,2019,2020-02-16
2019-02-17,42.0168,48,2019,2020-02-17
2019-02-18,41.8297,49,2019,2020-02-18
2019-02-19,41.66,50,2019,2020-02-19
2019-02-20,41.4677,51,2019,2020-02-20
2019-02-21,41.3897,52,2019,2020-02-21
2019-02-22,41.4284,53,2019,2020-02-22
2019-02-23,41.4119,54,2019,2020-02-23
2019-02-24,41.3727,55,2019,2020-02-24
2019-02-25,41.1711,56,2019,2020-02-25
2019-02-26,40.9676,57,2019,2020-02-26
2019-02-27,40.7609,58,2019,2020-02-27
2019-02-28,40.5699,59,2019,2020-02-28
2019-03-01,40.6277,60,2019,2020-03-01
2019-03-02,40.7453,61,2019,2020-03-02
2019-03-03,40.8442,62,2019,2020-03-03
2019-03-04,40.7722,63,2019,2020-03-04
2019-03-05,40.68,64,2019,2020-03-05
2019-03-06,40.6922,65,2019,2020-03-06
2019-03-07,40.8391,66,2019,2020-03-07
2019-03-08,40.9306,67,2019,2020-03-08
2019-03-09,41.1498,68,2019,2020-03-09
2019-03-10,41.3553,69,2019,2020-03-10
2019-03-11,41.319,70,2019,2020-03-11
2019-03-12,41.2454,71,2019,2020-03-12
2019-03-13,41.2448,72,2019,2020-03-13
2019-03-14,41.3327,73,2019,2020-03-14
2019-03-15,41.4718,74,2019,2020-03-15
2019-03-16,41.7195,75,2019,2020-03-16
2019-03-17,41.9623,76,2019,2020-03-17
2019-03-18,41.9377,77,2019,2020-03-18
2019-03-19,41.9295,78,2019,2020-03-19
2019-03-20,42.0288,79,2019,2020-03-20
2019-03-21,42.1723,80,2019,2020-03-21
2019-03-22,42.3814,81,2019,2020-03-22
2019-03-23,42.7719,82,2019,2020-03-23
2019-03-24,43.1762,83,2019,2020-03-24
2019-03-25,43.3777,84,2019,2020-03-25
2019-03-26,43.5744,85,2019,2020-03-26
2019-03-27,43.6911,86,2019,2020-03-27
2019-03-28,43.8532,87,2019,2020-03-28
2019-03-29,44.0556,88,2019,2020-03-29
2019-03-30,44.3085,89,2019,2020-03-30
2019-03-31,44.3597,90,2019,2020-03-31
2019-04-01,44.7751,91,2019,2020-04-01
2019-04-02,44.9617,92,2019,2020-04-02
2019-04-03,45.1578,93,2019,2020-04-03
2019-04-04,45.3772,94,2019,2020-04-04
2019-04-05,45.5642,95,2019,2020-04-05
2019-04-06,45.8493,96,2019,2020-04-06
2019-04-07,46.1657,97,2019,2020-04-07
2019-04-08,46.429,98,2019,2020-04-08
2019-04-09,46.7269,99,2019,2020-04-09
2019-04-10,46.9848,100,2019,2020-04-10
2019-04-11,47.2137,101,2019,2020-04-11
2019-04-12,47.409,102,2019,2020-04-12
2019-04-13,47.6182,103,2019,2020-04-13
2019-04-14,47.8227,104,2019,2020-04-14
2019-04-15,47.9368,105,2019,2020-04-15
2019-04-16,48.1107,106,2019,2020-04-16
2019-04-17,48.3368,107,2019,2020-04-17
2019-04-18,48.6486,108,2019,2020-04-18
2019-04-19,49.0993,109,2019,2020-04-19
2019-04-20,49.5993,110,2019,2020-04-20
2019-04-21,50.1639,111,2019,2020-04-21
2019-04-22,50.7134,112,2019,2020-04-22
2019-04-23,51.131,113,2019,2020-04-23
2019-04-24,51.6499,114,2019,2020-04-24
2019-04-25,52.2949,115,2019,2020-04-25
2019-04-26,52.922,116,2019,2020-04-26
2019-04-27,53.5021,117,2019,2020-04-27
2019-04-28,53.9998,118,2019,2020-04-28
2019-04-29,54.3787,119,2019,2020-04-29
2019-04-30,54.7275,120,2019,2020-04-30
2019-05-01,55.2325,121,2019,2020-05-01
2019-05-02,55.683,122,2019,2020-05-02
2019-05-03,56.0751,123,2019,2020-05-03
2019-05-04,56.4897,124,2019,2020-05-04
2019-05-05,56.7821,125,2019,2020-05-05
2019-05-06,57.0207,126,2019,2020-05-06
2019-05-07,57.2877,127,2019,2020-05-07
2019-05-08,57.5461,128,2019,2020-05-08
2019-05-09,57.9164,129,2019,2020-05-09
2019-05-10,58.2273,130,2019,2020-05-10
2019-05-11,58.6205,131,2019,2020-05-11
2019-05-12,58.9708,132,2019,2020-05-12
2019-05-13,59.1824,133,2019,2020-05-13
2019-05-14,59.4468,134,2019,2020-05-14
2019-05-15,59.6696,135,2019,2020-05-15
2019-05-16,59.9633,136,2019,2020-05-16
2019-05-17,60.3116,137,2019,2020-05-17
2019-05-18,60.7295,138,2019,2020-05-18
2019-05-19,61.1261,139,2019,2020-05-19
2019-05-20,61.5364,140,2019,2020-05-20
2019-05-21,61.9043,141,2019,2020-05-21
2019-05-22,62.1889,142,2019,2020-05-22
2019-05-23,62.4884,143,2019,2020-05-23
2019-05-24,62.8479,144,2019,2020-05-24
2019-05-25,63.3222,145,2019,2020-05-25
2019-05-26,63.7952,146,2019,2020-05-26
2019-05-27,64.1329,147,2019,2020-05-27
2019-05-28,64.3391,148,2019,2020-05-28
2019-05-29,64.5977,149,2019,2020-05-29
2019-05-30,64.913,150,2019,2020-05-30
2019-05-31,65.194,151,2019,2020-05-31
2019-06-01,65.5565,152,2019,2020-06-01
2019-06-02,65.9474,153,2019,2020-06-02
2019-06-03,66.1648,154,2019,2020-06-03
2019-06-04,66.3356,155,2019,2020-06-04
2019-06-05,66.5165,156,2019,2020-06-05
2019-06-06,66.7412,157,2019,2020-06-06
2019-06-07,66.9532,158,2019,2020-06-07
2019-06-08,67.2896,159,2019,2020-06-08
2019-06-09,67.6387,160,2019,2020-06-09
2019-06-10,67.9389,161,2019,2020-06-10
2019-06-11,68.2243,162,2019,2020-06-11
2019-06-12,68.542,163,2019,2020-06-12
2019-06-13,68.9446,164,2019,2020-06-13
2019-06-14,69.3005,165,2019,2020-06-14
2019-06-15,69.767,166,2019,2020-06-15
2019-06-16,70.2238,167,2019,2020-06-16
2019-06-17,70.6656,168,2019,2020-06-17
2019-06-18,71.0565,169,2019,2020-06-18
2019-06-19,71.4906,170,2019,2020-06-19
2019-06-20,71.8512,171,2019,2020-06-20
2019-06-21,72.219,172,2019,2020-06-21
2019-06-22,72.6695,173,2019,2020-06-22
2019-06-23,73.1252,174,2019,2020-06-23
2019-06-24,73.5083,175,2019,2020-06-24
2019-06-25,73.8916,176,2019,2020-06-25
2019-06-26,74.2563,177,2019,2020-06-26
2019-06-27,74.6734,178,2019,2020-06-27
2019-06-28,75.1049,179,2019,2020-06-28
2019-06-29,75.5121,180,2019,2020-06-29
2019-06-30,75.9409,181,2019,2020-06-30
2019-07-01,76.3135,182,2019,2020-07-01
2019-07-02,76.773,183,2019,2020-07-02
2019-07-03,77.1715,184,2019,2020-07-03
2019-07-04,77.5417,185,2019,2020-07-04
2019-07-05,77.9428,186,2019,2020-07-05
2019-07-06,78.3425,187,2019,2020-07-06
2019-07-07,78.7507,188,2019,2020-07-07
2019-07-08,79.0154,189,2019,2020-07-08
2019-07-09,79.243,190,2019,2020-07-09
2019-07-10,79.4497,191,2019,2020-07-10
2019-07-11,79.6946,192,2019,2020-07-11
2019-07-12,79.9555,193,2019,2020-07-12
2019-07-13,80.3985,194,2019,2020-07-13
2019-07-14,80.8564,195,2019,2020-07-14
2019-07-15,81.1521,196,2019,2020-07-15
2019-07-16,81.3388,197,2019,2020-07-16
2019-07-17,81.5045,198,2019,2020-07-17
2019-07-18,81.7813,199,2019,2020-07-18
2019-07-19,82.0252,200,2019,2020-07-19
2019-07-20,82.428,201,2019,2020-07-20
2019-07-21,82.7909,202,2019,2020-07-21
2019-07-22,83.0557,203,2019,2020-07-22
2019-07-23,83.2849,204,2019,2020-07-23
2019-07-24,83.3912,205,2019,2020-07-24
2019-07-25,83.5636,206,2019,2020-07-25
2019-07-26,83.7128,207,2019,2020-07-26
2019-07-27,83.9397,208,2019,2020-07-27
2019-07-28,84.273,209,2019,2020-07-28
2019-07-29,84.5354,210,2019,2020-07-29
2019-07-30,84.82,211,2019,2020-07-30
2019-07-31,85.7961,212,2019,2020-07-31
2019-08-01,84.9836,213,2019,2020-08-01
2019-08-02,85.0151,214,2019,2020-08-02
2019-08-03,85.3383,215,2019,2020-08-03
2019-08-04,85.7497,216,2019,2020-08-04
2019-08-05,86.0493,217,2019,2020-08-05
2019-08-06,86.2362,218,2019,2020-08-06
2019-08-07,86.4136,219,2019,2020-08-07
2019-08-08,86.6223,220,2019,2020-08-08
2019-08-09,86.8591,221,2019,2020-08-09
2019-08-10,87.0718,222,2019,2020-08-10
2019-08-11,87.3174,223,2019,2020-08-11
2019-08-12,87.426,224,2019,2020-08-12
2019-08-13,87.6087,225,2019,2020-08-13
2019-08-14,87.8064,226,2019,2020-08-14
2019-08-15,88.0586,227,2019,2020-08-15
2019-08-16,88.2624,228,2019,2020-08-16
2019-08-17,88.4726,229,2019,2020-08-17
2019-08-18,88.6777,230,2019,2020-08-18
2019-08-19,88.8244,231,2019,2020-08-19
2019-08-20,88.9897,232,2019,2020-08-20
2019-08-21,89.1425,233,2019,2020-08-21
2019-08-22,89.2746,234,2019,2020-08-22
2019-08-23,89.4308,235,2019,2020-08-23
2019-08-24,89.5576,236,2019,2020-08-24
2019-08-25,89.6917,237,2019,2020-08-25
2019-08-26,89.7227,238,2019,2020-08-26
2019-08-27,89.805,239,2019,2020-08-27
2019-08-28,89.8547,240,2019,2020-08-28
2019-08-29,89.9512,241,2019,2020-08-29
2019-08-30,90.0716,242,2019,2020-08-30
2019-08-31,90.1652,243,2019,2020-08-31
2019-09-01,90.1869,244,2019,2020-09-01
2019-09-02,90.2472,245,2019,2020-09-02
2019-09-03,90.3787,246,2019,2020-09-03
2019-09-04,90.4553,247,2019,2020-09-04
2019-09-05,90.5296,248,2019,2020-09-05
2019-09-06,90.6382,249,2019,2020-09-06
2019-09-07,90.7984,250,2019,2020-09-07
2019-09-08,90.9717,251,2019,2020-09-08
2019-09-09,91.09,252,2019,2020-09-09
2019-09-10,91.1816,253,2019,2020-09-10
2019-09-11,91.3017,254,2019,2020-09-11
2019-09-12,91.3621,255,2019,2020-09-12
2019-09-13,91.467,256,2019,2020-09-13
2019-09-14,91.5373,257,2019,2020-09-14
2019-09-15,91.6666,258,2019,2020-09-15
2019-09-16,91.7247,259,2019,2020-09-16
2019-09-17,91.7745,260,2019,2020-09-17
2019-09-18,91.8298,261,2019,2020-09-18
2019-09-19,91.8559,262,2019,2020-09-19
2019-09-20,91.9172,263,2019,2020-09-20
2019-09-21,92.05,264,2019,2020-09-21
2019-09-22,92.2672,265,2019,2020-09-22
2019-09-23,92.3546,266,2019,2020-09-23
2019-09-24,92.4071,267,2019,2020-09-24
2019-09-25,92.4278,268,2019,2020-09-25
2019-09-26,92.5001,269,2019,2020-09-26
2019-09-27,92.5855,270,2019,2020-09-27
2019-09-28,92.7096,271,2019,2020-09-28
2019-09-29,92.8254,272,2019,2020-09-29
2019-09-30,92.9758,273,2019,2020-09-30
2019-10-01,93.1086,274,2019,2020-10-01
2019-10-02,93.1145,275,2019,2020-10-02
2019-10-03,93.1181,276,2019,2020-10-03
2019-10-04,93.1321,277,2019,2020-10-04
2019-10-05,93.1687,278,2019,2020-10-05
2019-10-06,93.203,279,2019,2020-10-06
2019-10-07,93.1513,280,2019,2020-10-07
2019-10-08,93.1479,281,2019,2020-10-08
2019-10-09,93.1511,282,2019,2020-10-09
2019-10-10,93.1434,283,2019,2020-10-10
2019-10-11,93.1243,284,2019,2020-10-11
2019-10-12,93.1697,285,2019,2020-10-12
2019-10-13,93.2361,286,2019,2020-10-13
2019-10-14,93.2631,287,2019,2020-10-14
2019-10-15,93.2562,288,2019,2020-10-15
2019-10-16,93.2161,289,2019,2020-10-16
2019-10-17,93.1817,290,2019,2020-10-17
2019-10-18,93.1974,291,2019,2020-10-18
2019-10-19,93.2373,292,2019,2020-10-19
2019-10-20,93.276,293,2019,2020-10-20
2019-10-21,93.2297,294,2019,2020-10-21
2019-10-22,93.2205,295,2019,2020-10-22
2019-10-23,93.2531,296,2019,2020-10-23
2019-10-24,93.2572,297,2019,2020-10-24
2019-10-25,93.2099,298,2019,2020-10-25
2019-10-26,93.2797,299,2019,2020-10-26
2019-10-27,93.3174,300,2019,2020-10-27
2019-10-28,93.1453,301,2019,2020-10-28
2019-10-29,93.0095,302,2019,2020-10-29
2019-10-30,92.9315,303,2019,2020-10-30
2019-10-31,92.6448,304,2019,2020-10-31
2019-11-01,93.004,305,2019,2020-11-01
2019-11-02,93.1128,306,2019,2020-11-02
2019-11-03,93.2398,307,2019,2020-11-03
2019-11-04,93.2587,308,2019,2020-11-04
2019-11-05,93.2386,309,2019,2020-11-05
2019-11-06,93.2534,310,2019,2020-11-06
2019-11-07,93.2169,311,2019,2020-11-07
2019-11-08,93.1476,312,2019,2020-11-08
2019-11-09,93.1336,313,2019,2020-11-09
2019-11-10,93.0659,314,2019,2020-11-10
2019-11-11,92.9546,315,2019,2020-11-11
2019-11-12,92.8402,316,2019,2020-11-12
2019-11-13,92.7148,317,2019,2020-11-13
2019-11-14,92.5555,318,2019,2020-11-14
2019-11-15,92.5197,319,2019,2020-11-15
2019-11-16,92.5327,320,2019,2020-11-16
2019-11-17,92.6568,321,2019,2020-11-17
2019-11-18,92.6724,322,2019,2020-11-18
2019-11-19,92.5256,323,2019,2020-11-19
2019-11-20,92.4165,324,2019,2020-11-20
2019-11-21,92.4007,325,2019,2020-11-21
2019-11-22,92.4588,326,2019,2020-11-22
2019-11-23,92.6346,327,2019,2020-11-23
2019-11-24,92.7891,328,2019,2020-11-24
2019-11-25,92.7674,329,2019,2020-11-25
2019-11-26,92.7535,330,2019,2020-11-26
2019-11-27,92.686,331,2019,2020-11-27
2019-11-28,92.71,332,2019,2020-11-28
2019-11-29,92.6701,333,2019,2020-11-29
2019-11-30,92.5336,334,2019,2020-11-30
2019-12-01,92.4486,335,2019,2020-12-01
2019-12-02,92.2259,336,2019,2020-12-02
2019-12-03,92.0693,337,2019,2020-12-03
2019-12-04,91.8527,338,2019,2020-12-04
2019-12-05,91.6491,339,2019,2020-12-05
2019-12-06,91.3423,340,2019,2020-12-06
2019-12-07,91.3393,341,2019,2020-12-07
2019-12-08,91.42,342,2019,2020-12-08
2019-12-09,91.2799,343,2019,2020-12-09
2019-12-10,91.2203,344,2019,2020-12-10
2019-12-11,91.0244,345,2019,2020-12-11
2019-12-12,90.7103,346,2019,2020-12-12
2019-12-13,90.4622,347,2019,2020-12-13
2019-12-14,90.4696,348,2019,2020-12-14
2019-12-15,90.5082,349,2019,2020-12-15
2019-12-16,90.4292,350,2019,2020-12-16
2019-12-17,90.4846,351,2019,2020-12-17
2019-12-18,90.4372,352,2019,2020-12-18
2019-12-19,90.4485,353,2019,2020-12-19
2019-12-20,90.5589,354,2019,2020-12-20
2019-12-21,90.6671,355,2019,2020-12-21
2019-12-22,90.7543,356,2019,2020-12-22
2019-12-23,90.8041,357,2019,2020-12-23
2019-12-24,90.9497,358,2019,2020-12-24
2019-12-25,91.0322,359,2019,2020-12-25
2019-12-26,91.045,360,2019,2020-12-26
2019-12-27,91.0168,361,2019,2020-12-27
2019-12-28,91.0426,362,2019,2020-12-28
2019-12-29,91.0531,363,2019,2020-12-29
2019-12-30,91.003,364,2019,2020-12-30
2019-12-31,91.0068,365,2019,2020-12-31
2020-01-01,90.7025,1,2020,2020-01-01
2020-01-02,90.3149,2,2020,2020-01-02
2020-01-03,90.0429,3,2020,2020-01-03
2020-01-04,89.8126,4,2020,2020-01-04
2020-01-05,89.5437,5,2020,2020-01-05
2020-01-06,89.1993,6,2020,2020-01-06
2020-01-07,88.723,7,2020,2020-01-07
2020-01-08,88.3427,8,2020,2020-01-08
2020-01-09,87.9838,9,2020,2020-01-09
2020-01-10,87.6653,10,2020,2020-01-10
2020-01-11,87.4356,11,2020,2020-01-11
2020-01-12,87.1461,12,2020,2020-01-12
2020-01-13,86.7453,13,2020,2020-01-13
2020-01-14,86.3363,14,2020,2020-01-14
2020-01-15,85.8966,15,2020,2020-01-15
2020-01-16,85.5099,16,2020,2020-01-16
2020-01-17,85.152,17,2020,2020-01-17
2020-01-18,84.8548,18,2020,2020-01-18
2020-01-19,84.5718,19,2020,2020-01-19
2020-01-20,84.1166,20,2020,2020-01-20
2020-01-21,83.6491,21,2020,2020-01-21
2020-01-22,83.1947,22,2020,2020-01-22
2020-01-23,82.6959,23,2020,2020-01-23
2020-01-24,82.1939,24,2020,2020-01-24
2020-01-25,81.8366,25,2020,2020-01-25
2020-01-26,81.4722,26,2020,2020-01-26
2020-01-27,81.012,27,2020,2020-01-27
2020-01-28,80.5986,28,2020,2020-01-28
2020-01-29,80.1969,29,2020,2020-01-29
2020-01-30,79.7341,30,2020,2020-01-30
2020-01-31,79.3731,31,2020,2020-01-31
2020-02-01,79.3177,32,2020,2020-02-01
2020-02-02,79.2866,33,2020,2020-02-02
2020-02-03,79.1377,34,2020,2020-02-03
2020-02-04,78.9152,35,2020,2020-02-04
2020-02-05,78.6488,36,2020,2020-02-05
2020-02-06,78.3431,37,2020,2020-02-06
2020-02-07,78.0889,38,2020,2020-02-07
2020-02-08,77.8839,39,2020,2020-02-08
2020-02-09,77.7432,40,2020,2020-02-09
2020-02-10,77.5767,41,2020,2020-02-10
2020-02-11,77.4288,42,2020,2020-02-11
2020-02-12,77.3022,43,2020,2020-02-12
2020-02-13,77.1416,44,2020,2020-02-13
2020-02-14,76.9895,45,2020,2020-02-14
2020-02-15,76.9034,46,2020,2020-02-15
2020-02-16,76.8576,47,2020,2020-02-16
2020-02-17,76.7247,48,2020,2020-02-17
2020-02-18,76.5898,49,2020,2020-02-18
2020-02-19,76.3676,50,2020,2020-02-19
2020-02-20,76.1958,51,2020,2020-02-20
2020-02-21,76.0049,52,2020,2020-02-21
2020-02-22,76.0386,53,2020,2020-02-22
2020-02-23,76.1106,54,2020,2020-02-23
2020-02-24,76.0511,55,2020,2020-02-24
2020-02-25,75.9588,56,2020,2020-02-25
2020-02-26,75.7998,57,2020,2020-02-26
2020-02-27,75.5761,58,2020,2020-02-27
2020-02-28,75.392,59,2020,2020-02-28
2020-02-29,75.2633,60,2020,2020-02-29
2020-03-01,75.0521,61,2020,2020-03-01
2020-03-02,74.7359,62,2020,2020-03-02
2020-03-03,74.3815,63,2020,2020-03-03
2020-03-04,73.9968,64,2020,2020-03-04
2020-03-05,73.7068,65,2020,2020-03-05
2020-03-06,73.3971,66,2020,2020-03-06
2020-03-07,73.1228,67,2020,2020-03-07
2020-03-08,72.8987,68,2020,2020-03-08
2020-03-09,72.6266,69,2020,2020-03-09
2020-03-10,72.4219,70,2020,2020-03-10
2020-03-11,72.2907,71,2020,2020-03-11
2020-03-12,72.1975,72,2020,2020-03-12
2020-03-13,72.0262,73,2020,2020-03-13
2020-03-14,71.8079,74,2020,2020-03-14
2020-03-15,71.6364,75,2020,2020-03-15
2020-03-16,71.4666,76,2020,2020-03-16
2020-03-17,71.3812,77,2020,2020-03-17
2020-03-18,71.3381,78,2020,2020-03-18
2020-03-19,71.1969,79,2020,2020-03-19
2020-03-20,71.1918,80,2020,2020-03-20
2020-03-21,71.163,81,2020,2020-03-21
2020-03-22,71.0513,82,2020,2020-03-22
2020-03-23,70.8577,83,2020,2020-03-23
2020-03-24,70.5766,84,2020,2020-03-24
2020-03-25,70.2901,85,2020,2020-03-25
2020-03-26,70.028,86,2020,2020-03-26
2020-03-27,69.7925,87,2020,2020-03-27
2020-03-28,69.7177,88,2020,2020-03-28
2020-03-29,69.649,89,2020,2020-03-29
2020-03-30,69.4963,90,2020,2020-03-30
2020-03-31,69.3509,91,2020,2020-03-31
2020-04-01,69.1924,92,2020,2020-04-01
2020-04-02,69.041,93,2020,2020-04-02
2020-04-03,69.0315,94,2020,2020-04-03
2020-04-04,68.979,95,2020,2020-04-04
2020-04-05,68.9234,96,2020,2020-04-05
2020-04-06,68.9329,97,2020,2020-04-06
2020-04-07,68.9289,98,2020,2020-04-07
2020-04-08,68.9965,99,2020,2020-04-08
2020-04-09,69.072,100,2020,2020-04-09
2020-04-10,69.3593,101,2020,2020-04-10
2020-04-11,69.7039,102,2020,2020-04-11
2020-04-12,70.0946,103,2020,2020-04-12
2020-04-13,70.4853,104,2020,2020-04-13
2020-04-14,70.6176,105,2020,2020-04-14
2020-04-15,70.5891,106,2020,2020-04-15
2020-04-16,70.6096,107,2020,2020-04-16
2020-04-17,70.6763,108,2020,2020-04-17
2020-04-18,70.8598,109,2020,2020-04-18
2020-04-19,71.0359,110,2020,2020-04-19
2020-04-20,71.0785,111,2020,2020-04-20
2020-04-21,71.1402,112,2020,2020-04-21
2020-04-22,71.2303,113,2020,2020-04-22
2020-04-23,71.4149,114,2020,2020-04-23
2020-04-24,71.6308,115,2020,2020-04-24
2020-04-25,71.8226,116,2020,2020-04-25
2020-04-26,71.991,117,2020,2020-04-26
2020-04-27,72.0852,118,2020,2020-04-27
2020-04-28,72.1283,119,2020,2020-04-28
2020-04-29,72.1383,120,2020,2020-04-29
2020-04-30,72.4833,121,2020,2020-04-30
2020-05-01,72.8962,122,2020,2020-05-01
2020-05-02,73.272,123,2020,2020-05-02
2020-05-03,73.6405,124,2020,2020-05-03
2020-05-04,73.8108,125,2020,2020-05-04
2020-05-05,73.9073,126,2020,2020-05-05
2020-05-06,74.0774,127,2020,2020-05-06
2020-05-07,74.3043,128,2020,2020-05-07
2020-05-08,74.5785,129,2020,2020-05-08
2020-05-09,74.9789,130,2020,2020-05-09
2020-05-10,75.3888,131,2020,2020-05-10
2020-05-11,75.6613,132,2020,2020-05-11
2020-05-12,75.7193,133,2020,2020-05-12
2020-05-13,75.8314,134,2020,2020-05-13
2020-05-14,76.0611,135,2020,2020-05-14
2020-05-15,76.2422,136,2020,2020-05-15
2020-05-16,76.5453,137,2020,2020-05-16
2020-05-17,76.9072,138,2020,2020-05-17
2020-05-18,77.0479,139,2020,2020-05-18
2020-05-19,77.2408,140,2020,2020-05-19
2020-05-20,77.5242,141,2020,2020-05-20
2020-05-21,77.8813,142,2020,2020-05-21
2020-05-22,78.3257,143,2020,2020-05-22
2020-05-23,78.6848,144,2020,2020-05-23
2020-05-24,78.9826,145,2020,2020-05-24
2020-05-25,79.2545,146,2020,2020-05-25
2020-05-26,79.4537,147,2020,2020-05-26
2020-05-27,79.6522,148,2020,2020-05-27
2020-05-28,79.7519,149,2020,2020-05-28
2020-05-29,79.9024,150,2020,2020-05-29
2020-05-30,80.0834,151,2020,2020-05-30
2020-05-31,80.2737,152,2020,2020-05-31
2020-06-01,80.5277,153,2020,2020-06-01
2020-06-02,80.7405,154,2020,2020-06-02
2020-06-03,80.8516,155,2020,2020-06-03
2020-06-04,81.0357,156,2020,2020-06-04
2020-06-05,81.1707,157,2020,2020-06-05
2020-06-06,81.4671,158,2020,2020-06-06
2020-06-07,81.8379,159,2020,2020-06-07
2020-06-08,81.9223,160,2020,2020-06-08
2020-06-09,81.8938,161,2020,2020-06-09
2020-06-10,81.9103,162,2020,2020-06-10
2020-06-11,82.0386,163,2020,2020-06-11
2020-06-12,82.2095,164,2020,2020-06-12
2020-06-13,82.5609,165,2020,2020-06-13
2020-06-14,82.8742,166,2020,2020-06-14
2020-06-15,82.9967,167,2020,2020-06-15
2020-06-16,83.1511,168,2020,2020-06-16
2020-06-17,83.3891,169,2020,2020-06-17
2020-06-18,83.5674,170,2020,2020-06-18
2020-06-19,83.5999,171,2020,2020-06-19
2020-06-20,83.7206,172,2020,2020-06-20
2020-06-21,83.8935,173,2020,2020-06-21
2020-06-22,84.0623,174,2020,2020-06-22
2020-06-23,84.1531,175,2020,2020-06-23
2020-06-24,84.2098,176,2020,2020-06-24
2020-06-25,84.3276,177,2020,2020-06-25
2020-06-26,84.4661,178,2020,2020-06-26
2020-06-27,84.7993,179,2020,2020-06-27
2020-06-28,85.1833,180,2020,2020-06-28
2020-06-29,85.298,181,2020,2020-06-29
2020-06-30,85.3038,182,2020,2020-06-30
2020-07-01,85.2332,183,2020,2020-07-01
2020-07-02,85.2362,184,2020,2020-07-02
2020-07-03,85.4262,185,2020,2020-07-03
2020-07-04,85.8144,186,2020,2020-07-04
2020-07-05,86.242,187,2020,2020-07-05
2020-07-06,86.1726,188,2020,2020-07-06
2020-07-07,86.0614,189,2020,2020-07-07
2020-07-08,85.8273,190,2020,2020-07-08
2020-07-09,85.6296,191,2020,2020-07-09
2020-07-10,85.454,192,2020,2020-07-10
2020-07-11,85.7066,193,2020,2020-07-11
2020-07-12,86.0584,194,2020,2020-07-12
2020-07-13,86.1136,195,2020,2020-07-13
2020-07-14,85.7107,196,2020,2020-07-14
2020-07-15,85.1943,197,2020,2020-07-15
2020-07-16,84.8136,198,2020,2020-07-16
2020-07-17,84.4749,199,2020,2020-07-17
2020-07-18,84.2347,200,2020,2020-07-18
2020-07-19,83.9954,201,2020,2020-07-19
2020-07-20,83.6587,202,2020,2020-07-20
2020-07-21,83.2315,203,2020,2020-07-21
2020-07-22,82.7996,204,2020,2020-07-22
2020-07-23,82.3854,205,2020,2020-07-23
2020-07-24,82.0564,206,2020,2020-07-24
2020-07-25,81.8676,207,2020,2020-07-25
2020-07-26,82.0894,208,2020,2020-07-26
2020-07-27,82.2811,209,2020,2020-07-27
2020-07-28,82.4775,210,2020,2020-07-28
2020-07-29,82.6569,211,2020,2020-07-29
2020-07-30,82.7888,212,2020,2020-07-30
2020-07-31,82.9654,213,2020,2020-07-31
2020-08-01,83.1872,214,2020,2020-08-01
2020-08-02,83.3916,215,2020,2020-08-02
2020-08-03,83.4212,216,2020,2020-08-03
2020-08-04,83.3926,217,2020,2020-08-04
2020-08-05,83.2623,218,2020,2020-08-05
2020-08-06,83.1649,219,2020,2020-08-06
2020-08-07,83.1267,220,2020,2020-08-07
2020-08-08,83.168,221,2020,2020-08-08
2020-08-09,83.299,222,2020,2020-08-09
2020-08-10,83.2931,223,2020,2020-08-10
2020-08-11,83.2845,224,2020,2020-08-11
2020-08-12,83.3102,225,2020,2020-08-12
2020-08-13,83.3216,226,2020,2020-08-13
2020-08-14,83.4258,227,2020,2020-08-14
2020-08-15,83.6542,228,2020,2020-08-15
2020-08-16,83.905,229,2020,2020-08-16
2020-08-17,83.9727,230,2020,2020-08-17
2020-08-18,84.0345,231,2020,2020-08-18
2020-08-19,84.1117,232,2020,2020-08-19
2020-08-20,84.1386,233,2020,2020-08-20
2020-08-21,84.1587,234,2020,2020-08-21
2020-08-22,84.3887,235,2020,2020-08-22
2020-08-23,84.6599,236,2020,2020-08-23
2020-08-24,84.6306,237,2020,2020-08-24
2020-08-25,84.5278,238,2020,2020-08-25
2020-08-26,84.4685,239,2020,2020-08-26
2020-08-27,84.2549,240,2020,2020-08-27
2020-08-28,84.1056,241,2020,2020-08-28
2020-08-29,83.9542,242,2020,2020-08-29
2020-08-30,83.839,243,2020,2020-08-30
2020-08-31,83.5568,244,2020,2020-08-31
2020-09-01,83.4266,245,2020,2020-09-01
2020-09-02,83.3393,246,2020,2020-09-02
2020-09-03,83.3601,247,2020,2020-09-03
2020-09-04,83.4132,248,2020,2020-09-04
2020-09-05,83.6604,249,2020,2020-09-05
2020-09-06,83.9324,250,2020,2020-09-06
2020-09-07,83.8536,251,2020,2020-09-07
2020-09-08,83.9448,252,2020,2020-09-08
2020-09-09,84.0461,253,2020,2020-09-09
2020-09-10,84.0513,254,2020,2020-09-10
2020-09-11,84.1714,255,2020,2020-09-11
2020-09-12,84.3236,256,2020,2020-09-12
2020-09-13,84.5683,257,2020,2020-09-13
2020-09-14,84.657,258,2020,2020-09-14
2020-09-15,84.7156,259,2020,2020-09-15
2020-09-16,84.6155,260,2020,2020-09-16
2020-09-17,84.6911,261,2020,2020-09-17
2020-09-18,84.8147,262,2020,2020-09-18
2020-09-19,85.0085,263,2020,2020-09-19
2020-09-20,85.199,264,2020,2020-09-20
2020-09-21,85.3245,265,2020,2020-09-21
2020-09-22,85.356,266,2020,2020-09-22
2020-09-23,85.3698,267,2020,2020-09-23
2020-09-24,85.5414,268,2020,2020-09-24
2020-09-25,85.7478,269,2020,2020-09-25
2020-09-26,85.9996,270,2020,2020-09-26
2020-09-27,86.275,271,2020,2020-09-27
2020-09-28,86.2537,272,2020,2020-09-28
2020-09-29,86.1988,273,2020,2020-09-29
2020-09-30,86.0198,274,2020,2020-09-30
2020-10-01,85.9876,275,2020,2020-10-01
2020-10-02,86.3281,276,2020,2020-10-02
2020-10-03,86.7848,277,2020,2020-10-03
2020-10-04,87.217,278,2020,2020-10-04
2020-10-05,87.2796,279,2020,2020-10-05
2020-10-06,87.3147,280,2020,2020-10-06
2020-10-07,87.3941,281,2020,2020-10-07
2020-10-08,87.4329,282,2020,2020-10-08
2020-10-09,87.4897,283,2020,2020-10-09
2020-10-10,87.725,284,2020,2020-10-10
2020-10-11,87.8551,285,2020,2020-10-11
2020-10-12,87.6305,286,2020,2020-10-12
2020-10-13,87.4571,287,2020,2020-10-13
2020-10-14,87.1932,288,2020,2020-10-14
2020-10-15,86.9905,289,2020,2020-10-15
2020-10-16,86.8073,290,2020,2020-10-16
2020-10-17,86.798,291,2020,2020-10-17
2020-10-18,86.8215,292,2020,2020-10-18
2020-10-19,86.5702,293,2020,2020-10-19
2020-10-20,86.3932,294,2020,2020-10-20
2020-10-21,86.3533,295,2020,2020-10-21
2020-10-22,86.236,296,2020,2020-10-22
2020-10-23,86.1701,297,2020,2020-10-23
2020-10-24,86.2798,298,2020,2020-10-24
2020-10-25,86.5045,299,2020,2020-10-25
2020-10-26,86.4975,300,2020,2020-10-26
2020-10-27,86.3611,301,2020,2020-10-27
2020-10-28,86.3253,302,2020,2020-10-28
2020-10-29,86.2715,303,2020,2020-10-29
2020-10-30,86.1191,304,2020,2020-10-30
2020-10-31,86.2477,305,2020,2020-10-31
2020-11-01,86.5469,306,2020,2020-11-01
2020-11-02,86.8382,307,2020,2020-11-02
2020-11-03,86.9485,308,2020,2020-11-03
2020-11-04,86.9873,309,2020,2020-11-04
2020-11-05,87.0103,310,2020,2020-11-05
2020-11-06,87.0224,311,2020,2020-11-06
2020-11-07,87.1194,312,2020,2020-11-07
2020-11-08,87.2199,313,2020,2020-11-08
2020-11-09,87.1925,314,2020,2020-11-09
2020-11-10,87.1628,315,2020,2020-11-10
2020-11-11,87.0715,316,2020,2020-11-11
2020-11-12,86.9756,317,2020,2020-11-12
2020-11-13,86.876,318,2020,2020-11-13
2020-11-14,86.9268,319,2020,2020-11-14
2020-11-15,87.0336,320,2020,2020-11-15
2020-11-16,86.8929,321,2020,2020-11-16
2020-11-17,86.7899,322,2020,2020-11-17
2020-11-18,86.8185,323,2020,2020-11-18
2020-11-19,86.8247,324,2020,2020-11-19
2020-11-20,86.8162,325,2020,2020-11-20
2020-11-21,86.8734,326,2020,2020-11-21
2020-11-22,86.8406,327,2020,2020-11-22
2020-11-23,86.4807,328,2020,2020-11-23
2020-11-24,86.1428,329,2020,2020-11-24
2020-11-25,85.7805,330,2020,2020-11-25
2020-11-26,85.408,331,2020,2020-11-26
2020-11-27,85.0256,332,2020,2020-11-27
2020-11-28,84.7441,333,2020,2020-11-28
2020-11-29,84.4911,334,2020,2020-11-29
2020-11-30,83.9439,335,2020,2020-11-30
2020-12-01,83.4079,336,2020,2020-12-01
2020-12-02,82.8326,337,2020,2020-12-02
2020-12-03,82.2039,338,2020,2020-12-03
2020-12-04,81.6125,339,2020,2020-12-04
2020-12-05,81.3193,340,2020,2020-12-05
2020-12-06,81.1622,341,2020,2020-12-06
2020-12-07,80.6586,342,2020,2020-12-07
2020-12-08,80.2641,343,2020,2020-12-08
2020-12-09,79.6978,344,2020,2020-12-09
2020-12-10,79.1001,345,2020,2020-12-10
2020-12-11,78.5259,346,2020,2020-12-11
2020-12-12,78.1686,347,2020,2020-12-12
2020-12-13,77.9842,348,2020,2020-12-13
2020-12-14,77.627,349,2020,2020-12-14
2020-12-15,77.2097,350,2020,2020-12-15
2020-12-16,76.8121,351,2020,2020-12-16
2020-12-17,76.3552,352,2020,2020-12-17
2020-12-18,75.9784,353,2020,2020-12-18
2020-12-19,75.97,354,2020,2020-12-19
2020-12-20,76.0096,355,2020,2020-12-20
2020-12-21,75.7479,356,2020,2020-12-21
2020-12-22,75.5818,357,2020,2020-12-22
2020-12-23,75.5654,358,2020,2020-12-23
2020-12-24,75.6924,359,2020,2020-12-24
2020-12-25,75.7124,360,2020,2020-12-25
2020-12-26,75.616,361,2020,2020-12-26
2020-12-27,75.4294,362,2020,2020-12-27
2020-12-28,75.0914,363,2020,2020-12-28
2020-12-29,74.8447,364,2020,2020-12-29
2020-12-30,74.5024,365,2020,2020-12-30
2020-12-31,74.2077,366,2020,2020-12-31
2021-01-01,73.7331,1,2021,2020-01-01
2021-01-02,73.2811,2,2021,2020-01-02
2021-01-03,72.7247,3,2021,2020-01-03
2021-01-04,71.969,4,2021,2020-01-04
2021-01-05,71.1417,5,2021,2020-01-05
2021-01-06,70.3662,6,2021,2020-01-06
2021-01-07,69.4611,7,2021,2020-01-07
2021-01-08,68.5525,8,2021,2020-01-08
2021-01-09,67.8072,9,2021,2020-01-09
2021-01-10,67.0799,10,2021,2020-01-10
2021-01-11,66.1594,11,2021,2020-01-11
2021-01-12,65.2344,12,2021,2020-01-12
2021-01-13,64.3387,13,2021,2020-01-13
2021-01-14,63.4554,14,2021,2020-01-14
2021-01-15,62.5903,15,2021,2020-01-15
2021-01-16,61.7881,16,2021,2020-01-16
2021-01-17,60.9934,17,2021,2020-01-17
2021-01-18,60.0795,18,2021,2020-01-18
2021-01-19,59.2596,19,2021,2020-01-19
2021-01-20,58.4608,20,2021,2020-01-20
2021-01-21,57.752,21,2021,2020-01-21
2021-01-22,57.1567,22,2021,2020-01-22
2021-01-23,56.6163,23,2021,2020-01-23
2021-01-24,56.0329,24,2021,2020-01-24
2021-01-25,55.1977,25,2021,2020-01-25
2021-01-26,54.4158,26,2021,2020-01-26
2021-01-27,53.5746,27,2021,2020-01-27
2021-01-28,52.853,28,2021,2020-01-28
2021-01-29,52.3019,29,2021,2020-01-29
2021-01-30,51.8281,30,2021,2020-01-30
2021-01-31,51.2899,31,2021,2020-01-31
2021-02-01,50.5007,32,2021,2020-02-01
2021-02-02,49.7728,33,2021,2020-02-02
2021-02-03,49.2468,34,2021,2020-02-03
2021-02-04,48.798,35,2021,2020-02-04
2021-02-05,48.3122,36,2021,2020-02-05
2021-02-06,47.8119,37,2021,2020-02-06
2021-02-07,47.2811,38,2021,2020-02-07
2021-02-08,46.5578,39,2021,2020-02-08
2021-02-09,45.8832,40,2021,2020-02-09
2021-02-10,45.1368,41,2021,2020-02-10
2021-02-11,44.2892,42,2021,2020-02-11
2021-02-12,43.5217,43,2021,2020-02-12
2021-02-13,42.8684,44,2021,2020-02-13
2021-02-14,42.2511,45,2021,2020-02-14
2021-02-15,41.563,46,2021,2020-02-15
2021-02-16,40.8827,47,2021,2020-02-16
2021-02-17,40.3143,48,2021,2020-02-17
2021-02-18,39.7687,49,2021,2020-02-18
2021-02-19,39.1926,50,2021,2020-02-19
2021-02-20,38.8038,51,2021,2020-02-20
2021-02-21,38.4721,52,2021,2020-02-21
2021-02-22,37.8378,53,2021,2020-02-22
2021-02-23,37.3556,54,2021,2020-02-23
2021-02-24,36.9528,55,2021,2020-02-24
2021-02-25,36.6503,56,2021,2020-02-25
2021-02-26,36.3497,57,2021,2020-02-26
2021-02-27,36.1552,58,2021,2020-02-27
2021-02-28,35.9399,59,2021,2020-02-28
2021-03-01,35.4771,60,2021,2020-03-01
2021-03-02,34.9941,61,2021,2020-03-02
2021-03-03,34.5708,62,2021,2020-03-03
2021-03-04,34.1969,63,2021,2020-03-04
2021-03-05,33.7177,64,2021,2020-03-05
2021-03-06,33.3711,65,2021,2020-03-06
2021-03-07,33.0253,66,2021,2020-03-07
2021-03-08,32.4801,67,2021,2020-03-08
2021-03-09,31.9663,68,2021,2020-03-09
2021-03-10,31.4602,69,2021,2020-03-10
2021-03-11,31.0593,70,2021,2020-03-11
2021-03-12,30.6902,71,2021,2020-03-12
2021-03-13,30.3696,72,2021,2020-03-13
2021-03-14,29.9764,73,2021,2020-03-14
2021-03-15,29.439,74,2021,2020-03-15
2021-03-16,28.8757,75,2021,2020-03-16
2021-03-17,28.3241,76,2021,2020-03-17
2021-03-18,27.7317,77,2021,2020-03-18
2021-03-19,27.1595,78,2021,2020-03-19
2021-03-20,26.6192,79,2021,2020-03-20
2021-03-21,26.1591,80,2021,2020-03-21
2021-03-22,25.5636,81,2021,2020-03-22
2021-03-23,25.0945,82,2021,2020-03-23
2021-03-24,24.6055,83,2021,2020-03-24
2021-03-25,24.2396,84,2021,2020-03-25
2021-03-26,24.0218,85,2021,2020-03-26
2021-03-27,23.9375,86,2021,2020-03-27
2021-03-28,23.8579,87,2021,2020-03-28
2021-03-29,23.6857,88,2021,2020-03-29
2021-03-30,23.574,89,2021,2020-03-30
2021-03-31,23.5116,90,2021,2020-03-31
2021-04-01,23.676,91,2021,2020-04-01
2021-04-02,23.9207,92,2021,2020-04-02
2021-04-03,24.0741,93,2021,2020-04-03
2021-04-04,24.2906,94,2021,2020-04-04
2021-04-05,24.4198,95,2021,2020-04-05
2021-04-06,24.2023,96,2021,2020-04-06
2021-04-07,23.9353,97,2021,2020-04-07
2021-04-08,23.5697,98,2021,2020-04-08
2021-04-09,23.3007,99,2021,2020-04-09
2021-04-10,23.1456,100,2021,2020-04-10
2021-04-11,23.048,101,2021,2020-04-11
2021-04-12,22.6886,102,2021,2020-04-12
2021-04-13,22.2568,103,2021,2020-04-13
2021-04-14,21.9597,104,2021,2020-04-14
2021-04-15,21.7043,105,2021,2020-04-15
2021-04-16,21.4396,106,2021,2020-04-16
2021-04-17,21.3105,107,2021,2020-04-17
2021-04-18,21.1355,108,2021,2020-04-18
2021-04-19,20.8683,109,2021,2020-04-19
2021-04-20,20.6818,110,2021,2020-04-20
2021-04-21,20.5674,111,2021,2020-04-21
2021-04-22,20.4181,112,2021,2020-04-22
2021-04-23,20.3336,113,2021,2020-04-23
2021-04-24,20.5673,114,2021,2020-04-24
2021-04-25,20.8298,115,2021,2020-04-25
2021-04-26,20.7861,116,2021,2020-04-26
2021-04-27,20.7543,117,2021,2020-04-27
2021-04-28,20.7378,118,2021,2020-04-28
2021-04-29,20.734,119,2021,2020-04-29
2021-04-30,20.6611,120,2021,2020-04-30
2021-05-01,20.8365,121,2021,2020-05-01
2021-05-02,20.9907,122,2021,2020-05-02
2021-05-03,20.9012,123,2021,2020-05-03
2021-05-04,20.7976,124,2021,2020-05-04
2021-05-05,20.5958,125,2021,2020-05-05
2021-05-06,20.2924,126,2021,2020-05-06
2021-05-07,20.0647,127,2021,2020-05-07
2021-05-08,20.2286,128,2021,2020-05-08
2021-05-09,20.5657,129,2021,2020-05-09
2021-05-10,20.7102,130,2021,2020-05-10
2021-05-11,20.7535,131,2021,2020-05-11
2021-05-12,20.7257,132,2021,2020-05-12
2021-05-13,20.7453,133,2021,2020-05-13
2021-05-14,20.8986,134,2021,2020-05-14
2021-05-15,21.0343,135,2021,2020-05-15
2021-05-16,21.1884,136,2021,2020-05-16
2021-05-17,21.0702,137,2021,2020-05-17
2021-05-18,20.8884,138,2021,2020-05-18
2021-05-19,20.7005,139,2021,2020-05-19
2021-05-20,20.6061,140,2021,2020-05-20
2021-05-21,20.6306,141,2021,2020-05-21
2021-05-22,20.7195,142,2021,2020-05-22
2021-05-23,20.85,143,2021,2020-05-23
2021-05-24,20.8008,144,2021,2020-05-24
2021-05-25,20.6083,145,2021,2020-05-25
2021-05-26,20.4575,146,2021,2020-05-26
2021-05-27,20.1585,147,2021,2020-05-27
2021-05-28,19.9973,148,2021,2020-05-28
2021-05-29,20.1839,149,2021,2020-05-29
2021-05-30,20.3867,150,2021,2020-05-30
2021-05-31,20.4843,151,2021,2020-05-31
2021-06-01,20.8203,152,2021,2020-06-01
2021-06-02,21.1875,153,2021,2020-06-02
2021-06-03,21.5042,154,2021,2020-06-03
2021-06-04,21.8244,155,2021,2020-06-04
2021-06-05,22.1922,156,2021,2020-06-05
2021-06-06,22.5603,157,2021,2020-06-06
2021-06-07,22.8438,158,2021,2020-06-07
2021-06-08,23.0957,159,2021,2020-06-08
2021-06-09,23.2541,160,2021,2020-06-09
2021-06-10,23.4934,161,2021,2020-06-10
2021-06-11,23.7498,162,2021,2020-06-11
2021-06-12,24.2243,163,2021,2020-06-12
2021-06-13,24.6903,164,2021,2020-06-13
2021-06-14,25.0474,165,2021,2020-06-14
2021-06-15,25.2868,166,2021,2020-06-15
2021-06-16,25.5152,167,2021,2020-06-16
2021-06-17,25.8441,168,2021,2020-06-17
2021-06-18,26.2,169,2021,2020-06-18
2021-06-19,26.5881,170,2021,2020-06-19
2021-06-20,26.9548,171,2021,2020-06-20
2021-06-21,27.1602,172,2021,2020-06-21
2021-06-22,27.2708,173,2021,2020-06-22
2021-06-23,27.3885,174,2021,2020-06-23
2021-06-24,27.5065,175,2021,2020-06-24
2021-06-25,27.649,176,2021,2020-06-25
2021-06-26,27.9205,177,2021,2020-06-26
2021-06-27,28.1956,178,2021,2020-06-27
2021-06-28,28.2956,179,2021,2020-06-28
2021-06-29,28.3823,180,2021,2020-06-29
2021-06-30,28.5186,181,2021,2020-06-30
2021-07-01,28.7485,182,2021,2020-07-01
2021-07-02,28.813,183,2021,2020-07-02
2021-07-03,29.0868,184,2021,2020-07-03
2021-07-04,29.3697,185,2021,2020-07-04
2021-07-05,29.5907,186,2021,2020-07-05
2021-07-06,29.6467,187,2021,2020-07-06
2021-07-07,29.7039,188,2021,2020-07-07
2021-07-08,29.734,189,2021,2020-07-08
2021-07-09,29.989,190,2021,2020-07-09
2021-07-10,30.2969,191,2021,2020-07-10
2021-07-11,30.646,192,2021,2020-07-11
2021-07-12,30.755,193,2021,2020-07-12
2021-07-13,30.6755,194,2021,2020-07-13
2021-07-14,30.6521,195,2021,2020-07-14
2021-07-15,30.5392,196,2021,2020-07-15
2021-07-16,30.6836,197,2021,2020-07-16
2021-07-17,30.839,198,2021,2020-07-17
2021-07-18,30.9847,199,2021,2020-07-18
2021-07-19,31.0817,200,2021,2020-07-19
2021-07-20,31.0798,201,2021,2020-07-20
2021-07-21,31.0505,202,2021,2020-07-21
2021-07-22,31.0427,203,2021,2020-07-22
2021-07-23,31.2871,204,2021,2020-07-23
2021-07-24,31.5929,205,2021,2020-07-24
2021-07-25,31.9259,206,2021,2020-07-25
2021-07-26,32.1505,207,2021,2020-07-26
2021-07-27,32.3734,208,2021,2020-07-27
2021-07-28,32.6221,209,2021,2020-07-28
2021-07-29,32.9696,210,2021,2020-07-29
2021-07-30,33.2556,211,2021,2020-07-30
2021-07-31,33.593,212,2021,2020-07-31
2021-08-01,33.9951,213,2021,2020-08-01
2021-08-02,34.2094,214,2021,2020-08-02
2021-08-03,34.43,215,2021,2020-08-03
2021-08-04,34.7669,216,2021,2020-08-04
2021-08-05,35.0474,217,2021,2020-08-05
2021-08-06,35.3316,218,2021,2020-08-06
2021-08-07,35.794,219,2021,2020-08-07
2021-08-08,36.2726,220,2021,2020-08-08
2021-08-09,36.6438,221,2021,2020-08-09
2021-08-10,37.0165,222,2021,2020-08-10
2021-08-11,37.4124,223,2021,2020-08-11
2021-08-12,37.7977,224,2021,2020-08-12
2021-08-13,38.1877,225,2021,2020-08-13
2021-08-14,38.598,226,2021,2020-08-14
2021-08-15,39.0034,227,2021,2020-08-15
2021-08-16,39.3113,228,2021,2020-08-16
2021-08-17,39.6331,229,2021,2020-08-17
2021-08-18,39.9633,230,2021,2020-08-18
2021-08-19,40.3543,231,2021,2020-08-19
2021-08-20,40.7514,232,2021,2020-08-20
2021-08-21,41.0643,233,2021,2020-08-21
2021-08-22,41.3834,234,2021,2020-08-22
2021-08-23,41.6805,235,2021,2020-08-23
2021-08-24,41.9847,236,2021,2020-08-24
2021-08-25,42.2166,237,2021,2020-08-25
2021-08-26,42.5273,238,2021,2020-08-26
2021-08-27,42.8614,239,2021,2020-08-27
2021-08-28,43.2697,240,2021,2020-08-28
2021-08-29,43.7152,241,2021,2020-08-29
2021-08-30,44.037,242,2021,2020-08-30
2021-08-31,44.3058,243,2021,2020-08-31
2021-09-01,44.4411,244,2021,2020-09-01
2021-09-02,44.6074,245,2021,2020-09-02
2021-09-03,44.8019,246,2021,2020-09-03
2021-09-04,45.1387,247,2021,2020-09-04
2021-09-05,45.5165,248,2021,2020-09-05
2021-09-06,45.6796,249,2021,2020-09-06
2021-09-07,45.8185,250,2021,2020-09-07
2021-09-08,45.9837,251,2021,2020-09-08
2021-09-09,46.1224,252,2021,2020-09-09
2021-09-10,46.2468,253,2021,2020-09-10
2021-09-11,46.5121,254,2021,2020-09-11
2021-09-12,46.7882,255,2021,2020-09-12
2021-09-13,46.9034,256,2021,2020-09-13
2021-09-14,46.9816,257,2021,2020-09-14
2021-09-15,47.0282,258,2021,2020-09-15
2021-09-16,47.1085,259,2021,2020-09-16
2021-09-17,47.3024,260,2021,2020-09-17
2021-09-18,47.5637,261,2021,2020-09-18
2021-09-19,47.8338,262,2021,2020-09-19
2021-09-20,47.9816,263,2021,2020-09-20
2021-09-21,48.1593,264,2021,2020-09-21
2021-09-22,48.3374,265,2021,2020-09-22
2021-09-23,48.5814,266,2021,2020-09-23
2021-09-24,48.8127,267,2021,2020-09-24
2021-09-25,49.2307,268,2021,2020-09-25
2021-09-26,49.6316,269,2021,2020-09-26
2021-09-27,49.8944,270,2021,2020-09-27
2021-09-28,50.1719,271,2021,2020-09-28
2021-09-29,50.442,272,2021,2020-09-29
2021-09-30,50.8282,273,2021,2020-09-30
2021-10-01,51.1302,274,2021,2020-10-01
2021-10-02,51.5798,275,2021,2020-10-02
2021-10-03,52.0526,276,2021,2020-10-03
2021-10-04,52.3572,277,2021,2020-10-04
2021-10-05,52.7557,278,2021,2020-10-05
2021-10-06,52.9826,279,2021,2020-10-06
2021-10-07,53.0996,280,2021,2020-10-07
2021-10-08,53.2821,281,2021,2020-10-08
2021-10-09,53.5996,282,2021,2020-10-09
2021-10-10,53.8822,283,2021,2020-10-10
2021-10-11,54.005,284,2021,2020-10-11
2021-10-12,54.0315,285,2021,2020-10-12
2021-10-13,54.0003,286,2021,2020-10-13
2021-10-14,54.1005,287,2021,2020-10-14
2021-10-15,54.0946,288,2021,2020-10-15
2021-10-16,54.1797,289,2021,2020-10-16
2021-10-17,54.2387,290,2021,2020-10-17
2021-10-18,54.1011,291,2021,2020-10-18
2021-10-19,54.112,292,2021,2020-10-19
2021-10-20,54.2717,293,2021,2020-10-20
2021-10-21,54.4225,294,2021,2020-10-21
2021-10-22,54.3639,295,2021,2020-10-22
2021-10-23,54.3807,296,2021,2020-10-23
2021-10-24,54.4516,297,2021,2020-10-24
2021-10-25,54.2874,298,2021,2020-10-25
2021-10-26,54.0146,299,2021,2020-10-26
2021-10-27,53.8497,300,2021,2020-10-27
2021-10-28,53.6557,301,2021,2020-10-28
2021-10-29,53.5202,302,2021,2020-10-29
2021-10-30,53.5504,303,2021,2020-10-30
2021-10-31,53.6219,304,2021,2020-10-31
2021-11-01,53.5655,305,2021,2020-11-01
2021-11-02,53.1762,306,2021,2020-11-02
2021-11-03,52.7696,307,2021,2020-11-03
2021-11-04,52.4433,308,2021,2020-11-04
2021-11-05,52.1638,309,2021,2020-11-05
2021-11-06,52.0166,310,2021,2020-11-06
2021-11-07,51.9205,311,2021,2020-11-07
2021-11-08,51.5473,312,2021,2020-11-08
2021-11-09,51.2369,313,2021,2020-11-09
2021-11-10,51.0589,314,2021,2020-11-10
2021-11-11,50.7701,315,2021,2020-11-11
2021-11-12,50.535,316,2021,2020-11-12
2021-11-13,50.4082,317,2021,2020-11-13
2021-11-14,50.3464,318,2021,2020-11-14
2021-11-15,49.999,319,2021,2020-11-15
2021-11-16,49.6849,320,2021,2020-11-16
2021-11-17,49.33,321,2021,2020-11-17
2021-11-18,48.9351,322,2021,2020-11-18
2021-11-19,48.7636,323,2021,2020-11-19
2021-11-20,48.6681,324,2021,2020-11-20
2021-11-21,48.5271,325,2021,2020-11-21
2021-11-22,48.0912,326,2021,2020-11-22
2021-11-23,47.6801,327,2021,2020-11-23
2021-11-24,47.1847,328,2021,2020-11-24
2021-11-25,46.6042,329,2021,2020-11-25
2021-11-26,46.0531,330,2021,2020-11-26
2021-11-27,45.6572,331,2021,2020-11-27
2021-11-28,45.2828,332,2021,2020-11-28
2021-11-29,44.6811,333,2021,2020-11-29
2021-11-30,44.0037,334,2021,2020-11-30
2021-12-01,43.4312,335,2021,2020-12-01
2021-12-02,42.7565,336,2021,2020-12-02
2021-12-03,42.21,337,2021,2020-12-03
2021-12-04,41.7949,338,2021,2020-12-04
2021-12-05,41.4683,339,2021,2020-12-05
2021-12-06,40.7674,340,2021,2020-12-06
2021-12-07,40.0976,341,2021,2020-12-07
2021-12-08,39.5369,342,2021,2020-12-08
2021-12-09,38.844,343,2021,2020-12-09
2021-12-10,38.2477,344,2021,2020-12-10
2021-12-11,37.8857,345,2021,2020-12-11
2021-12-12,37.6574,346,2021,2020-12-12
2021-12-13,37.2573,347,2021,2020-12-13
2021-12-14,36.9583,348,2021,2020-12-14
2021-12-15,36.7035,349,2021,2020-12-15
2021-12-16,36.2913,350,2021,2020-12-16
2021-12-17,35.938,351,2021,2020-12-17
2021-12-18,35.7041,352,2021,2020-12-18
2021-12-19,35.4066,353,2021,2020-12-19
2021-12-20,34.7563,354,2021,2020-12-20
2021-12-21,33.9985,355,2021,2020-12-21
2021-12-22,33.2782,356,2021,2020-12-22
2021-12-23,32.6717,357,2021,2020-12-23
2021-12-24,32.3909,358,2021,2020-12-24
2021-12-25,32.2666,359,2021,2020-12-25
2021-12-26,32.0619,360,2021,2020-12-26
2021-12-27,31.8543,361,2021,2020-12-27
2021-12-28,31.7945,362,2021,2020-12-28
2021-12-29,31.9065,363,2021,2020-12-29
2021-12-30,32.1473,364,2021,2020-12-30
2021-12-31,33.0511,365,2021,2020-12-31
2022-01-01,33.2617,1,2022,2020-01-01
2022-01-02,33.4404,2,2022,2020-01-02
2022-01-03,33.4705,3,2022,2020-01-03
2022-01-04,33.3658,4,2022,2020-01-04
2022-01-05,33.3034,5,2022,2020-01-05
2022-01-06,32.9772,6,2022,2020-01-06
2022-01-07,32.5719,7,2022,2020-01-07
2022-01-08,32.279,8,2022,2020-01-08
2022-01-09,32.0145,9,2022,2020-01-09
2022-01-10,31.3356,10,2022,2020-01-10
2022-01-11,30.7091,11,2022,2020-01-11
2022-01-12,30.0252,12,2022,2020-01-12
2022-01-13,29.3422,13,2022,2020-01-13
2022-01-14,28.7366,14,2022,2020-01-14
2022-01-15,28.3708,15,2022,2020-01-15
2022-01-16,28.0705,16,2022,2020-01-16
2022-01-17,27.5851,17,2022,2020-01-17
2022-01-18,26.9788,18,2022,2020-01-18
2022-01-19,26.4255,19,2022,2020-01-19
2022-01-20,25.84,20,2022,2020-01-20
2022-01-21,25.2106,21,2022,2020-01-21
2022-01-22,24.8408,22,2022,2020-01-22
2022-01-23,24.5385,23,2022,2020-01-23
2022-01-24,23.9502,24,2022,2020-01-24
2022-01-25,23.3341,25,2022,2020-01-25
2022-01-26,22.7197,26,2022,2020-01-26
2022-01-27,22.2098,27,2022,2020-01-27
2022-01-28,21.7554,28,2022,2020-01-28
2022-01-29,21.7173,29,2022,2020-01-29
2022-01-30,21.6593,30,2022,2020-01-30
2022-01-31,21.2496,31,2022,2020-01-31
2022-02-01,21.0236,32,2022,2020-02-01
2022-02-02,20.7316,33,2022,2020-02-02
2022-02-03,20.5444,34,2022,2020-02-03
2022-02-04,20.348,35,2022,2020-02-04
2022-02-05,20.3279,36,2022,2020-02-05
2022-02-06,20.2158,37,2022,2020-02-06
2022-02-07,20.0224,38,2022,2020-02-07
2022-02-08,19.7111,39,2022,2020-02-08
2022-02-09,19.3896,40,2022,2020-02-09
2022-02-10,18.9533,41,2022,2020-02-10
2022-02-11,18.5858,42,2022,2020-02-11
2022-02-12,18.4903,43,2022,2020-02-12
2022-02-13,18.4792,44,2022,2020-02-13
2022-02-14,18.0983,45,2022,2020-02-14
2022-02-15,17.6331,46,2022,2020-02-15
2022-02-16,17.2746,47,2022,2020-02-16
2022-02-17,17.2827,48,2022,2020-02-17
2022-02-18,17.3171,49,2022,2020-02-18
2022-02-19,17.3886,50,2022,2020-02-19
2022-02-20,17.4915,51,2022,2020-02-20
2022-02-21,17.4115,52,2022,2020-02-21
2022-02-22,17.2744,53,2022,2020-02-22
2022-02-23,17.1632,54,2022,2020-02-23
2022-02-24,17.1332,55,2022,2020-02-24
2022-02-25,17.0143,56,2022,2020-02-25
2022-02-26,16.9278,57,2022,2020-02-26
2022-02-27,16.8399,58,2022,2020-02-27
2022-02-28,16.4927,59,2022,2020-02-28
2022-03-01,16.1796,60,2022,2020-03-01
2022-03-02,15.8091,61,2022,2020-03-02
2022-03-03,15.5329,62,2022,2020-03-03
2022-03-04,15.2028,63,2022,2020-03-04
2022-03-05,15.0208,64,2022,2020-03-05
2022-03-06,14.7965,65,2022,2020-03-06
2022-03-07,14.3993,66,2022,2020-03-07
2022-03-08,14.0326,67,2022,2020-03-08
2022-03-09,13.8001,68,2022,2020-03-09
2022-03-10,13.6444,69,2022,2020-03-10
2022-03-11,13.5183,70,2022,2020-03-11
2022-03-12,13.4817,71,2022,2020-03-12
2022-03-13,13.4606,72,2022,2020-03-13
2022-03-14,13.2612,73,2022,2020-03-14
2022-03-15,13.0249,74,2022,2020-03-15
2022-03-16,12.8142,75,2022,2020-03-16
2022-03-17,12.6409,76,2022,2020-03-17
2022-03-18,12.5162,77,2022,2020-03-18
2022-03-19,12.3926,78,2022,2020-03-19
2022-03-20,12.2687,79,2022,2020-03-20
2022-03-21,12.0369,80,2022,2020-03-21
2022-03-22,11.9731,81,2022,2020-03-22
2022-03-23,11.8813,82,2022,2020-03-23
2022-03-24,11.8274,83,2022,2020-03-24
2022-03-25,11.8277,84,2022,2020-03-25
2022-03-26,12.0201,85,2022,2020-03-26
2022-03-27,12.201,86,2022,2020-03-27
2022-03-28,12.2927,87,2022,2020-03-28
2022-03-29,12.3692,88,2022,2020-03-29
2022-03-30,12.4013,89,2022,2020-03-30
2022-03-31,12.5161,90,2022,2020-03-31
2022-04-01,12.4968,91,2022,2020-04-01
2022-04-02,12.5268,92,2022,2020-04-02
2022-04-03,12.5272,93,2022,2020-04-03
2022-04-04,12.3997,94,2022,2020-04-04
2022-04-05,12.2618,95,2022,2020-04-05
2022-04-06,12.4055,96,2022,2020-04-06
2022-04-07,12.7189,97,2022,2020-04-07
2022-04-08,13.0616,98,2022,2020-04-08
2022-04-09,13.4213,99,2022,2020-04-09
2022-04-10,13.6878,100,2022,2020-04-10
2022-04-11,13.7073,101,2022,2020-04-11
2022-04-12,13.7167,102,2022,2020-04-12
2022-04-13,13.8855,103,2022,2020-04-13
2022-04-14,14.12,104,2022,2020-04-14
2022-04-15,14.3627,105,2022,2020-04-15
2022-04-16,14.7948,106,2022,2020-04-16
2022-04-17,15.2237,107,2022,2020-04-17
2022-04-18,15.6311,108,2022,2020-04-18
2022-04-19,15.7602,109,2022,2020-04-19
2022-04-20,15.6343,110,2022,2020-04-20
2022-04-21,15.6947,111,2022,2020-04-21
2022-04-22,15.8964,112,2022,2020-04-22
2022-04-23,16.2064,113,2022,2020-04-23
2022-04-24,16.5631,114,2022,2020-04-24
2022-04-25,16.7871,115,2022,2020-04-25
2022-04-26,16.9282,116,2022,2020-04-26
2022-04-27,17.0901,117,2022,2020-04-27
2022-04-28,17.348,118,2022,2020-04-28
2022-04-29,17.7128,119,2022,2020-04-29
2022-04-30,18.0894,120,2022,2020-04-30
2022-05-01,18.5894,121,2022,2020-05-01
2022-05-02,18.9576,122,2022,2020-05-02
2022-05-03,19.3535,123,2022,2020-05-03
2022-05-04,19.7542,124,2022,2020-05-04
2022-05-05,20.1858,125,2022,2020-05-05
2022-05-06,20.6898,126,2022,2020-05-06
2022-05-07,21.1993,127,2022,2020-05-07
2022-05-08,21.686,128,2022,2020-05-08
2022-05-09,22.0827,129,2022,2020-05-09
2022-05-10,22.4866,130,2022,2020-05-10
2022-05-11,22.9846,131,2022,2020-05-11
2022-05-12,23.4104,132,2022,2020-05-12
2022-05-13,23.8962,133,2022,2020-05-13
2022-05-14,24.389,134,2022,2020-05-14
2022-05-15,24.8764,135,2022,2020-05-15
2022-05-16,25.2482,136,2022,2020-05-16
2022-05-17,25.5908,137,2022,2020-05-17
2022-05-18,25.9315,138,2022,2020-05-18
2022-05-19,26.2334,139,2022,2020-05-19
2022-05-20,26.5766,140,2022,2020-05-20
2022-05-21,27.0033,141,2022,2020-05-21
2022-05-22,27.4151,142,2022,2020-05-22
2022-05-23,27.7752,143,2022,2020-05-23
2022-05-24,28.1682,144,2022,2020-05-24
2022-05-25,28.6553,145,2022,2020-05-25
2022-05-26,29.1081,146,2022,2020-05-26
2022-05-27,29.5959,147,2022,2020-05-27
2022-05-28,30.0875,148,2022,2020-05-28
2022-05-29,30.5643,149,2022,2020-05-29
2022-05-30,31.0095,150,2022,2020-05-30
2022-05-31,31.2926,151,2022,2020-05-31
2022-06-01,31.7889,152,2022,2020-06-01
2022-06-02,32.2998,153,2022,2020-06-02
2022-06-03,32.8438,154,2022,2020-06-03
2022-06-04,33.4195,155,2022,2020-06-04
2022-06-05,34.0226,156,2022,2020-06-05
2022-06-06,34.5322,157,2022,2020-06-06
2022-06-07,34.9728,158,2022,2020-06-07
2022-06-08,35.3371,159,2022,2020-06-08
2022-06-09,35.7539,160,2022,2020-06-09
2022-06-10,36.1981,161,2022,2020-06-10
2022-06-11,36.7364,162,2022,2020-06-11
2022-06-12,37.2785,163,2022,2020-06-12
2022-06-13,37.7487,164,2022,2020-06-13
2022-06-14,38.0844,165,2022,2020-06-14
2022-06-15,38.3869,166,2022,2020-06-15
2022-06-16,38.7063,167,2022,2020-06-16
2022-06-17,39.0303,168,2022,2020-06-17
2022-06-18,39.4615,169,2022,2020-06-18
2022-06-19,39.9369,170,2022,2020-06-19
2022-06-20,40.3705,171,2022,2020-06-20
2022-06-21,40.7507,172,2022,2020-06-21
2022-06-22,41.1168,173,2022,2020-06-22
2022-06-23,41.4471,174,2022,2020-06-23
2022-06-24,41.6449,175,2022,2020-06-24
2022-06-25,42.0264,176,2022,2020-06-25
2022-06-26,42.4616,177,2022,2020-06-26
2022-06-27,42.6674,178,2022,2020-06-27
2022-06-28,42.7242,179,2022,2020-06-28
2022-06-29,42.8901,180,2022,2020-06-29
2022-06-30,43.0881,181,2022,2020-06-30
2022-07-01,43.1701,182,2022,2020-07-01
2022-07-02,43.5259,183,2022,2020-07-02
2022-07-03,43.9331,184,2022,2020-07-03
2022-07-04,44.2091,185,2022,2020-07-04
2022-07-05,44.4577,186,2022,2020-07-05
2022-07-06,44.6666,187,2022,2020-07-06
2022-07-07,44.9059,188,2022,2020-07-07
2022-07-08,45.2288,189,2022,2020-07-08
2022-07-09,45.6988,190,2022,2020-07-09
2022-07-10,46.1563,191,2022,2020-07-10
2022-07-11,46.3148,192,2022,2020-07-11
2022-07-12,46.4686,193,2022,2020-07-12
2022-07-13,46.6247,194,2022,2020-07-13
2022-07-14,46.7923,195,2022,2020-07-14
2022-07-15,46.9881,196,2022,2020-07-15
2022-07-16,47.2964,197,2022,2020-07-16
2022-07-17,47.6595,198,2022,2020-07-17
2022-07-18,47.7931,199,2022,2020-07-18
2022-07-19,47.887,200,2022,2020-07-19
2022-07-20,48.005,201,2022,2020-07-20
2022-07-21,48.1205,202,2022,2020-07-21
2022-07-22,48.2757,203,2022,2020-07-22
2022-07-23,48.5632,204,2022,2020-07-23
2022-07-24,48.9468,205,2022,2020-07-24
2022-07-25,49.3002,206,2022,2020-07-25
2022-07-26,49.5236,207,2022,2020-07-26
2022-07-27,49.6807,208,2022,2020-07-27
2022-07-28,49.9247,209,2022,2020-07-28
2022-07-29,50,210,2022,2020-07-29
2022-07-30,50.4118,211,2022,2020-07-30
2022-07-31,50.8443,212,2022,2020-07-31
2022-08-01,51.2076,213,2022,2020-08-01
2022-08-02,51.6418,214,2022,2020-08-02
2022-08-03,51.9915,215,2022,2020-08-03
2022-08-04,52.1725,216,2022,2020-08-04
2022-08-05,52.3745,217,2022,2020-08-05
2022-08-06,52.7681,218,2022,2020-08-06
2022-08-07,53.231,219,2022,2020-08-07
2022-08-08,53.5733,220,2022,2020-08-08
2022-08-09,54.0093,221,2022,2020-08-09
2022-08-10,54.5265,222,2022,2020-08-10
2022-08-11,55.0568,223,2022,2020-08-11
2022-08-12,55.5234,224,2022,2020-08-12
2022-08-13,56.0774,225,2022,2020-08-13
2022-08-14,56.6423,226,2022,2020-08-14
2022-08-15,57.1619,227,2022,2020-08-15
2022-08-16,57.5849,228,2022,2020-08-16
2022-08-17,57.9813,229,2022,2020-08-17
2022-08-18,58.3016,230,2022,2020-08-18
2022-08-19,58.6574,231,2022,2020-08-19
2022-08-20,59.205,232,2022,2020-08-20
2022-08-21,59.7487,233,2022,2020-08-21
2022-08-22,60.191,234,2022,2020-08-22
2022-08-23,60.5794,235,2022,2020-08-23
2022-08-24,60.9638,236,2022,2020-08-24
2022-08-25,61.4074,237,2022,2020-08-25
2022-08-26,61.8034,238,2022,2020-08-26
2022-08-27,62.2715,239,2022,2020-08-27
2022-08-28,62.7209,240,2022,2020-08-28
2022-08-29,63.1229,241,2022,2020-08-29
2022-08-30,63.5104,242,2022,2020-08-30
2022-08-31,63.8852,243,2022,2020-08-31
2022-09-01,64.1375,244,2022,2020-09-01
2022-09-02,64.5363,245,2022,2020-09-02
2022-09-03,64.9114,246,2022,2020-09-03
2022-09-04,65.3614,247,2022,2020-09-04
2022-09-05,65.6897,248,2022,2020-09-05
2022-09-06,66.0655,249,2022,2020-09-06
2022-09-07,66.2598,250,2022,2020-09-07
2022-09-08,66.6781,251,2022,2020-09-08
2022-09-09,67.0795,252,2022,2020-09-09
2022-09-10,67.5436,253,2022,2020-09-10
2022-09-11,67.9993,254,2022,2020-09-11
2022-09-12,68.3753,255,2022,2020-09-12
2022-09-13,68.7038,256,2022,2020-09-13
2022-09-14,69.0484,257,2022,2020-09-14
2022-09-15,69.4707,258,2022,2020-09-15
2022-09-16,69.9578,259,2022,2020-09-16
2022-09-17,70.5,260,2022,2020-09-17
2022-09-18,71.037,261,2022,2020-09-18
2022-09-19,71.4991,262,2022,2020-09-19
2022-09-20,71.9026,263,2022,2020-09-20
2022-09-21,72.314,264,2022,2020-09-21
2022-09-22,72.7269,265,2022,2020-09-22
2022-09-23,73.08,266,2022,2020-09-23
2022-09-24,73.5062,267,2022,2020-09-24
2022-09-25,73.9497,268,2022,2020-09-25
2022-09-26,74.3574,269,2022,2020-09-26
2022-09-27,74.7238,270,2022,2020-09-27
