date,value
2013-10-01,0.235572822
2013-10-02,0.256107787
2013-10-03,0.2502377
2013-10-04,0.229511802
2013-10-05,0.207116663
2013-10-06,0.238023672
2013-10-07,0.232782284
2013-10-08,0.225333934
2013-10-09,0.227147909
2013-10-10,0.23886693
2013-10-11,0.218881887
2013-10-12,0.20630365
2013-10-13,0.251022521
2013-10-14,0.239061133
2013-10-15,0.249666639
2013-10-16,0.238902218
2013-10-17,0.230504096
2013-10-18,0.204287962
2013-10-19,0.192853996
2013-10-20,0.207832834
2013-10-21,0.206084968
2013-10-22,0.196388906
2013-10-23,0.195505788
2013-10-24,0.191258028
2013-10-25,0.16091843
2013-10-26,0.151752676
2013-10-27,0.168051736
2013-10-28,0.187770964
2013-10-29,0.216731149
2013-10-30,0.228132513
2013-10-31,0.199296866
2013-11-01,0.205134052
2013-11-02,0.213241228
2013-11-03,0.251499023
2013-11-04,0.252044741
2013-11-05,0.274346905
2013-11-06,0.249599377
2013-11-07,0.244772023
2013-11-08,0.214719285
2013-11-09,0.233986117
2013-11-10,0.296182356
2013-11-11,0.306346263
2013-11-12,0.33464631
2013-11-13,0.32769743
2013-11-14,0.338325249
2013-11-15,0.281125237
2013-11-16,0.275055999
2013-11-17,0.327066111
2013-11-18,0.320223166
2013-11-19,0.312268309
2013-11-20,0.329072352
2013-11-21,0.323689205
2013-11-22,0.273136953
2013-11-23,0.267413599
2013-11-24,0.376134993
2013-11-25,0.407124493
2013-11-26,0.404742757
2013-11-27,0.414403714
2013-11-28,0.383311546
2013-11-29,0.328063647
2013-11-30,0.309793636
2013-12-01,0.397928884
2013-12-02,0.411347185
2013-12-03,0.40430245
2013-12-04,0.377598652
2013-12-05,0.36654028
2013-12-06,0.342754606
2013-12-07,0.307314896
2013-12-08,0.369096317
2013-12-09,0.360248584
2013-12-10,0.377868728
2013-12-11,0.387315434
2013-12-12,0.395649095
2013-12-13,0.346872685
2013-12-14,0.309210382
2013-12-15,0.372830366
2013-12-16,0.42019364
2013-12-17,0.430645876
2013-12-18,0.40767015
2013-12-19,0.396389002
2013-12-20,0.338413552
2013-12-21,0.326641156
2013-12-22,0.316254326
2013-12-23,0.278706589
2013-12-24,0.249895186
2013-12-25,0.238833459
2013-12-26,0.265111559
2013-12-27,0.26316305
2013-12-28,0.272675848
2013-12-29,0.285097032
2013-12-30,0.283965214
2013-12-31,0.284142514
2014-01-01,0.319629957
2014-01-02,0.325380639
2014-01-03,0.299060415
2014-01-04,0.279626526
2014-01-05,0.294403147
2014-01-06,0.323136985
2014-01-07,0.341852968
2014-01-08,0.348091786
2014-01-09,0.348465441
2014-01-10,0.302827907
2014-01-11,0.302366465
2014-01-12,0.373891968
2014-01-13,0.392623716
2014-01-14,0.376868691
2014-01-15,0.360273352
2014-01-16,0.337807349
2014-01-17,0.297708726
2014-01-18,0.256148961
2014-01-19,0.331736853
2014-01-20,0.360805453
2014-01-21,0.373261325
2014-01-22,0.389502442
2014-01-23,0.379454722
2014-01-24,0.366156238
2014-01-25,0.378216376
2014-01-26,0.418604748
2014-01-27,0.418046916
2014-01-28,0.417246457
2014-01-29,0.427956846
2014-01-30,0.411612235
2014-01-31,0.355803548
2014-02-01,0.351120076
2014-02-02,0.413229209
2014-02-03,0.407179115
2014-02-04,0.390968018
2014-02-05,0.357071809
2014-02-06,0.340524357
2014-02-07,0.291870489
2014-02-08,0.285209364
2014-02-09,0.353118484
2014-02-10,0.335504375
2014-02-11,0.334999814
2014-02-12,0.34136009
2014-02-13,0.31334557
2014-02-14,0.257753279
2014-02-15,0.255311298
2014-02-16,0.32560648
2014-02-17,0.340017732
2014-02-18,0.333766877
2014-02-19,0.306957554
2014-02-20,0.303225911
2014-02-21,0.270963485
2014-02-22,0.258174719
2014-02-23,0.30225783
2014-02-24,0.302757901
2014-02-25,0.325493594
2014-02-26,0.330514914
2014-02-27,0.302100915
2014-02-28,0.27372308
2014-03-01,0.256318336
2014-03-02,0.275919436
2014-03-03,0.305092936
2014-03-04,0.310663989
2014-03-05,0.301954055
2014-03-06,0.30386483
2014-03-07,0.254493772
2014-03-08,0.249189895
2014-03-09,0.271298752
2014-03-10,0.275336051
2014-03-11,0.266143734
2014-03-12,0.252547726
2014-03-13,0.235024404
2014-03-14,0.198706014
2014-03-15,0.209031671
2014-03-16,0.209539681
2014-03-17,0.210772767
2014-03-18,0.205025689
2014-03-19,0.193834249
2014-03-20,0.184570476
2014-03-21,0.182097831
2014-03-22,0.209790027
2014-03-23,0.291153381
2014-03-24,0.283169014
2014-03-25,0.277810707
2014-03-26,0.258886734
2014-03-27,0.228946798
2014-03-28,0.197062544
2014-03-29,0.178452474
2014-03-30,0.196093308
2014-03-31,0.187372375
2014-04-01,0.1910818
2014-04-02,0.189508251
2014-04-03,0.186733713
2014-04-04,0.171119981
2014-04-05,0.157131283
2014-04-06,0.177961272
2014-04-07,0.169339696
2014-04-08,0.195958792
2014-04-09,0.226592135
2014-04-10,0.221704401
2014-04-11,0.188027301
2014-04-12,0.179019547
2014-04-13,0.221097161
2014-04-14,0.246775791
2014-04-15,0.253767217
2014-04-16,0.252666457
2014-04-17,0.226580066
2014-04-18,0.189836526
2014-04-19,0.168469007
2014-04-20,0.1683565
2014-04-21,0.183509386
2014-04-22,0.171581039
2014-04-23,0.171100771
2014-04-24,0.162674346
2014-04-25,0.146625282
2014-04-26,0.154857641
2014-04-27,0.179016164
2014-04-28,0.178182149
2014-04-29,0.186453809
2014-04-30,0.142594833
2014-05-01,0.153105635
2014-05-02,0.167626631
2014-05-03,0.177780636
2014-05-04,0.20480748
2014-05-05,0.177191292
2014-05-06,0.185007143
2014-05-07,0.16630479
2014-05-08,0.156974799
2014-05-09,0.136163724
2014-05-10,0.141012761
2014-05-11,0.188142251
2014-05-12,0.192134903
2014-05-13,0.210433007
2014-05-14,0.233303175
2014-05-15,0.228092917
2014-05-16,0.209591038
2014-05-17,0.181120765
2014-05-18,0.184803789
2014-05-19,0.164395628
2014-05-20,0.153442581
2014-05-21,0.147122259
2014-05-22,0.144238651
2014-05-23,0.117431336
2014-05-24,0.114316436
2014-05-25,0.138176291
2014-05-26,0.145448675
2014-05-27,0.151036003
2014-05-28,0.141145739
2014-05-29,0.149979941
2014-05-30,0.147277287
2014-05-31,0.140379229
2014-06-01,0.158020216
2014-06-02,0.154464043
2014-06-03,0.156441742
2014-06-04,0.150845652
2014-06-05,0.138399156
2014-06-06,0.109865965
2014-06-07,0.09973078
2014-06-08,0.099872431
2014-06-09,0.122524903
2014-06-10,0.129715535
2014-06-11,0.134504593
2014-06-12,0.119506629
2014-06-13,0.10779171
2014-06-14,0.10973588
2014-06-15,0.123889817
2014-06-16,0.120727006
2014-06-17,0.122090001
2014-06-18,0.111910913
2014-06-19,0.113209384
2014-06-20,0.108453282
2014-06-21,0.102360899
2014-06-22,0.13423931
2014-06-23,0.135989568
2014-06-24,0.145048563
2014-06-25,0.149463233
2014-06-26,0.140427448
2014-06-27,0.11149171
2014-06-28,0.108001242
2014-06-29,0.14421693
2014-06-30,0.143701879
2014-07-01,0.14760921
2014-07-02,0.146364523
2014-07-03,0.131422458
2014-07-04,0.113661568
2014-07-05,0.110014607
2014-07-06,0.142799467
2014-07-07,0.147040268
2014-07-08,0.144097907
2014-07-09,0.134712259
2014-07-10,0.129632739
2014-07-11,0.114793288
2014-07-12,0.110520772
2014-07-13,0.137395158
2014-07-14,0.131718797
2014-07-15,0.140528029
2014-07-16,0.124608033
2014-07-17,0.117392735
2014-07-18,0.111002701
2014-07-19,0.105301821
2014-07-20,0.120174752
2014-07-21,0.120303217
2014-07-22,0.120903598
2014-07-23,0.117578968
2014-07-24,0.115701115
2014-07-25,0.107028116
2014-07-26,0.100440491
2014-07-27,0.109624615
2014-07-28,0.109932362
2014-07-29,0.11117184
2014-07-30,0.119202535
2014-07-31,0.112349325
2014-08-01,0.09980063
2014-08-02,0.094391257
2014-08-03,0.110077497
2014-08-04,0.112207682
2014-08-05,0.116828967
2014-08-06,0.118089118
2014-08-07,0.118953673
2014-08-08,0.107915267
2014-08-09,0.102136301
2014-08-10,0.116522601
2014-08-11,0.122793898
2014-08-12,0.125977652
2014-08-13,0.124583006
2014-08-14,0.108830287
2014-08-15,0.107940806
2014-08-16,0.106294714
2014-08-17,0.12712025
2014-08-18,0.124593171
2014-08-19,0.129514832
2014-08-20,0.130023055
2014-08-21,0.129194966
2014-08-22,0.116128115
2014-08-23,0.114495594
2014-08-24,0.138541981
2014-08-25,0.141287589
2014-08-26,0.141285365
2014-08-27,0.145136192
2014-08-28,0.141559659
2014-08-29,0.122795303
2014-08-30,0.122207663
2014-08-31,0.150263906
2014-09-01,0.149933402
2014-09-02,0.142945486
2014-09-03,0.159718975
2014-09-04,0.139541248
2014-09-05,0.123395618
2014-09-06,0.121871845
2014-09-07,0.139058078
2014-09-08,0.144900726
2014-09-09,0.157305021
2014-09-10,0.170142484
2014-09-11,0.178772851
2014-09-12,0.1535463
2014-09-13,0.145863139
2014-09-14,0.166792586
2014-09-15,0.162256681
2014-09-16,0.151514144
2014-09-17,0.139287318
2014-09-18,0.156475661
2014-09-19,0.140287565
2014-09-20,0.135008148
2014-09-21,0.168262151
2014-09-22,0.202795939
2014-09-23,0.190623703
2014-09-24,0.186367137
2014-09-25,0.191701866
2014-09-26,0.181626203
2014-09-27,0.172658799
2014-09-28,0.186861206
2014-09-29,0.184519123
2014-09-30,0.185006546
2014-10-01,0.186821755
2014-10-02,0.188221228
2014-10-03,0.167449916
2014-10-04,0.167329263
2014-10-05,0.196845656
2014-10-06,0.191430329
2014-10-07,0.19277698
2014-10-08,0.189115933
2014-10-09,0.189442847
2014-10-10,0.171934905
2014-10-11,0.154561911
2014-10-12,0.184524203
2014-10-13,0.189422432
2014-10-14,0.186916427
2014-10-15,0.19144358
2014-10-16,0.18473806
2014-10-17,0.168204911
2014-10-18,0.169175651
2014-10-19,0.191088982
2014-10-20,0.199575126
2014-10-21,0.231346228
2014-10-22,0.281064134
2014-10-23,0.268386573
2014-10-24,0.244844381
2014-10-25,0.241896245
2014-10-26,0.273077417
2014-10-27,0.288723353
2014-10-28,0.301158696
2014-10-29,0.287049041
2014-10-30,0.266724275
2014-10-31,0.226592666
2014-11-01,0.220549457
2014-11-02,0.263983002
2014-11-03,0.244119338
2014-11-04,0.247110922
2014-11-05,0.249810039
2014-11-06,0.231329579
2014-11-07,0.220613002
2014-11-08,0.211116212
2014-11-09,0.245465283
2014-11-10,0.234551506
2014-11-11,0.22869306
2014-11-12,0.242211878
2014-11-13,0.215476288
2014-11-14,0.19806793
2014-11-15,0.196830351
2014-11-16,0.257721443
2014-11-17,0.26683308
2014-11-18,0.28264973
2014-11-19,0.308226277
2014-11-20,0.296581743
2014-11-21,0.269030451
2014-11-22,0.258243725
2014-11-23,0.309721367
2014-11-24,0.326212727
2014-11-25,0.334068513
2014-11-26,0.337141276
2014-11-27,0.332113035
2014-11-28,0.310142897
2014-11-29,0.299135889
2014-11-30,0.356643671
2014-12-01,0.388099483
2014-12-02,0.388440874
2014-12-03,0.366983987
2014-12-04,0.358574978
2014-12-05,0.306659147
2014-12-06,0.278901246
2014-12-07,0.326903419
2014-12-08,0.376714562
2014-12-09,0.3705198
2014-12-10,0.39151212
2014-12-11,0.35483582
2014-12-12,0.290743725
2014-12-13,0.292565495
2014-12-14,0.332479165
2014-12-15,0.356649375
2014-12-16,0.330832915
2014-12-17,0.309811502
2014-12-18,0.27684099
2014-12-19,0.259989996
2014-12-20,0.251353127
2014-12-21,0.286650723
2014-12-22,0.256686302
2014-12-23,0.242974407
2014-12-24,0.23997321
2014-12-25,0.288786804
2014-12-26,0.319145237
2014-12-27,0.346565131
2014-12-28,0.413767368
2014-12-29,0.414230951
2014-12-30,0.401941339
2014-12-31,0.346837269
2015-01-01,0.388343173
2015-01-02,0.338571348
2015-01-03,0.322372407
2015-01-04,0.378858841
2015-01-05,0.371406747
2015-01-06,0.415570297
2015-01-07,0.384020618
2015-01-08,0.359429794
2015-01-09,0.260057673
2015-01-10,0.277232472
2015-01-11,0.346839947
2015-01-12,0.363584862
2015-01-13,0.330557979
2015-01-14,0.323111096
2015-01-15,0.332889348
2015-01-16,0.30817653
2015-01-17,0.302719777
2015-01-18,0.368841529
2015-01-19,0.376909382
2015-01-20,0.369825708
2015-01-21,0.360693651
2015-01-22,0.364119278
2015-01-23,0.333824301
2015-01-24,0.338680753
2015-01-25,0.401663759
2015-01-26,0.403117071
2015-01-27,0.394404775
2015-01-28,0.389717386
2015-01-29,0.404793561
2015-01-30,0.338207535
2015-01-31,0.341116909
2015-02-01,0.381001499
2015-02-02,0.398704054
2015-02-03,0.411708087
2015-02-04,0.414663651
2015-02-05,0.416978177
2015-02-06,0.39480627
2015-02-07,0.374044815
2015-02-08,0.422539676
2015-02-09,0.386271456
2015-02-10,0.39598617
2015-02-11,0.374879875
2015-02-12,0.365877417
2015-02-13,0.3195071
2015-02-14,0.302820618
2015-02-15,0.335720576
2015-02-16,0.361790152
2015-02-17,0.36879856
2015-02-18,0.356182505
2015-02-19,0.349713094
2015-02-20,0.299053878
2015-02-21,0.291235407
2015-02-22,0.317552034
2015-02-23,0.321895993
2015-02-24,0.335177258
2015-02-25,0.326035015
2015-02-26,0.329108046
2015-02-27,0.289887798
2015-02-28,0.29629152
2015-03-01,0.321725086
2015-03-02,0.306349977
2015-03-03,0.324235101
2015-03-04,0.344870711
2015-03-05,0.343996864
2015-03-06,0.293468973
2015-03-07,0.272056233
2015-03-08,0.320621168
2015-03-09,0.307664114
2015-03-10,0.31873665
2015-03-11,0.320125188
2015-03-12,0.334082088
2015-03-13,0.293452585
2015-03-14,0.297358358
2015-03-15,0.316129306
2015-03-16,0.308681471
2015-03-17,0.28149414
2015-03-18,0.289053567
2015-03-19,0.283825334
2015-03-20,0.253150889
2015-03-21,0.252401283
2015-03-22,0.297130427
2015-03-23,0.280588569
2015-03-24,0.283498612
2015-03-25,0.283148524
2015-03-26,0.306187143
2015-03-27,0.255075346
2015-03-28,0.23393739
2015-03-29,0.32186239
2015-03-30,0.299774112
2015-03-31,0.327610661
2015-04-01,0.313743014
2015-04-02,0.305246236
2015-04-03,0.260350006
2015-04-04,0.254541534
2015-04-05,0.273717294
2015-04-06,0.296521852
2015-04-07,0.286349554
2015-04-08,0.257270135
2015-04-09,0.225777197
2015-04-10,0.176349459
2015-04-11,0.162749329
2015-04-12,0.215204822
2015-04-13,0.195899121
2015-04-14,0.168967347
2015-04-15,0.167137326
2015-04-16,0.177194574
2015-04-17,0.187823209
2015-04-18,0.188677574
2015-04-19,0.209398085
2015-04-20,0.1932458
2015-04-21,0.186080151
2015-04-22,0.192454815
2015-04-23,0.18835808
2015-04-24,0.150300511
2015-04-25,0.126307728
2015-04-26,0.147393626
2015-04-27,0.184560477
2015-04-28,0.187073347
2015-04-29,0.203701616
2015-04-30,0.165128947
2015-05-01,0.156823144
2015-05-02,0.152870701
2015-05-03,0.154773973
2015-05-04,0.137921362
2015-05-05,0.141842732
2015-05-06,0.146757831
2015-05-07,0.143553935
2015-05-08,0.12794363
2015-05-09,0.124889731
2015-05-10,0.155576122
2015-05-11,0.148193638
2015-05-12,0.134937072
2015-05-13,0.119311867
2015-05-14,0.137032279
2015-05-15,0.124005914
2015-05-16,0.121710218
2015-05-17,0.139802525
2015-05-18,0.138915301
2015-05-19,0.163197509
2015-05-20,0.174085519
2015-05-21,0.176869945
2015-05-22,0.163734611
2015-05-23,0.150735671
2015-05-24,0.13832222
2015-05-25,0.173927424
2015-05-26,0.18240713
2015-05-27,0.172861329
2015-05-28,0.155640299
2015-05-29,0.124436978
2015-05-30,0.117607777
2015-05-31,0.131836209
2015-06-01,0.126892742
2015-06-02,0.123514941
2015-06-03,0.106492481
2015-06-04,0.104944366
2015-06-05,0.094190185
2015-06-06,0.093316215
2015-06-07,0.111137306
2015-06-08,0.116235471
2015-06-09,0.118805951
2015-06-10,0.12052505
2015-06-11,0.114512474
2015-06-12,0.096521554
2015-06-13,0.093223055
2015-06-14,0.114926505
2015-06-15,0.118380695
2015-06-16,0.122494139
2015-06-17,0.121644461
2015-06-18,0.119321512
2015-06-19,0.112854887
2015-06-20,0.105952809
2015-06-21,0.12314155
2015-06-22,0.128308614
2015-06-23,0.128466083
2015-06-24,0.127194338
2015-06-25,0.123234396
2015-06-26,0.109205415
2015-06-27,0.104202881
2015-06-28,0.124811187
2015-06-29,0.125361178
2015-06-30,0.120582079
2015-07-01,0.130910987
2015-07-02,0.122709323
2015-07-03,0.101991582
2015-07-04,0.097573913
2015-07-05,0.123858875
2015-07-06,0.132156798
2015-07-07,0.145825762
2015-07-08,0.160085237
2015-07-09,0.142869279
2015-07-10,0.103353692
2015-07-11,0.095489338
2015-07-12,0.111836787
2015-07-13,0.114841932
2015-07-14,0.137705373
2015-07-15,0.130056685
2015-07-16,0.129331676
2015-07-17,0.107350377
2015-07-18,0.09134505
2015-07-19,0.132172197
2015-07-20,0.131357293
2015-07-21,0.141295612
2015-07-22,0.147040732
2015-07-23,0.134675073
2015-07-24,0.126080934
2015-07-25,0.097316835
2015-07-26,0.11655702
2015-07-27,0.138812843
2015-07-28,0.146644558
2015-07-29,0.128749522
2015-07-30,0.127377885
2015-07-31,0.101047003
2015-08-01,0.096908761
2015-08-02,0.120527036
2015-08-03,0.120015748
2015-08-04,0.110134799
2015-08-05,0.124271828
2015-08-06,0.13433673
2015-08-07,0.126836862
2015-08-08,0.096225879
2015-08-09,0.159871316
2015-08-10,0.163950162
2015-08-11,0.141261957
2015-08-12,0.165665077
2015-08-13,0.162216013
2015-08-14,0.093396276
2015-08-15,0.094881706
2015-08-16,0.116814838
2015-08-17,0.118717123
2015-08-18,0.12526565
2015-08-19,0.126420671
2015-08-20,0.121127375
2015-08-21,0.107830979
2015-08-22,0.108324101
2015-08-23,0.119681503
2015-08-24,0.153201292
2015-08-25,0.143110542
2015-08-26,0.137624293
2015-08-27,0.128791411
2015-08-28,0.114963932
2015-08-29,0.097667087
2015-08-30,0.1573507
2015-08-31,0.155041797
2015-09-01,0.148743382
2015-09-02,0.149414444
2015-09-03,0.120411053
2015-09-04,0.113659193
2015-09-05,0.10719814
2015-09-06,0.142042103
2015-09-07,0.141782015
2015-09-08,0.158097909
2015-09-09,0.17816426
2015-09-10,0.175243262
2015-09-11,0.137822511
2015-09-12,0.115922295
2015-09-13,0.164847093
2015-09-14,0.203786812
2015-09-15,0.177456506
2015-09-16,0.178807649
2015-09-17,0.169079904
2015-09-18,0.143394656
2015-09-19,0.131553537
2015-09-20,0.193303626
2015-09-21,0.207449234
2015-09-22,0.187727703
2015-09-23,0.23998944
2015-09-24,0.190754692
2015-09-25,0.167243274
2015-09-26,0.153315945
2015-09-27,0.201346971
2015-09-28,0.23148847
2015-09-29,0.239535363
2015-09-30,0.259344404
2015-10-01,0.215830443
2015-10-02,0.162863716
2015-10-03,0.160317372
2015-10-04,0.233061693
2015-10-05,0.229297448
2015-10-06,0.21378928
2015-10-07,0.2112043
2015-10-08,0.211484074
2015-10-09,0.207950195
2015-10-10,0.218740729
2015-10-11,0.294397623
2015-10-12,0.296292377
2015-10-13,0.285056294
2015-10-14,0.27472701
2015-10-15,0.292641286
2015-10-16,0.25925491
2015-10-17,0.249197439
2015-10-18,0.313774526
2015-10-19,0.313057322
2015-10-20,0.288775183
2015-10-21,0.289274306
2015-10-22,0.259755529
2015-10-23,0.228943944
2015-10-24,0.211228093
2015-10-25,0.251981748
2015-10-26,0.255948957
2015-10-27,0.26933025
2015-10-28,0.278258868
2015-10-29,0.268903834
2015-10-30,0.232051864
2015-10-31,0.228626753
2015-11-01,0.313153503
2015-11-02,0.331334214
2015-11-03,0.346038431
2015-11-04,0.334691731
2015-11-05,0.320135553
2015-11-06,0.234489862
2015-11-07,0.201365914
2015-11-08,0.273931101
2015-11-09,0.261658339
2015-11-10,0.26134042
2015-11-11,0.262541351
2015-11-12,0.320257276
2015-11-13,0.256948788
2015-11-14,0.251624321
2015-11-15,0.313883577
2015-11-16,0.297909037
2015-11-17,0.316082046
2015-11-18,0.306812664
2015-11-19,0.283982769
2015-11-20,0.241920643
2015-11-21,0.275407404
2015-11-22,0.362116257
2015-11-23,0.423203217
2015-11-24,0.408167591
2015-11-25,0.394891686
2015-11-26,0.402827726
2015-11-27,0.369404412
2015-11-28,0.334535702
2015-11-29,0.371173603
2015-11-30,0.336963807
2015-12-01,0.302475634
2015-12-02,0.321823032
2015-12-03,0.357579044
2015-12-04,0.326823021
2015-12-05,0.333826568
2015-12-06,0.344237754
2015-12-07,0.361027841
2015-12-08,0.39524003
2015-12-09,0.420442476
2015-12-10,0.437916421
2015-12-11,0.333697955
2015-12-12,0.310706371
2015-12-13,0.364993462
2015-12-14,0.367020903
2015-12-15,0.371909143
2015-12-16,0.365589231
2015-12-17,0.356429644
2015-12-18,0.315773514
2015-12-19,0.329006656
2015-12-20,0.383813361
2015-12-21,0.355474718
2015-12-22,0.335755556
2015-12-23,0.270069116
2015-12-24,0.258748051
2015-12-25,0.293815984
2015-12-26,0.29357385
2015-12-27,0.309571041
2015-12-28,0.327296835
2015-12-29,0.360306922
2015-12-30,0.378619755
2015-12-31,0.329248743
2016-01-01,0.378331743
2016-01-02,0.394676956
2016-01-03,0.451554595
2016-01-04,0.45142152
2016-01-05,0.422030076
2016-01-06,0.455767215
2016-01-07,0.429719907
2016-01-08,0.375171792
2016-01-09,0.343727328
2016-01-10,0.353974669
2016-01-11,0.338923135
2016-01-12,0.350000705
2016-01-13,0.365934529
2016-01-14,0.377981244
2016-01-15,0.361178455
2016-01-16,0.384603455
2016-01-17,0.459764254
2016-01-18,0.493444867
2016-01-19,0.461363373
2016-01-20,0.46921912
2016-01-21,0.499925083
2016-01-22,0.436732636
2016-01-23,0.362976095
2016-01-24,0.397385018
2016-01-25,0.416802709
2016-01-26,0.391190544
2016-01-27,0.3489898
2016-01-28,0.34110435
2016-01-29,0.316034144
2016-01-30,0.300683712
2016-01-31,0.297835206
2016-02-01,0.310539466
2016-02-02,0.343597496
2016-02-03,0.356351299
2016-02-04,0.330312427
2016-02-05,0.289971339
2016-02-06,0.283867207
2016-02-07,0.300524939
2016-02-08,0.335549029
2016-02-09,0.329808868
2016-02-10,0.370430337
2016-02-11,0.337802777
2016-02-12,0.297725106
2016-02-13,0.286833548
2016-02-14,0.318622584
2016-02-15,0.334289639
2016-02-16,0.345252905
2016-02-17,0.336746824
2016-02-18,0.324529648
2016-02-19,0.294408835
2016-02-20,0.245209813
2016-02-21,0.265381812
2016-02-22,0.252763041
2016-02-23,0.318318324
2016-02-24,0.323355743
2016-02-25,0.326530548
2016-02-26,0.283999113
2016-02-27,0.252248908
2016-02-28,0.311476664
2016-02-29,0.31965277
2016-03-01,0.32967739
2016-03-02,0.323389951
2016-03-03,0.315877548
2016-03-04,0.268886491
2016-03-05,0.274098532
2016-03-06,0.318727536
2016-03-07,0.32774641
2016-03-08,0.353649378
2016-03-09,0.312421345
2016-03-10,0.308485657
2016-03-11,0.276691837
2016-03-12,0.272924655
2016-03-13,0.316042636
2016-03-14,0.357908351
2016-03-15,0.345191006
2016-03-16,0.30990481
2016-03-17,0.273708922
2016-03-18,0.247634231
2016-03-19,0.230425033
2016-03-20,0.293037599
2016-03-21,0.281028581
2016-03-22,0.297519986
2016-03-23,0.29050264
2016-03-24,0.276741303
2016-03-25,0.247681476
2016-03-26,0.237756835
2016-03-27,0.230251167
2016-03-28,0.263834382
2016-03-29,0.255316391
2016-03-30,0.211214228
2016-03-31,0.203435481
2016-04-01,0.217194238
2016-04-02,0.180386598
2016-04-03,0.178260342
2016-04-04,0.168844317
2016-04-05,0.183122282
2016-04-06,0.209133124
2016-04-07,0.220897147
2016-04-08,0.216546328
2016-04-09,0.235910228
2016-04-10,0.258047189
2016-04-11,0.231984493
2016-04-12,0.21331497
2016-04-13,0.215086863
2016-04-14,0.233310734
2016-04-15,0.194220655
2016-04-16,0.199295585
2016-04-17,0.235817413
2016-04-18,0.236717852
2016-04-19,0.221664098
2016-04-20,0.225225986
2016-04-21,0.213892893
2016-04-22,0.184877033
2016-04-23,0.218340028
2016-04-24,0.279088003
2016-04-25,0.274004412
2016-04-26,0.301623254
2016-04-27,0.298428468
2016-04-28,0.266899775
2016-04-29,0.20251323
2016-04-30,0.18857911
2016-05-01,0.212908176
2016-05-02,0.204557911
2016-05-03,0.229444492
2016-05-04,0.192350147
2016-05-05,0.176128442
2016-05-06,0.151655611
2016-05-07,0.140629415
2016-05-08,0.180193741
2016-05-09,0.15692643
2016-05-10,0.163868054
2016-05-11,0.168219246
2016-05-12,0.164440785
2016-05-13,0.145387378
2016-05-14,0.151667651
2016-05-15,0.176923592
2016-05-16,0.201377598
2016-05-17,0.18042981
2016-05-18,0.180049043
2016-05-19,0.173639522
2016-05-20,0.139300945
2016-05-21,0.11802151
2016-05-22,0.152350638
2016-05-23,0.169221798
2016-05-24,0.159097606
2016-05-25,0.124189339
2016-05-26,0.127077461
2016-05-27,0.117561271
2016-05-28,0.112676908
2016-05-29,0.133948578
2016-05-30,0.13708892
2016-05-31,0.14107972
2016-06-01,0.138833399
2016-06-02,0.12118752
2016-06-03,0.101654391
2016-06-04,0.098139593
2016-06-05,0.119001823
2016-06-06,0.12735318
2016-06-07,0.12786671
2016-06-08,0.132936854
2016-06-09,0.123349523
2016-06-10,0.103487214
2016-06-11,0.101298625
2016-06-12,0.138757352
2016-06-13,0.142101617
2016-06-14,0.137181176
2016-06-15,0.119910793
2016-06-16,0.120158538
2016-06-17,0.102933405
2016-06-18,0.10274471
2016-06-19,0.12164309
2016-06-20,0.133849549
2016-06-21,0.123533718
2016-06-22,0.143384049
2016-06-23,0.119754429
2016-06-24,0.104158636
2016-06-25,0.105451295
2016-06-26,0.125533722
2016-06-27,0.137154891
2016-06-28,0.135631948
2016-06-29,0.129601958
2016-06-30,0.11926346
2016-07-01,0.108884094
2016-07-02,0.107216828
2016-07-03,0.127042208
2016-07-04,0.137319399
2016-07-05,0.178137794
2016-07-06,0.128731256
2016-07-07,0.122776936
2016-07-08,0.118463116
2016-07-09,0.099568071
2016-07-10,0.134500984
2016-07-11,0.128283839
2016-07-12,0.122725591
2016-07-13,0.134757291
2016-07-14,0.131120678
2016-07-15,0.111811514
2016-07-16,0.107081352
2016-07-17,0.125062179
2016-07-18,0.121624427
2016-07-19,0.121297175
2016-07-20,0.120293385
2016-07-21,0.116976953
2016-07-22,0.1031174
2016-07-23,0.097888109
2016-07-24,0.110480265
2016-07-25,0.115442948
2016-07-26,0.115660946
2016-07-27,0.109909565
2016-07-28,0.107560223
2016-07-29,0.094319475
2016-07-30,0.090673495
2016-07-31,0.106024674
2016-08-01,0.108470719
2016-08-02,0.107911077
2016-08-03,0.121072059
2016-08-04,0.108977869
2016-08-05,0.0980467
2016-08-06,0.093870836
2016-08-07,0.11942464
2016-08-08,0.116763506
2016-08-09,0.116728448
2016-08-10,0.121114885
2016-08-11,0.121059253
2016-08-12,0.104845427
2016-08-13,0.098435575
2016-08-14,0.101114562
2016-08-15,0.117362338
2016-08-16,0.119131908
2016-08-17,0.124564257
2016-08-18,0.126704565
2016-08-19,0.10440435
2016-08-20,0.10335302
2016-08-21,0.124941046
2016-08-22,0.126938095
2016-08-23,0.127085217
2016-08-24,0.123398959
2016-08-25,0.123920889
2016-08-26,0.107759272
2016-08-27,0.104885807
2016-08-28,0.156871511
2016-08-29,0.130256027
2016-08-30,0.144372423
2016-08-31,0.163072281
2016-09-01,0.140156075
2016-09-02,0.120846919
2016-09-03,0.105548737
2016-09-04,0.130209039
2016-09-05,0.146354234
2016-09-06,0.145884544
2016-09-07,0.146279263
2016-09-08,0.13970245
2016-09-09,0.127321249
2016-09-10,0.120611618
2016-09-11,0.165835568
2016-09-12,0.161276762
2016-09-13,0.196076507
2016-09-14,0.178964107
2016-09-15,0.154870734
2016-09-16,0.143796162
2016-09-17,0.128744749
2016-09-18,0.164455387
2016-09-19,0.166569343
2016-09-20,0.172550732
2016-09-21,0.172053865
2016-09-22,0.167087657
2016-09-23,0.15463859
2016-09-24,0.146003365
2016-09-25,0.184595571
2016-09-26,0.1911887
2016-09-27,0.247701861
2016-09-28,0.239867104
2016-09-29,0.186891257
2016-09-30,0.148781734
2016-10-01,0.150105288
2016-10-02,0.18164507
2016-10-03,0.227842112
2016-10-04,0.272000972
2016-10-05,0.261457786
2016-10-06,0.250676867
2016-10-07,0.21887384
2016-10-08,0.212775301
2016-10-09,0.296946605
2016-10-10,0.305089093
2016-10-11,0.300760713
2016-10-12,0.286952073
2016-10-13,0.26381165
2016-10-14,0.212943902
2016-10-15,0.187021374
2016-10-16,0.23615021
2016-10-17,0.274293348
2016-10-18,0.250285241
2016-10-19,0.262835603
2016-10-20,0.279315771
2016-10-21,0.250408858
2016-10-22,0.246226825
2016-10-23,0.258696285
2016-10-24,0.259029604
2016-10-25,0.229258404
2016-10-26,0.259993284
2016-10-27,0.310386125
2016-10-28,0.272966346
2016-10-29,0.246769229
2016-10-30,0.269153109
2016-10-31,0.273362127
2016-11-01,0.364053737
2016-11-02,0.328737018
2016-11-03,0.351216403
2016-11-04,0.292595089
2016-11-05,0.276365824
2016-11-06,0.358541682
2016-11-07,0.406294676
2016-11-08,0.394801488
2016-11-09,0.382393069
2016-11-10,0.363265524
2016-11-11,0.350680404
2016-11-12,0.350596285
2016-11-13,0.400970596
2016-11-14,0.434192771
2016-11-15,0.435199627
2016-11-16,0.368409346
2016-11-17,0.367633615
2016-11-18,0.274341172
2016-11-19,0.256715204
2016-11-20,0.319988376
2016-11-21,0.284360615
2016-11-22,0.297398885
2016-11-23,0.29873191
2016-11-24,0.302573567
2016-11-25,0.296704801
2016-11-26,0.286813506
2016-11-27,0.35877181
2016-11-28,0.411872958
2016-11-29,0.440633873
2016-11-30,0.417326598
2016-12-01,0.388793131
2016-12-02,0.356659952
2016-12-03,0.366259016
2016-12-04,0.431656654
2016-12-05,0.454641883
2016-12-06,0.473203028
2016-12-07,0.464433851
2016-12-08,0.406865091
2016-12-09,0.363444451
2016-12-10,0.337892597
2016-12-11,0.359371186
2016-12-12,0.408572025
2016-12-13,0.432395873
2016-12-14,0.41283204
2016-12-15,0.431993088
2016-12-16,0.392806635
2016-12-17,0.390328021
2016-12-18,0.429687146
2016-12-19,0.441039702
2016-12-20,0.523005214
2016-12-21,0.532023766
2016-12-22,0.477063108
2016-12-23,0.348045219
2016-12-24,0.302587977
2016-12-25,0.272811404
2016-12-26,0.35227025
2016-12-27,0.351503933
2016-12-28,0.357250469
2016-12-29,0.399994831
2016-12-30,0.43001175
2016-12-31,0.410408348
2017-01-01,0.44877856
2017-01-02,0.4835065
2017-01-03,0.434469444
2017-01-04,0.454523365
2017-01-05,0.459333496
2017-01-06,0.526781802
2017-01-07,0.483921686
2017-01-08,0.541734807
2017-01-09,0.565692032
2017-01-10,0.564758292
2017-01-11,0.51547221
2017-01-12,0.488877498
2017-01-13,0.429032342
2017-01-14,0.42721199
2017-01-15,0.534159059
2017-01-16,0.537356613
2017-01-17,0.548951107
2017-01-18,0.56446927
2017-01-19,0.567268633
2017-01-20,0.556638965
2017-01-21,0.522671388
2017-01-22,0.578694446
2017-01-23,0.607987172
2017-01-24,0.580576402
2017-01-25,0.541839692
2017-01-26,0.530997608
2017-01-27,0.511152135
2017-01-28,0.501672909
2017-01-29,0.573660992
2017-01-30,0.559382106
2017-01-31,0.540066979
2017-02-01,0.509630314
2017-02-02,0.476259485
2017-02-03,0.40734346
2017-02-04,0.349209833
2017-02-05,0.416057255
2017-02-06,0.450114074
2017-02-07,0.458900107
2017-02-08,0.463461103
2017-02-09,0.485797456
2017-02-10,0.410374398
2017-02-11,0.395368517
2017-02-12,0.481351619
2017-02-13,0.445800026
2017-02-14,0.416189819
2017-02-15,0.447312455
2017-02-16,0.430462644
2017-02-17,0.346350612
2017-02-18,0.345760327
2017-02-19,0.442531814
2017-02-20,0.420399912
2017-02-21,0.338626086
2017-02-22,0.297547415
2017-02-23,0.31805622
2017-02-24,0.29569974
2017-02-25,0.274102084
2017-02-26,0.305423164
2017-02-27,0.364870986
2017-02-28,0.345717079
2017-03-01,0.344281508
2017-03-02,0.333617848
2017-03-03,0.264947887
2017-03-04,0.237186359
2017-03-05,0.30005811
2017-03-06,0.316035311
2017-03-07,0.33849024
2017-03-08,0.303050152
2017-03-09,0.325754216
2017-03-10,0.282807514
2017-03-11,0.277278828
2017-03-12,0.324060529
2017-03-13,0.324301683
2017-03-14,0.36417361
2017-03-15,0.319185559
2017-03-16,0.306568054
2017-03-17,0.253094848
2017-03-18,0.229220858
2017-03-19,0.27399057
2017-03-20,0.282628244
2017-03-21,0.281219221
2017-03-22,0.276207209
2017-03-23,0.271040829
2017-03-24,0.24136895
2017-03-25,0.237083851
2017-03-26,0.282206727
2017-03-27,0.248775959
2017-03-28,0.241839877
2017-03-29,0.223683035
2017-03-30,0.227257537
2017-03-31,0.165134255
2017-04-01,0.15551314
2017-04-02,0.190918866
2017-04-03,0.190850075
2017-04-04,0.226947284
2017-04-05,0.282995658
2017-04-06,0.27687971
2017-04-07,0.210300294
2017-04-08,0.183056933
2017-04-09,0.244226494
2017-04-10,0.236003593
2017-04-11,0.245686403
2017-04-12,0.237087185
2017-04-13,0.215636996
2017-04-14,0.18515645
2017-04-15,0.191715668
2017-04-16,0.22102269
2017-04-17,0.301597406
2017-04-18,0.343972543
2017-04-19,0.341219113
2017-04-20,0.323642163
2017-04-21,0.261313295
2017-04-22,0.241677041
2017-04-23,0.277455298
2017-04-24,0.214520655
2017-04-25,0.233811105
2017-04-26,0.250760685
2017-04-27,0.28087379
2017-04-28,0.232914875
2017-04-29,0.198613905
2017-04-30,0.17304875
2017-05-01,0.218661761
2017-05-02,0.193361672
2017-05-03,0.194816639
2017-05-04,0.191558315
2017-05-05,0.157654368
2017-05-06,0.151819688
2017-05-07,0.177281797
2017-05-08,0.213649685
2017-05-09,0.206200751
2017-05-10,0.186365159
2017-05-11,0.150574809
2017-05-12,0.135794282
2017-05-13,0.124404635
2017-05-14,0.143333202
2017-05-15,0.15338529
2017-05-16,0.152605181
2017-05-17,0.145277476
2017-05-18,0.133826239
2017-05-19,0.120799074
2017-05-20,0.125257727
2017-05-21,0.164387308
2017-05-22,0.164505694
2017-05-23,0.13065173
2017-05-24,0.121252125
2017-05-25,0.122931937
2017-05-26,0.110209018
2017-05-27,0.109202031
2017-05-28,0.143489425
2017-05-29,0.172627551
2017-05-30,0.149276014
2017-05-31,0.167633979
2017-06-01,0.13099001
2017-06-02,0.10563602
2017-06-03,0.10137159
2017-06-04,0.106386552
2017-06-05,0.138799914
2017-06-06,0.196102419
2017-06-07,0.167566555
2017-06-08,0.137950972
2017-06-09,0.113422626
2017-06-10,0.111494228
2017-06-11,0.168219031
2017-06-12,0.163019031
2017-06-13,0.175605539
2017-06-14,0.137698915
2017-06-15,0.149774762
2017-06-16,0.102637116
2017-06-17,0.100925032
2017-06-18,0.17873095
2017-06-19,0.172262465
2017-06-20,0.181637578
2017-06-21,0.186340974
2017-06-22,0.160756833
2017-06-23,0.143428941
2017-06-24,0.116083484
2017-06-25,0.14591991
2017-06-26,0.153566162
2017-06-27,0.141207662
2017-06-28,0.137601042
2017-06-29,0.136653417
2017-06-30,0.103439459
2017-07-01,0.100901571
2017-07-02,0.152490349
2017-07-03,0.13951079
2017-07-04,0.132813351
2017-07-05,0.147885491
2017-07-06,0.161264868
2017-07-07,0.105965569
2017-07-08,0.110086231
2017-07-09,0.154607427
2017-07-10,0.14874091
2017-07-11,0.167795263
2017-07-12,0.125174142
2017-07-13,0.119053672
2017-07-14,0.100600047
2017-07-15,0.097578695
2017-07-16,0.143317941
2017-07-17,0.16006688
2017-07-18,0.166524573
2017-07-19,0.18852363
2017-07-20,0.169921619
2017-07-21,0.12570213
2017-07-22,0.124588101
2017-07-23,0.156339212
2017-07-24,0.123645537
2017-07-25,0.147295194
2017-07-26,0.126337315
2017-07-27,0.116351089
2017-07-28,0.133481728
2017-07-29,0.099628925
2017-07-30,0.147964629
2017-07-31,0.114580276
2017-08-01,0.154646613
2017-08-02,0.19355102
2017-08-03,0.185536753
2017-08-04,0.114578094
2017-08-05,0.106976537
2017-08-06,0.150808026
2017-08-07,0.124125291
2017-08-08,0.144367393
2017-08-09,0.130256223
2017-08-10,0.127330624
2017-08-11,0.11236311
2017-08-12,0.104867894
2017-08-13,0.132035236
2017-08-14,0.111926185
2017-08-15,0.151929699
2017-08-16,0.159904116
2017-08-17,0.147722312
2017-08-18,0.11464426
2017-08-19,0.10787019
2017-08-20,0.136664388
2017-08-21,0.168730251
2017-08-22,0.175792165
2017-08-23,0.165560578
2017-08-24,0.16673264
2017-08-25,0.12287269
2017-08-26,0.113501942
2017-08-27,0.163838158
2017-08-28,0.165505674
2017-08-29,0.14213108
2017-08-30,0.147096822
2017-08-31,0.146292987
2017-09-01,0.124762379
2017-09-02,0.128018654
2017-09-03,0.153654023
2017-09-04,0.169878516
2017-09-05,0.215056571
2017-09-06,0.197025754
2017-09-07,0.190949242
2017-09-08,0.12333869
2017-09-09,0.120757479
2017-09-10,0.199158352
2017-09-11,0.202789132
2017-09-12,0.217904366
2017-09-13,0.208232329
2017-09-14,0.192096138
2017-09-15,0.15677766
2017-09-16,0.161545912
2017-09-17,0.22484584
2017-09-18,0.235589353
2017-09-19,0.216788745
2017-09-20,0.215728475
2017-09-21,0.216589245
2017-09-22,0.183216448
2017-09-23,0.173908142
2017-09-24,0.211782353
2017-09-25,0.185255327
2017-09-26,0.199368824
2017-09-27,0.184644658
2017-09-28,0.187465531
2017-09-29,0.163226108
2017-09-30,0.165079352
2017-10-01,0.241663693
2017-10-02,0.263593782
2017-10-03,0.248646684
2017-10-04,0.235106842
2017-10-05,0.222124169
2017-10-06,0.19142329
2017-10-07,0.196007243
2017-10-08,0.256477953
2017-10-09,0.250594746
2017-10-10,0.234250772
2017-10-11,0.242046137
2017-10-12,0.210528742
2017-10-13,0.19133408
2017-10-14,0.182740609
2017-10-15,0.235018514
2017-10-16,0.262728581
2017-10-17,0.255493695
2017-10-18,0.269302473
2017-10-19,0.273408996
2017-10-20,0.231311309
2017-10-21,0.209010554
2017-10-22,0.271250677
2017-10-23,0.254520241
2017-10-24,0.288964308
2017-10-25,0.215152017
2017-10-26,0.286056056
2017-10-27,0.242497842
2017-10-28,0.230427212
2017-10-29,0.287532703
2017-10-30,0.311281756
2017-10-31,0.26435457
2017-11-01,0.288557359
2017-11-02,0.29104122
2017-11-03,0.253152273
2017-11-04,0.229328871
2017-11-05,0.321770845
2017-11-06,0.33247879
2017-11-07,0.353804683
2017-11-08,0.350945698
2017-11-09,0.35037898
2017-11-10,0.263309761
2017-11-11,0.254767302
2017-11-12,0.352425136
2017-11-13,0.364853614
2017-11-14,0.419475871
2017-11-15,0.443058975
2017-11-16,0.398158427
2017-11-17,0.323706058
2017-11-18,0.303575531
2017-11-19,0.361855357
2017-11-20,0.359579039
2017-11-21,0.375620717
2017-11-22,0.399560648
2017-11-23,0.346413396
2017-11-24,0.309956448
2017-11-25,0.298637606
2017-11-26,0.425857036
2017-11-27,0.434851563
2017-11-28,0.410772166
2017-11-29,0.438106341
2017-11-30,0.437202306
2017-12-01,0.390487729
2017-12-02,0.361950066
2017-12-03,0.443092063
2017-12-04,0.444457155
2017-12-05,0.417097933
2017-12-06,0.431653023
2017-12-07,0.407483893
2017-12-08,0.338435605
2017-12-09,0.35620839
2017-12-10,0.350888916
2017-12-11,0.373172789
2017-12-12,0.407380084
2017-12-13,0.410873267
2017-12-14,0.375574854
2017-12-15,0.337878623
2017-12-16,0.344602028
2017-12-17,0.425872066
2017-12-18,0.469019447
2017-12-19,0.449540368
2017-12-20,0.400725844
2017-12-21,0.355360424
2017-12-22,0.278069681
2017-12-23,0.2484811
2017-12-24,0.277788879
2017-12-25,0.295928959
2017-12-26,0.315288114
2017-12-27,0.320129339
2017-12-28,0.345790402
2017-12-29,0.312742279
2017-12-30,0.254138915
2017-12-31,0.275763022
2018-01-01,0.320382715
2018-01-02,0.343908636
2018-01-03,0.332971666
2018-01-04,0.338682801
2018-01-05,0.307416637
2018-01-06,0.286926553
2018-01-07,0.363086753
2018-01-08,0.332434429
2018-01-09,0.356544285
2018-01-10,0.368492173
2018-01-11,0.364825156
2018-01-12,0.351340055
2018-01-13,0.35675977
2018-01-14,0.452743116
2018-01-15,0.443285241
2018-01-16,0.439203234
2018-01-17,0.412443961
2018-01-18,0.381292411
2018-01-19,0.363613202
2018-01-20,0.369740642
2018-01-21,0.412547012
2018-01-22,0.408895637
2018-01-23,0.405335458
2018-01-24,0.394804122
2018-01-25,0.390930655
2018-01-26,0.365528113
2018-01-27,0.318465417
2018-01-28,0.365352178
2018-01-29,0.356245177
2018-01-30,0.427937324
2018-01-31,0.400246469
2018-02-01,0.372966491
2018-02-02,0.362935444
2018-02-03,0.363772971
2018-02-04,0.417693877
2018-02-05,0.427716157
2018-02-06,0.437299448
2018-02-07,0.443805155
2018-02-08,0.422865297
2018-02-09,0.380877216
2018-02-10,0.372701243
2018-02-11,0.453305629
2018-02-12,0.432933075
2018-02-13,0.434298334
2018-02-14,0.453923735
2018-02-15,0.426683993
2018-02-16,0.374766978
2018-02-17,0.372741267
2018-02-18,0.420666586
2018-02-19,0.411144371
2018-02-20,0.421873571
2018-02-21,0.435166568
2018-02-22,0.444695978
2018-02-23,0.42840119
2018-02-24,0.438651611
2018-02-25,0.523549231
2018-02-26,0.542386751
2018-02-27,0.602597757
2018-02-28,0.608808182
2018-03-01,0.574634914
2018-03-02,0.449509582
2018-03-03,0.387812641
2018-03-04,0.430566855
2018-03-05,0.42462476
2018-03-06,0.390484326
2018-03-07,0.370598586
2018-03-08,0.357875703
2018-03-09,0.28389725
2018-03-10,0.250893318
2018-03-11,0.294536112
2018-03-12,0.299197639
2018-03-13,0.327764327
2018-03-14,0.332690468
2018-03-15,0.3278392
2018-03-16,0.338906519
2018-03-17,0.361437913
2018-03-18,0.433212251
2018-03-19,0.423738262
2018-03-20,0.395362584
2018-03-21,0.411488511
2018-03-22,0.3668689
2018-03-23,0.299570619
2018-03-24,0.297814786
2018-03-25,0.336303838
2018-03-26,0.347382498
2018-03-27,0.336785109
2018-03-28,0.307278432
2018-03-29,0.264470652
2018-03-30,0.230955142
2018-03-31,0.232812722
2018-04-01,0.234722578
2018-04-02,0.260624413
2018-04-03,0.219054838
2018-04-04,0.250525498
2018-04-05,0.236208717
2018-04-06,0.218498067
2018-04-07,0.183293173
2018-04-08,0.185063149
2018-04-09,0.182885589
2018-04-10,0.183209872
2018-04-11,0.176717055
2018-04-12,0.160042958
2018-04-13,0.14847254
2018-04-14,0.138338266
2018-04-15,0.161969346
2018-04-16,0.173263455
2018-04-17,0.160314683
2018-04-18,0.159516534
2018-04-19,0.14618698
2018-04-20,0.126531147
2018-04-21,0.110234797
2018-04-22,0.137681218
2018-04-23,0.142468655
2018-04-24,0.141679353
2018-04-25,0.156583885
2018-04-26,0.152083442
2018-04-27,0.120332218
2018-04-28,0.104368051
2018-04-29,0.116333782
2018-04-30,0.112454374
2018-05-01,0.123336171
2018-05-02,0.127748245
2018-05-03,0.127448465
2018-05-04,0.111467523
2018-05-05,0.112064622
2018-05-06,0.134161209
2018-05-07,0.131603067
2018-05-08,0.133893073
2018-05-09,0.110070523
2018-05-10,0.135465838
2018-05-11,0.105773363
2018-05-12,0.103653617
2018-05-13,0.130215924
2018-05-14,0.165952819
2018-05-15,0.167478691
2018-05-16,0.163494025
2018-05-17,0.150959787
2018-05-18,0.115259327
2018-05-19,0.107667462
2018-05-20,0.112899915
2018-05-21,0.14129387
2018-05-22,0.134075411
2018-05-23,0.142678027
2018-05-24,0.13251137
2018-05-25,0.108195354
2018-05-26,0.100653251
2018-05-27,0.130906626
2018-05-28,0.131994535
2018-05-29,0.140413476
2018-05-30,0.101151814
2018-05-31,0.132746069
2018-06-01,0.09871582
2018-06-02,0.09545884
2018-06-03,0.156301292
2018-06-04,0.164969386
2018-06-05,0.16568168
2018-06-06,0.147089466
2018-06-07,0.125514032
2018-06-08,0.104141937
2018-06-09,0.101011018
2018-06-10,0.147781436
2018-06-11,0.143552604
2018-06-12,0.132166826
2018-06-13,0.130399349
2018-06-14,0.120951929
2018-06-15,0.104375544
2018-06-16,0.102276198
2018-06-17,0.13552599
2018-06-18,0.140702617
2018-06-19,0.179813392
2018-06-20,0.174162848
2018-06-21,0.139604903
2018-06-22,0.11342963
2018-06-23,0.109342747
2018-06-24,0.133260026
2018-06-25,0.129775408
2018-06-26,0.139641152
2018-06-27,0.129390071
2018-06-28,0.126310045
2018-06-29,0.111378283
2018-06-30,0.120793185
2018-07-01,0.147175846
2018-07-02,0.145663045
2018-07-03,0.146349399
2018-07-04,0.150267828
2018-07-05,0.115948594
2018-07-06,0.09917599
2018-07-07,0.095638526
2018-07-08,0.121063701
2018-07-09,0.128450206
2018-07-10,0.12992962
2018-07-11,0.133755662
2018-07-12,0.126814572
2018-07-13,0.10751742
2018-07-14,0.09845595
2018-07-15,0.137168764
2018-07-16,0.129142059
2018-07-17,0.117355326
2018-07-18,0.124348562
2018-07-19,0.138117795
2018-07-20,0.09712107
2018-07-21,0.098291065
2018-07-22,0.115138032
2018-07-23,0.132492356
2018-07-24,0.125328077
2018-07-25,0.150200266
2018-07-26,0.166321481
2018-07-27,0.134222172
2018-07-28,0.107401451
2018-07-29,0.150625981
2018-07-30,0.154049903
2018-07-31,0.154813507
2018-08-01,0.137683857
2018-08-02,0.136138154
2018-08-03,0.094591902
2018-08-04,0.100866793
2018-08-05,0.131644396
2018-08-06,0.127652328
2018-08-07,0.144568553
2018-08-08,0.121515765
2018-08-09,0.149369257
2018-08-10,0.113459171
2018-08-11,0.098853254
2018-08-12,0.124688398
2018-08-13,0.147951987
2018-08-14,0.100688633
2018-08-15,0.16329205
2018-08-16,0.152520635
2018-08-17,0.128380605
2018-08-18,0.123040698
2018-08-19,0.165947693
2018-08-20,0.175557279
2018-08-21,0.170214464
2018-08-22,0.163778876
2018-08-23,0.174474243
2018-08-24,0.109998357
2018-08-25,0.111673756
2018-08-26,0.151565272
2018-08-27,0.132512939
2018-08-28,0.133854594
2018-08-29,0.155077129
2018-08-30,0.133708278
2018-08-31,0.122504386
2018-09-01,0.120916095
2018-09-02,0.155212353
2018-09-03,0.152697053
2018-09-04,0.163358933
2018-09-05,0.154756095
2018-09-06,0.165435236
2018-09-07,0.16188037
2018-09-08,0.138271482
2018-09-09,0.199579812
2018-09-10,0.210402398
2018-09-11,0.197946321
2018-09-12,0.18842598
2018-09-13,0.190227291
2018-09-14,0.148075524
2018-09-15,0.137192782
2018-09-16,0.195594962
2018-09-17,0.193361132
2018-09-18,0.207068512
2018-09-19,0.19898547
2018-09-20,0.188867719
2018-09-21,0.168879594
2018-09-22,0.129746312
2018-09-23,0.198105861
2018-09-24,0.202508564
2018-09-25,0.249075743
2018-09-26,0.249208107
2018-09-27,0.234728901
2018-09-28,0.18763558
2018-09-29,0.184908575
2018-09-30,0.272955646
2018-10-01,0.236974932
2018-10-02,0.22104615
2018-10-03,0.264414604
2018-10-04,0.249419372
2018-10-05,0.178760662
2018-10-06,0.197481939
2018-10-07,0.244641572
2018-10-08,0.215777944
2018-10-09,0.211952314
2018-10-10,0.211078784
2018-10-11,0.192601782
2018-10-12,0.176667779
2018-10-13,0.162871221
2018-10-14,0.211145244
2018-10-15,0.21699887
2018-10-16,0.234034596
2018-10-17,0.242806925
2018-10-18,0.225066006
2018-10-19,0.184652503
2018-10-20,0.204309787
2018-10-21,0.282074776
2018-10-22,0.299404195
2018-10-23,0.291662826
2018-10-24,0.274792849
2018-10-25,0.264397243
2018-10-26,0.273672898
2018-10-27,0.236514966
2018-10-28,0.30800916
2018-10-29,0.279959026
2018-10-30,0.25328702
2018-10-31,0.203938264
2018-11-01,0.255475501
2018-11-02,0.219577407
2018-11-03,0.209385076
2018-11-04,0.256535889
2018-11-05,0.235997379
2018-11-06,0.241498649
2018-11-07,0.278259304
2018-11-08,0.266460293
2018-11-09,0.26912151
2018-11-10,0.263237526
2018-11-11,0.29178626
2018-11-12,0.318817618
2018-11-13,0.307731241
2018-11-14,0.321473497
2018-11-15,0.351525667
2018-11-16,0.336639796
2018-11-17,0.343366049
2018-11-18,0.43791745
2018-11-19,0.445059625
2018-11-20,0.402963524
2018-11-21,0.386226552
2018-11-22,0.35937396
2018-11-23,0.328373773
2018-11-24,0.323976878
2018-11-25,0.38559149
2018-11-26,0.405981642
2018-11-27,0.468110366
2018-11-28,0.511762215
2018-11-29,0.496749593
2018-11-30,0.423402363
2018-12-01,0.3973616
2018-12-02,0.461289349
2018-12-03,0.427833178
2018-12-04,0.448881271
2018-12-05,0.430126666
2018-12-06,0.396262063
2018-12-07,0.321487999
2018-12-08,0.323356277
2018-12-09,0.44160215
2018-12-10,0.443574016
2018-12-11,0.466278655
2018-12-12,0.481163701
2018-12-13,0.449008636
2018-12-14,0.426783591
2018-12-15,0.422878469
2018-12-16,0.469555254
2018-12-17,0.484771188
2018-12-18,0.45987086
2018-12-19,0.487044173
2018-12-20,0.440062898
2018-12-21,0.312663186
2018-12-22,0.29090159
2018-12-23,0.310830326
2018-12-24,0.300193715
2018-12-25,0.320600437
2018-12-26,0.340315835
2018-12-27,0.359026393
2018-12-28,0.340262419
2018-12-29,0.31712594
2018-12-30,0.33986576
2018-12-31,0.287659882
2019-01-01,0.395114041
2019-01-02,0.45430259
2019-01-03,0.456448829
2019-01-04,0.383755984
2019-01-05,0.37474484
2019-01-06,0.458049671
2019-01-07,0.42988853
2019-01-08,0.445141248
2019-01-09,0.458175949
2019-01-10,0.476379687
2019-01-11,0.398927676
2019-01-12,0.348525019
2019-01-13,0.39836778
2019-01-14,0.43367374
2019-01-15,0.45570444
2019-01-16,0.430330235
2019-01-17,0.412454462
2019-01-18,0.441529324
2019-01-19,0.444425768
2019-01-20,0.486526594
2019-01-21,0.507274417
2019-01-22,0.507815672
2019-01-23,0.502233504
2019-01-24,0.494836239
2019-01-25,0.45787124
2019-01-26,0.406172508
2019-01-27,0.459587792
2019-01-28,0.443758068
2019-01-29,0.494467185
2019-01-30,0.462011982
2019-01-31,0.465393513
2019-02-01,0.368769573
2019-02-02,0.370486128
2019-02-03,0.442206719
2019-02-04,0.472313509
2019-02-05,0.460645444
2019-02-06,0.441696751
2019-02-07,0.423440239
2019-02-08,0.349241673
2019-02-09,0.334938284
2019-02-10,0.380628737
2019-02-11,0.415985194
2019-02-12,0.416854205
2019-02-13,0.399584191
2019-02-14,0.385652033
2019-02-15,0.33245418
2019-02-16,0.31970346
2019-02-17,0.372867096
2019-02-18,0.366668735
2019-02-19,0.324010134
2019-02-20,0.323278354
2019-02-21,0.344179662
2019-02-22,0.368048519
2019-02-23,0.37039273
2019-02-24,0.35993766
2019-02-25,0.313340868
2019-02-26,0.306077864
2019-02-27,0.276176388
2019-02-28,0.226326071
2019-03-01,0.208304367
2019-03-02,0.1794128
2019-03-03,0.197790226
2019-03-04,0.219364581
2019-03-05,0.22207084
2019-03-06,0.194361622
2019-03-07,0.208197216
2019-03-08,0.187752967
2019-03-09,0.18314209
2019-03-10,0.241703746
2019-03-11,0.262429519
2019-03-12,0.252668699
2019-03-13,0.234969328
2019-03-14,0.225731077
2019-03-15,0.196223875
2019-03-16,0.162247673
2019-03-17,0.240586778
2019-03-18,0.259411344
2019-03-19,0.262362173
2019-03-20,0.249624174
2019-03-21,0.224297656
2019-03-22,0.17173774
2019-03-23,0.148864053
2019-03-24,0.194835716
2019-03-25,0.229898027
2019-03-26,0.236081382
2019-03-27,0.231816034
2019-03-28,0.213103392
2019-03-29,0.188033806
2019-03-30,0.157965046
2019-03-31,0.227835786916
2019-04-01,0.23448870656
2019-04-02,0.22408057379
2019-04-03,0.225025973097
2019-04-04,0.235714485521
2019-04-05,0.210644082232
2019-04-06,0.19175918381
2019-04-07,0.229388824355
2019-04-08,0.250603031268
2019-04-09,0.24464431485
2019-04-10,0.270758263701
2019-04-11,0.281267043811
2019-04-12,0.262991538422
2019-04-13,0.25506048676
2019-04-14,0.29105261654
2019-04-15,0.277364978409
2019-04-16,0.261810376586
2019-04-17,0.247501755117
2019-04-18,0.228958564369
2019-04-19,0.188782942
2019-04-20,0.139005713679
2019-04-21,0.140242255735
2019-04-22,0.196112068002
2019-04-23,0.185375116138
2019-04-24,0.165809536598
2019-04-25,0.171335632341
2019-04-26,0.155447754989
2019-04-27,0.173964379981
2019-04-28,0.242059071423
2019-04-29,0.246617771601
2019-04-30,0.174579317826
2019-05-01,0.185502406483
2019-05-02,0.192007309489
2019-05-03,0.186378901292
2019-05-04,0.223529728197
2019-05-05,0.252017267358
2019-05-06,0.239746172543
2019-05-07,0.210765052362
2019-05-08,0.230155895308
2019-05-09,0.181091864384
2019-05-10,0.163617017951
2019-05-11,0.192599808937
2019-05-12,0.230570120433
2019-05-13,0.238297752949
2019-05-14,0.256956687083
2019-05-15,0.233929636215
2019-05-16,0.205015639388
2019-05-17,0.156881001653
2019-05-18,0.145563396161
2019-05-19,0.172160617331
2019-05-20,0.181876115733
2019-05-21,0.185588975162
2019-05-22,0.181301292213
2019-05-23,0.158787076236
2019-05-24,0.130740408469
2019-05-25,0.122852794814
2019-05-26,0.149290922365
2019-05-27,0.156361526967
2019-05-28,0.170040566781
2019-05-29,0.152922296513
2019-05-30,0.147694190636
2019-05-31,0.125545228583
2019-06-01,0.118047202135
2019-06-02,0.13774818673
2019-06-03,0.147875896762
2019-06-04,0.137007991411
2019-06-05,0.135961880657
2019-06-06,0.139990173873
2019-06-07,0.116363999408
2019-06-08,0.108527676869
2019-06-09,0.10994051536
2019-06-10,0.138275308564
2019-06-11,0.145818846027
2019-06-12,0.150835545465
2019-06-13,0.141946080179
2019-06-14,0.111760312758
2019-06-15,0.11321028727
2019-06-16,0.131250489381
2019-06-17,0.159342026233
2019-06-18,0.158830280948
2019-06-19,0.116481409044
2019-06-20,0.13987244472
2019-06-21,0.109627384521
2019-06-22,0.110232590235
2019-06-23,0.16077727645
2019-06-24,0.159301404609
2019-06-25,0.167128282394
2019-06-26,0.147847668277
2019-06-27,0.143277187284
2019-06-28,0.122865598395
2019-06-29,0.100835212954
2019-06-30,0.156640645757
2019-07-01,0.14604462524
2019-07-02,0.153448254643
2019-07-03,0.154334175997
2019-07-04,0.122557653652
2019-07-05,0.114620158573
2019-07-06,0.096036289317
2019-07-07,0.156574138979
2019-07-08,0.151982391003
2019-07-09,0.144805164393
2019-07-10,0.165680226561
2019-07-11,0.140796666318
2019-07-12,0.104670925838
2019-07-13,0.10013293737
2019-07-14,0.159933367846
2019-07-15,0.150409280183
2019-07-16,0.154506622656
2019-07-17,0.167107758759
2019-07-18,0.1651360449
2019-07-19,0.123192818355
2019-07-20,0.138792327112
2019-07-21,0.159496216991
2019-07-22,0.156182093
2019-07-23,0.160000017
2019-07-24,0.150952351
2019-07-25,0.165195034
2019-07-26,0.136612727
2019-07-27,0.099693828
2019-07-28,0.108247711
2019-07-29,0.122078659
2019-07-30,0.148909991
2019-07-31,0.140892411382
2019-08-01,0.135144894628
2019-08-02,0.102245925735
2019-08-03,0.098729797755
2019-08-04,0.148752138391
2019-08-05,0.146796644474
2019-08-06,0.141649624517
2019-08-07,0.15935765107
2019-08-08,0.140403182339
2019-08-09,0.119038693437
2019-08-10,0.122653387697
2019-08-11,0.167493434197
2019-08-12,0.16949818558
2019-08-13,0.159938775498
2019-08-14,0.109384512
2019-08-15,0.148982892875
2019-08-16,0.123491663955
2019-08-17,0.123669487057
2019-08-18,0.20074287196
2019-08-19,0.185679013049
2019-08-20,0.185079028222
2019-08-21,0.201035784166
2019-08-22,0.181832354147
2019-08-23,0.170138269488
2019-08-24,0.146711362112
2019-08-25,0.220695472068
2019-08-26,0.231815509242
2019-08-27,0.237953118724
2019-08-28,0.221113418849
2019-08-29,0.210025026547
2019-08-30,0.158761889772
2019-08-31,0.162355948442
2019-09-01,0.199116502743
2019-09-02,0.175382523877
2019-09-03,0.214612718092
2019-09-04,0.216162113529
2019-09-05,0.20120801763
2019-09-06,0.21019823204
2019-09-07,0.177343363031
2019-09-08,0.212675520456
2019-09-09,0.223732972081
2019-09-10,0.202769436903
2019-09-11,0.203439451495
2019-09-12,0.210724782084
2019-09-13,0.173817261086
2019-09-14,0.161263768645
2019-09-15,0.210856832917
2019-09-16,0.224782696298
2019-09-17,0.214030349717
2019-09-18,0.258588048706
2019-09-19,0.275000688987
2019-09-20,0.22663211233
2019-09-21,0.179080327483
2019-09-22,0.255383917631
2019-09-23,0.26812891049
2019-09-24,0.257690697302
2019-09-25,0.243703405473
2019-09-26,0.216321647435
2019-09-27,0.186217482545
2019-09-28,0.188113615001
2019-09-29,0.211509375244
2019-09-30,0.219586692707
2019-10-01,0.250462062871
2019-10-02,0.265234327087
2019-10-03,0.266468900032
2019-10-04,0.224906794059
2019-10-05,0.219943908894
2019-10-06,0.284411053396
2019-10-07,0.272715507608
2019-10-08,0.288886541901
2019-10-09,0.267789288523
2019-10-10,0.237403862235
2019-10-11,0.225651942804
2019-10-12,0.22134949624
2019-10-13,0.265320427067
2019-10-14,0.270727996161
2019-10-15,0.285787520938
2019-10-16,0.285262973565
2019-10-17,0.294195176841
2019-10-18,0.247281637135
2019-10-19,0.240962451662
2019-10-20,0.275736616678
2019-10-21,0.283775951526
2019-10-22,0.27469055639
2019-10-23,0.269251679814
2019-10-24,0.282212414624
2019-10-25,0.22541550534
2019-10-26,0.24572180239
2019-10-27,0.292819816644
2019-10-28,0.335803599692
2019-10-29,0.349979502651
2019-10-30,0.36017026882
2019-10-31,0.294342116409
2019-11-01,0.272596130669
2019-11-02,0.240875023425
2019-11-03,0.302851467667
2019-11-04,0.317742452767
2019-11-05,0.33191807973
2019-11-06,0.332574342728
2019-11-07,0.336085553907
2019-11-08,0.285827627089
2019-11-09,0.302716719169
2019-11-10,0.358591284813
2019-11-11,0.365351409587
2019-11-12,0.411274124978
2019-11-13,0.408484889187
2019-11-14,0.34647864208
2019-11-15,0.284472661963
2019-11-16,0.268293078909
2019-11-17,0.35303795497
2019-11-18,0.37813219427
2019-11-19,0.388969204467
2019-11-20,0.374090428855
2019-11-21,0.329517694847
2019-11-22,0.28185718775
2019-11-23,0.282087894938
2019-11-24,0.369104696695
2019-11-25,0.366722468546
2019-11-26,0.328648230508
2019-11-27,0.310519689187
2019-11-28,0.32398273999
2019-11-29,0.333102656728
2019-11-30,0.354306650658
2019-12-01,0.394062446288
2019-12-02,0.439143781295
2019-12-03,0.446392480888
2019-12-04,0.454224517687
2019-12-05,0.446051496802
2019-12-06,0.359948798737
2019-12-07,0.324008497781
2019-12-08,0.414832225386
2019-12-09,0.403081328844
2019-12-10,0.442524812852
2019-12-11,0.457813247565
2019-12-12,0.439293158341
2019-12-13,0.365687286654
2019-12-14,0.344757541167
2019-12-15,0.396166614982
2019-12-16,0.359905864607
2019-12-17,0.34769496274
2019-12-18,0.325008692623
2019-12-19,0.278965763094
2019-12-20,0.274367954246
2019-12-21,0.289105243443
2019-12-22,0.296911010597
2019-12-23,0.282698040115
2019-12-24,0.265223655032
2019-12-25,0.31032185559
2019-12-26,0.342705689825
2019-12-27,0.353717252798
2019-12-28,0.366340061856
2019-12-29,0.394194783348
2019-12-30,0.357447516914
2019-12-31,0.351123608632
2020-01-01,0.397982189057
2020-01-02,0.435579244097
2020-01-03,0.354683762686
2020-01-04,0.377980646663
2020-01-05,0.438993630522
2020-01-06,0.467786802657
2020-01-07,0.43196034441
2020-01-08,0.452387268062
2020-01-09,0.450953474711
2020-01-10,0.375719969218
2020-01-11,0.400593415507
2020-01-12,0.453389846865
2020-01-13,0.468043343673
2020-01-14,0.476043893874
2020-01-15,0.48564274417
2020-01-16,0.460854044541
2020-01-17,0.41977535902
2020-01-18,0.394059419259
2020-01-19,0.453134234863
2020-01-20,0.480822749855
2020-01-21,0.468525138565
2020-01-22,0.458787439716
2020-01-23,0.462518465742
2020-01-24,0.426668105404
2020-01-25,0.431884997139
2020-01-26,0.470984252873
2020-01-27,0.473727160386
2020-01-28,0.451587261724
2020-01-29,0.448597586334
2020-01-30,0.355644215631
2020-01-31,0.283295550269
2020-02-01,0.262552679282
2020-02-02,0.364147621289
2020-02-03,0.399871585753
2020-02-04,0.397507509313
2020-02-05,0.411450593107
2020-02-06,0.413815008184
2020-02-07,0.378090673668
2020-02-08,0.337177532259
2020-02-09,0.33844467179
2020-02-10,0.339031558176
2020-02-11,0.351679559729
2020-02-12,0.371569982362
2020-02-13,0.351448384499
2020-02-14,0.309136383522
2020-02-15,0.285582746003
2020-02-16,0.319312942249
2020-02-17,0.317024682909
2020-02-18,0.338157816906
2020-02-19,0.345751567217
2020-02-20,0.327652262009
2020-02-21,0.284476408171
2020-02-22,0.245262479256
2020-02-23,0.312021912661
2020-02-24,0.304500085624
2020-02-25,0.355188900627
2020-02-26,0.371251586695
2020-02-27,0.37799708436
2020-02-28,0.317988331805
2020-02-29,0.285904408805
2020-03-01,0.306065679199
2020-03-02,0.325116305895
2020-03-03,0.349997308298
2020-03-04,0.333349556455
2020-03-05,0.317514262389
2020-03-06,0.307794254888
2020-03-07,0.290304278006
2020-03-08,0.332902903124
2020-03-09,0.307819623152
2020-03-10,0.277696060957
2020-03-11,0.267690398592
2020-03-12,0.282990392913
2020-03-13,0.289843007948
2020-03-14,0.25987895361
2020-03-15,0.297857618202
2020-03-16,0.288741381168
2020-03-17,0.261013633358
2020-03-18,0.252541259137
2020-03-19,0.237686110257
2020-03-20,0.236208970822
2020-03-21,0.280249915504
2020-03-22,0.344542021353
2020-03-23,0.356101035994
2020-03-24,0.36582951439
2020-03-25,0.351102653745
2020-03-26,0.30015621451
2020-03-27,0.245023603351
2020-03-28,0.218716302702
2020-03-29,0.323822852961
2020-03-30,0.358084986799
2020-03-31,0.320372168223
2020-04-01,0.285230436456
2020-04-02,0.240462549278
2020-04-03,0.205555838973
2020-04-04,0.240182589951
2020-04-05,0.229322423678
2020-04-06,0.210451071584
2020-04-07,0.201646037778
2020-04-08,0.2182882071
2020-04-09,0.181347550066
2020-04-10,0.147005455591
2020-04-11,0.131409679271
2020-04-12,0.129229093853
2020-04-13,0.22216145533
2020-04-14,0.264673692658
2020-04-15,0.206614761522
2020-04-16,0.179634570726
2020-04-17,0.164987119516
2020-04-18,0.163636722406
2020-04-19,0.222225775594
2020-04-20,0.201636122789
2020-04-21,0.208837794777
2020-04-22,0.193023618329
2020-04-23,0.17730458355
2020-04-24,0.154004274406
2020-04-25,0.158275807621
2020-04-26,0.185001040375
2020-04-27,0.169314396627
2020-04-28,0.18545266138
2020-04-29,0.168603936431
2020-04-30,0.143787569725
2020-05-01,0.140537270594
2020-05-02,0.152415447983
2020-05-03,0.181831092129
2020-05-04,0.181302210788
2020-05-05,0.186287358395
2020-05-06,0.166427136929
2020-05-07,0.160691906129
2020-05-08,0.123268038026
2020-05-09,0.115953468488
2020-05-10,0.14022937859
2020-05-11,0.178082422311
2020-05-12,0.17912102012
2020-05-13,0.17728217426
2020-05-14,0.18672116952
2020-05-15,0.153224323119
2020-05-16,0.132781588553
2020-05-17,0.158346189544
2020-05-18,0.163099819505
2020-05-19,0.133791472394
2020-05-20,0.117626455734
2020-05-21,0.122540607702
2020-05-22,0.114721253764
2020-05-23,0.127301936663
2020-05-24,0.162870706687
2020-05-25,0.172652780611
2020-05-26,0.162268754992
2020-05-27,0.171552397618
2020-05-28,0.164461397531
2020-05-29,0.142990609248
2020-05-30,0.145957583638
2020-05-31,0.138724297669
2020-06-01,0.158864280441
2020-06-02,0.174159853121
2020-06-03,0.135558245348
2020-06-04,0.148824146863
2020-06-05,0.109687567381
2020-06-06,0.10333780953
2020-06-07,0.130890766288
2020-06-08,0.142712513846
2020-06-09,0.145336045186
2020-06-10,0.112556559548
2020-06-11,0.107908848112
2020-06-12,0.093727352252
2020-06-13,0.097745578561
2020-06-14,0.129353644908
2020-06-15,0.13245342813
2020-06-16,0.13771155202
2020-06-17,0.126670205769
2020-06-18,0.125879740386
2020-06-19,0.118985792349
2020-06-20,0.119419031998
2020-06-21,0.134489894429
2020-06-22,0.130548609694
2020-06-23,0.1441389261
2020-06-24,0.13642420138
2020-06-25,0.125120215309
2020-06-26,0.105195715249
2020-06-27,0.103566188719
2020-06-28,0.136544995741
2020-06-29,0.127904882276
2020-06-30,0.13768682996
2020-07-01,0.152406505546
2020-07-02,0.135667302395
2020-07-03,0.101107027874
2020-07-04,0.097133647206
2020-07-05,0.148896559635
2020-07-06,0.140690493962
2020-07-07,0.16554838622
2020-07-08,0.179014418372
2020-07-09,0.139432592827
2020-07-10,0.118561879158
2020-07-11,0.114764282864
2020-07-12,0.142942046132
2020-07-13,0.149539418
2020-07-14,0.159846902358
2020-07-15,0.15475674819
2020-07-16,0.134455056934
2020-07-17,0.11833899716
2020-07-18,0.117553860914
2020-07-19,0.138967897478
2020-07-20,0.149859664985
2020-07-21,0.170396321608
2020-07-22,0.170466483316
2020-07-23,0.148616387821
2020-07-24,0.11757736258
2020-07-25,0.099617640711
2020-07-26,0.121842008554
2020-07-27,0.129056879077
2020-07-28,0.130813189765
2020-07-29,0.135252129361
2020-07-30,0.118977346609
2020-07-31,0.098641841944
2020-08-01,0.098519947504
2020-08-02,0.121404206971
2020-08-03,0.128147170866
2020-08-04,0.130473148276
2020-08-05,0.129882167805
2020-08-06,0.130747101037
2020-08-07,0.106760937027
2020-08-08,0.105819488248
2020-08-09,0.132656363026
2020-08-10,0.148847472257
2020-08-11,0.142208276081
2020-08-12,0.126912323332
2020-08-13,0.130348584111
2020-08-14,0.114029475884
2020-08-15,0.116242396641
2020-08-16,0.148336139982
2020-08-17,0.163681447144
2020-08-18,0.144269083482
2020-08-19,0.148386894859
2020-08-20,0.138082004548
2020-08-21,0.122112933942
2020-08-22,0.107146048257
2020-08-23,0.153265724895
2020-08-24,0.151055052273
2020-08-25,0.149279192992
2020-08-26,0.156307060958
2020-08-27,0.140177987741
2020-08-28,0.125904087218
2020-08-29,0.124706116077
2020-08-30,0.151910228853
2020-08-31,0.166920503053
2020-09-01,0.163060142768
2020-09-02,0.15708587024
2020-09-03,0.145124061518
2020-09-04,0.12440846433
2020-09-05,0.125723091319
2020-09-06,0.152652464253
2020-09-07,0.157929653585
2020-09-08,0.148538077504
2020-09-09,0.150951026714
2020-09-10,0.139752791352
2020-09-11,0.125832987577
2020-09-12,0.126248974547
2020-09-13,0.151075346791
2020-09-14,0.158933586217
2020-09-15,0.199202788027
2020-09-16,0.172808905694
2020-09-17,0.159427982494
2020-09-18,0.147630120545
2020-09-19,0.134442121922
2020-09-20,0.153338372175
2020-09-21,0.148724135423
2020-09-22,0.18195128554
2020-09-23,0.192476722969
2020-09-24,0.164333753555
2020-09-25,0.172294879478
2020-09-26,0.16610944613
2020-09-27,0.207615215143
2020-09-28,0.211612890824
2020-09-29,0.210912161234
2020-09-30,0.223754371449
2020-10-01,0.208115809847
2020-10-02,0.157806468171
2020-10-03,0.151837864381
2020-10-04,0.225921267729
2020-10-05,0.235085874835
2020-10-06,0.242016287103
2020-10-07,0.23308872968
2020-10-08,0.235536785938
2020-10-09,0.198792911851
2020-10-10,0.219823126599
2020-10-11,0.290133269268
2020-10-12,0.309052937467
2020-10-13,0.337187058336
2020-10-14,0.308254191077
2020-10-15,0.300881321389
2020-10-16,0.269904122322
2020-10-17,0.258882008683
2020-10-18,0.290785327944
2020-10-19,0.299230549463
2020-10-20,0.304569958375
2020-10-21,0.2987565585
2020-10-22,0.286403798562
2020-10-23,0.22223173911
2020-10-24,0.213285200548
2020-10-25,0.246006965462
2020-10-26,0.29502667301
2020-10-27,0.29463075854
2020-10-28,0.289835356363
2020-10-29,0.281173317478
2020-10-30,0.239997239178
2020-10-31,0.218342070003
2020-11-01,0.262266949644
2020-11-02,0.256490158439
2020-11-03,0.264395951526
2020-11-04,0.281397546696
2020-11-05,0.298149283776
2020-11-06,0.282585517434
2020-11-07,0.294883206625
2020-11-08,0.3494455925
2020-11-09,0.358933501148
2020-11-10,0.372867766261
2020-11-11,0.347646669124
2020-11-12,0.35275577622
2020-11-13,0.322406823579
2020-11-14,0.300948598513
2020-11-15,0.357583590422
2020-11-16,0.36166295145
2020-11-17,0.361956465606
2020-11-18,0.350070737269
2020-11-19,0.335254365373
2020-11-20,0.355378898537
2020-11-21,0.348714570432
2020-11-22,0.406194032922
2020-11-23,0.410940075736
2020-11-24,0.415182333013
2020-11-25,0.41664706439
2020-11-26,0.424529722221
2020-11-27,0.370677536623
2020-11-28,0.36499400393
2020-11-29,0.42518818769
2020-11-30,0.469770349991
2020-12-01,0.466115877152
2020-12-02,0.500643350978
2020-12-03,0.417138612194
2020-12-04,0.35324451608
2020-12-05,0.323323113856
2020-12-06,0.36992413138
2020-12-07,0.38787947855
2020-12-08,0.420403264847
2020-12-09,0.427607871475
2020-12-10,0.430194279043
2020-12-11,0.382920686438
2020-12-12,0.373981555924
2020-12-13,0.417557581169
2020-12-14,0.411197426965
2020-12-15,0.455800093279
2020-12-16,0.449195909385
2020-12-17,0.437785403165
2020-12-18,0.37977207303
2020-12-19,0.380816736367
2020-12-20,0.413345755314
2020-12-21,0.385231004028
2020-12-22,0.329273065956
2020-12-23,0.283780070633
2020-12-24,0.303373065792
2020-12-25,0.331133677792
2020-12-26,0.340158974187
2020-12-27,0.377527588847
2020-12-28,0.369952950405
2020-12-29,0.366852914093
2020-12-30,0.363157988977
2020-12-31,0.3784926088
2021-01-01,0.384169627728
2021-01-02,0.365606754059
2021-01-03,0.395122416013
2021-01-04,0.411651525009
2021-01-05,0.391808705114
2021-01-06,0.420269042415
2021-01-07,0.427672145229
2021-01-08,0.412051484673
2021-01-09,0.425016780525
2021-01-10,0.474436739738
2021-01-11,0.500932180183
2021-01-12,0.462848875882
2021-01-13,0.454276226918
2021-01-14,0.461921938367
2021-01-15,0.440887770353
2021-01-16,0.448988873514
2021-01-17,0.487345657776
2021-01-18,0.45831656547
2021-01-19,0.423860470115
2021-01-20,0.420528157943
2021-01-21,0.385785974467
2021-01-22,0.356037379972
2021-01-23,0.369664761353
2021-01-24,0.41962068856
2021-01-25,0.428886770766
2021-01-26,0.448839286425
2021-01-27,0.432389832128
2021-01-28,0.39561424984
2021-01-29,0.33748634978
2021-01-30,0.370508295381
2021-01-31,0.414800667342
2021-02-01,0.399235417938
2021-02-02,0.371015208085
2021-02-03,0.344394653314
2021-02-04,0.35393420646
2021-02-05,0.317492220687
2021-02-06,0.316345828337
2021-02-07,0.410498056494
2021-02-08,0.427963091562
2021-02-09,0.432287278641
2021-02-10,0.486633841774
2021-02-11,0.531636820088
2021-02-12,0.475100616369
2021-02-13,0.45236875656
2021-02-14,0.482696653536
2021-02-15,0.450491672155
2021-02-16,0.414503253509
2021-02-17,0.379496334729
2021-02-18,0.362728422068
2021-02-19,0.333197323151
2021-02-20,0.327233192231
2021-02-21,0.373733775204
2021-02-22,0.341958887994
2021-02-23,0.331997863678
2021-02-24,0.312370933745
2021-02-25,0.309206801336
2021-02-26,0.296535843327
2021-02-27,0.306777054712
2021-02-28,0.353426591907
2021-03-01,0.344987170763
2021-03-02,0.353388703343
2021-03-03,0.330882833389
2021-03-04,0.351800999913
2021-03-05,0.353087674622
2021-03-06,0.349962312677
2021-03-07,0.374695473796
2021-03-08,0.407973951364
2021-03-09,0.392750182895
2021-03-10,0.366254628219
2021-03-11,0.3239887344
2021-03-12,0.27640327287
2021-03-13,0.290442483605
2021-03-14,0.342931143036
2021-03-15,0.354312150412
2021-03-16,0.361060809407
2021-03-17,0.375835311217
2021-03-18,0.385796551469
2021-03-19,0.378675892795
2021-03-20,0.377649934289
2021-03-21,0.384328383224
2021-03-22,0.379724441956
2021-03-23,0.364229442274
2021-03-24,0.341872352172
2021-03-25,0.297268059439
2021-03-26,0.262044268087
2021-03-27,0.259835728515
2021-03-28,0.274884051695
2021-03-29,0.265615167877
2021-03-30,0.238370483517
2021-03-31,0.212607043879
2021-04-01,0.211306724781
2021-04-02,0.227099005875
2021-04-03,0.237452738659
2021-04-04,0.234660052603
2021-04-05,0.320865326069
2021-04-06,0.35788528953
2021-04-07,0.359529074145
2021-04-08,0.312876580565
2021-04-09,0.249256360132
2021-04-10,0.229885855198
2021-04-11,0.300770479949
2021-04-12,0.381823841632
2021-04-13,0.356332121384
2021-04-14,0.344804019849
2021-04-15,0.346738025871
2021-04-16,0.304337847067
2021-04-17,0.32350453662
2021-04-18,0.353889081292
2021-04-19,0.320494200448
2021-04-20,0.294184913611
2021-04-21,0.294813342971
2021-04-22,0.271754055275
2021-04-23,0.251596755235
2021-04-24,0.217856628679
2021-04-25,0.282491640909
2021-04-26,0.256244839075
2021-04-27,0.24378263009
2021-04-28,0.239023276783
2021-04-29,0.198205226394
2021-04-30,0.158209142152
2021-05-01,0.172494027425
2021-05-02,0.218281165354
2021-05-03,0.185999904612
2021-05-04,0.205398964015
2021-05-05,0.219322773657
2021-05-06,0.217570852853
2021-05-07,0.196029274128
2021-05-08,0.127542176349
2021-05-09,0.160205890436
2021-05-10,0.147660996079
2021-05-11,0.180221088955
2021-05-12,0.175643534478
2021-05-13,0.175707255726
2021-05-14,0.168614752412
2021-05-15,0.14727042917
2021-05-16,0.195238928365
2021-05-17,0.192485005369
2021-05-18,0.203481210986
2021-05-19,0.214547797468
2021-05-20,0.180487577343
2021-05-21,0.1513653523
2021-05-22,0.159370094008
2021-05-23,0.169060289833
2021-05-24,0.217439709153
2021-05-25,0.215526317161
2021-05-26,0.208969983982
2021-05-27,0.20065508959
2021-05-28,0.174662771637
2021-05-29,0.165793449122
2021-05-30,0.184510542574
2021-05-31,0.163938325932
2021-06-01,0.153379431943
2021-06-02,0.130309554555
2021-06-03,0.130703257497
2021-06-04,0.118769502451
2021-06-05,0.120055696071
2021-06-06,0.136473728501
2021-06-07,0.138741233031
2021-06-08,0.144731513914
2021-06-09,0.142306987283
2021-06-10,0.136904803997
2021-06-11,0.117815689307
2021-06-12,0.117675534067
2021-06-13,0.141226014237
2021-06-14,0.137777947875
2021-06-15,0.131927627745
2021-06-16,0.131380338453
2021-06-17,0.129259112624
2021-06-18,0.10987022485
2021-06-19,0.10395353197
2021-06-20,0.134116055911
2021-06-21,0.128417397109
2021-06-22,0.138085154332
2021-06-23,0.152337907799
2021-06-24,0.131209285921
2021-06-25,0.109921811304
2021-06-26,0.106230077818
2021-06-27,0.167026825028
2021-06-28,0.146643689533
2021-06-29,0.149089937952
2021-06-30,0.137835332213
2021-07-01,0.137306789722
2021-07-02,0.118699656356
2021-07-03,0.112301791193
2021-07-04,0.131553483044
2021-07-05,0.135654878958
2021-07-06,0.151242196758
2021-07-07,0.141986742912
2021-07-08,0.132889225278
2021-07-09,0.126157244645
2021-07-10,0.111084503794
2021-07-11,0.137338305516
2021-07-12,0.135911277522
2021-07-13,0.137830881101
2021-07-14,0.16296426073
2021-07-15,0.13022465408
2021-07-16,0.124814002298
2021-07-17,0.111228621911
2021-07-18,0.137773227764
2021-07-19,0.127339544779
2021-07-20,0.125991097681
2021-07-21,0.125640660212
2021-07-22,0.123937150957
2021-07-23,0.107579142189
2021-07-24,0.104836699762
2021-07-25,0.121927732688
2021-07-26,0.121519179883
2021-07-27,0.120812860835
2021-07-28,0.131976700477
2021-07-29,0.143631356241
2021-07-30,0.107997642334
2021-07-31,0.10574942797
2021-08-01,0.121402360728
2021-08-02,0.118631100251
2021-08-03,0.119917099595
2021-08-04,0.123182159171
2021-08-05,0.117154373322
2021-08-06,0.103397008196
2021-08-07,0.102725418756
2021-08-08,0.117870990409
2021-08-09,0.114778018516
2021-08-10,0.116337363802
2021-08-11,0.118513442938
2021-08-12,0.117301318794
2021-08-13,0.104761097894
2021-08-14,0.102527466467
2021-08-15,0.130306559048
2021-08-16,0.133274012197
2021-08-17,0.13138902548
2021-08-18,0.130468320356
2021-08-19,0.128039211019
2021-08-20,0.131291002702
2021-08-21,0.111278568984
2021-08-22,0.134290013913
2021-08-23,0.152683243351
2021-08-24,0.17197235978
2021-08-25,0.154972608386
2021-08-26,0.159834319342
2021-08-27,0.132268891254
2021-08-28,0.13023778271
2021-08-29,0.14827931396
2021-08-30,0.154263126094
2021-08-31,0.154031395968
2021-09-01,0.14438137085
2021-09-02,0.139173149089
2021-09-03,0.122124808956
2021-09-04,0.119025647826
2021-09-05,0.14207905046
2021-09-06,0.145267977337
2021-09-07,0.146768221156
2021-09-08,0.142848197312
2021-09-09,0.143029725052
2021-09-10,0.123473057167
2021-09-11,0.12221725078
2021-09-12,0.15144140369
2021-09-13,0.156727114264
2021-09-14,0.152925793723
2021-09-15,0.165741904999
2021-09-16,0.154490801332
2021-09-17,0.144928040708
2021-09-18,0.133584764159
2021-09-19,0.188322904108
2021-09-20,0.177135211429
2021-09-21,0.190581543684
2021-09-22,0.180396128857
2021-09-23,0.202141146535
2021-09-24,0.134565864419
2021-09-25,0.127821403886
2021-09-26,0.187393071898
2021-09-27,0.148675121347
2021-09-28,0.213340572985
2021-09-29,0.180421461566
2021-09-30,0.174385539771
2021-10-01,0.147512224998
2021-10-02,0.136995537015
2021-10-03,0.205555050959
2021-10-04,0.227567647403
2021-10-05,0.234327557836
2021-10-06,0.228930528039
2021-10-07,0.225846329769
2021-10-08,0.203364118776
2021-10-09,0.221312204856
2021-10-10,0.286707367266
2021-10-11,0.307926538654
2021-10-12,0.285916012714
2021-10-13,0.276043246626
2021-10-14,0.249172293031
2021-10-15,0.221843267
2021-10-16,0.251037707068
2021-10-17,0.33726481123
2021-10-18,0.305848195253
2021-10-19,0.271330816771
2021-10-20,0.258885793645
2021-10-21,0.292541503513
2021-10-22,0.236424892301
2021-10-23,0.233712453418
2021-10-24,0.303398734485
2021-10-25,0.327463280389
2021-10-26,0.348823553344
2021-10-27,0.354078966041
2021-10-28,0.332713017852
2021-10-29,0.237287154682
2021-10-30,0.217898774644
2021-10-31,0.25712502505
2021-11-01,0.307449044859
2021-11-02,0.314466769631
2021-11-03,0.33396480419
2021-11-04,0.351236365032
2021-11-05,0.297986463324
2021-11-06,0.270429716417
2021-11-07,0.363446942908
2021-11-08,0.38749573259
2021-11-09,0.350066234744
2021-11-10,0.360141011273
2021-11-11,0.386710376222
2021-11-12,0.338586865496
2021-11-13,0.323912040258
2021-11-14,0.366386372203
2021-11-15,0.377187430012
2021-11-16,0.397943947799
2021-11-17,0.411185915903
2021-11-18,0.409734126709
2021-11-19,0.369562162524
2021-11-20,0.375161577066
2021-11-21,0.399992984904
2021-11-22,0.415088788105
2021-11-23,0.416387498246
2021-11-24,0.463924678459
2021-11-25,0.469914749108
2021-11-26,0.416448404198
2021-11-27,0.399512932536
2021-11-28,0.44504129682
2021-11-29,0.455605597227
2021-11-30,0.425741969202
2021-12-01,0.44193468273
2021-12-02,0.459268007079
2021-12-03,0.398058890012
2021-12-04,0.380593090236
2021-12-05,0.46935519213
2021-12-06,0.477853671965
2021-12-07,0.438368836536
2021-12-08,0.438494449574
2021-12-09,0.444446023402
2021-12-10,0.40417486143
2021-12-11,0.369831928389
2021-12-12,0.440686652716
2021-12-13,0.410319866969
2021-12-14,0.411676598496
2021-12-15,0.40172837768
2021-12-16,0.399023462424
2021-12-17,0.365520059665
2021-12-18,0.327295993654
2021-12-19,0.413305539546
2021-12-20,0.454413628027
2021-12-21,0.461693183634
2021-12-22,0.444844212064
2021-12-23,0.315734907652
2021-12-24,0.313576533247
2021-12-25,0.348874245258
2021-12-26,0.36485614834
2021-12-27,0.349332386275
2021-12-28,0.321071642037
2021-12-29,0.26839728459
2021-12-30,0.21410464096
2021-12-31,0.211758101349
2022-01-01,0.246258923005
2022-01-02,0.2855598889
2022-01-03,0.306070140984
2022-01-04,0.309442074625
2022-01-05,0.346353204762
2022-01-06,0.393619950377
2022-01-07,0.389754376025
2022-01-08,0.379867277827
2022-01-09,0.442801483641
2022-01-10,0.490333830729
2022-01-11,0.488260867143
2022-01-12,0.478011675182
2022-01-13,0.438379511858
2022-01-14,0.413187070883
2022-01-15,0.387647920659
2022-01-16,0.419440108647
2022-01-17,0.445916707612
2022-01-18,0.47955081677
2022-01-19,0.452953712272
2022-01-20,0.468255628133
2022-01-21,0.433071078741
2022-01-22,0.422431045823
2022-01-23,0.458125068575
2022-01-24,0.458503033641
2022-01-25,0.467751912161
2022-01-26,0.449954313425
2022-01-27,0.445632579557
2022-01-28,0.387624148293
2022-01-29,0.331304266194
2022-01-30,0.458278857595
2022-01-31,0.478905565495
2022-02-01,0.455624262578
2022-02-02,0.44076555939
2022-02-03,0.438670682724
2022-02-04,0.355380740483
2022-02-05,0.357943588494
2022-02-06,0.425843503777
2022-02-07,0.393994402047
2022-02-08,0.358367037832
2022-02-09,0.39787483029
2022-02-10,0.39274403578
2022-02-11,0.36674215441
2022-02-12,0.323038155076
2022-02-13,0.383921870566
2022-02-14,0.420008561211
2022-02-15,0.379184095024
2022-02-16,0.302699178515
2022-02-17,0.298022077859
2022-02-18,0.2699968874
2022-02-19,0.26962269851
2022-02-20,0.319316429014
2022-02-21,0.341034325825
2022-02-22,0.351337171008
2022-02-23,0.311711815428
2022-02-24,0.303232879995
2022-02-25,0.333136095407
2022-02-26,0.315436984895
2022-02-27,0.420456173127
2022-02-28,0.417137797063
2022-03-01,0.42084895591
2022-03-02,0.380756468154
2022-03-03,0.43759531416
2022-03-04,0.389383896447
2022-03-05,0.359868103343
2022-03-06,0.417123943191
2022-03-07,0.394867349053
2022-03-08,0.387487533819
2022-03-09,0.383015217972
2022-03-10,0.392429379402
2022-03-11,0.337497293707
2022-03-12,0.321036233908
2022-03-13,0.356863077733
2022-03-14,0.370715157466
2022-03-15,0.332813940437
2022-03-16,0.370614234982
2022-03-17,0.367683635719
2022-03-18,0.327152545169
2022-03-19,0.279040279603
2022-03-20,0.322983062256
2022-03-21,0.316589436106
2022-03-22,0.313353591673
2022-03-23,0.304552968383
2022-03-24,0.272820169338
2022-03-25,0.22189823538
2022-03-26,0.218228539177
2022-03-27,0.26953698451
2022-03-28,0.246913391692
2022-03-29,0.280283782991
2022-03-30,0.259999633457
2022-03-31,0.291611057129
2022-04-01,0.293370940939
2022-04-02,0.301458951875
2022-04-03,0.336527004566
2022-04-04,0.304823364317
2022-04-05,0.241654841861
2022-04-06,0.245929487834
2022-04-07,0.219858636607
2022-04-08,0.201818698802
2022-04-09,0.221572893226
2022-04-10,0.272947909215
2022-04-11,0.26446965359
2022-04-12,0.239079609571
2022-04-13,0.192629265598
2022-04-14,0.177103098266
2022-04-15,0.198827971202
2022-04-16,0.200444410583
2022-04-17,0.228275085409
2022-04-18,0.309121815502
2022-04-19,0.29262357489
2022-04-20,0.259380407059
2022-04-21,0.259301767601
2022-04-22,0.235720029814
2022-04-23,0.179613599511
2022-04-24,0.243149832762
2022-04-25,0.255245987248
2022-04-26,0.263050697182
2022-04-27,0.236118072708
2022-04-28,0.225524368443
2022-04-29,0.174766643529
2022-04-30,0.169033530914
2022-05-01,0.205638292242
2022-05-02,0.200958240409
2022-05-03,0.201485452748
2022-05-04,0.191610961297
2022-05-05,0.187924631905
2022-05-06,0.146396073811
2022-05-07,0.135302993543
2022-05-08,0.177942618953
2022-05-09,0.148848465201
2022-05-10,0.145286078247
2022-05-11,0.1527984996
2022-05-12,0.166882116733
2022-05-13,0.106540542963
2022-05-14,0.101738759423
2022-05-15,0.146693693358
2022-05-16,0.164076010718
2022-05-17,0.152882669862
2022-05-18,0.150239046018
2022-05-19,0.139929806515
2022-05-20,0.096901348517
2022-05-21,0.110713600487
2022-05-22,0.16078372685
2022-05-23,0.16072693995
2022-05-24,0.165507498773
2022-05-25,0.132159670381
2022-05-26,0.13735565381
2022-05-27,0.135311689018
2022-05-28,0.126543009446
2022-05-29,0.176184957078
2022-05-30,0.165029886661
2022-05-31,0.134679216055
2022-06-01,0.147088740096
2022-06-02,0.126601076133
2022-06-03,0.119901061144
2022-06-04,0.099097624016
2022-06-05,0.104228282185
2022-06-06,0.132435135695
2022-06-07,0.135393494502
2022-06-08,0.136447008348
2022-06-09,0.135700298655
2022-06-10,0.115686028528
2022-06-11,0.10952387865
2022-06-12,0.129333986933
2022-06-13,0.133308650859
2022-06-14,0.134425896405
2022-06-15,0.114711306488
2022-06-16,0.116130608686
2022-06-17,0.116726787262
2022-06-18,0.103645379187
2022-06-19,0.12734445919
2022-06-20,0.12033432686
2022-06-21,0.13710112143
2022-06-22,0.152496238755
2022-06-23,0.123420245821
2022-06-24,0.106095540173
2022-06-25,0.105465843274
2022-06-26,0.128230427697
2022-06-27,0.142667959806
2022-06-28,0.138391160084
2022-06-29,0.1551093057
2022-06-30,0.116779715705
2022-07-01,0.104248676721
2022-07-02,0.100128503274
2022-07-03,0.126935111687
2022-07-04,0.119426659305
2022-07-05,0.141131308637
2022-07-06,0.156554626379
2022-07-07,0.137335905351
2022-07-08,0.108787061732
2022-07-09,0.10163315964
2022-07-10,0.117568152993
2022-07-11,0.114849640954
2022-07-12,0.115670925876
2022-07-13,0.118908440171
2022-07-14,0.110665663205
2022-07-15,0.091251331568
2022-07-16,0.089885951717
2022-07-17,0.107799595729
2022-07-18,0.118048131971
2022-07-19,0.120980327817
2022-07-20,0.126148844073
2022-07-21,0.121564477725
2022-07-22,0.091424428338
2022-07-23,0.092381470024
2022-07-24,0.110453979301
2022-07-25,0.142665022296
2022-07-26,0.130816504393
2022-07-27,0.117179604793
2022-07-28,0.113301079526
2022-07-29,0.090924497265
2022-07-30,0.083393744251
2022-07-31,0.091927709754
2022-08-01,0.107664788586
2022-08-02,0.107334228753
2022-08-03,0.110820536156
2022-08-04,0.09204356361
2022-08-05,0.080039506634
2022-08-06,0.07925507776
2022-08-07,0.106822265759
2022-08-08,0.118309281555
2022-08-09,0.116101823821
2022-08-10,0.108139677773
2022-08-11,0.107949282772
2022-08-12,0.086081205023
2022-08-13,0.095205206443
2022-08-14,0.085577930536
2022-08-15,0.125303382477
2022-08-16,0.114622557399
2022-08-17,0.114179916482
2022-08-18,0.126184529731
2022-08-19,0.086438259085
2022-08-20,0.085595995859
2022-08-21,0.101185388096
2022-08-22,0.117110636463
2022-08-23,0.131020809637
2022-08-24,0.118300250362
2022-08-25,0.114737323604
2022-08-26,0.087157182425
2022-08-27,0.084698955726
2022-08-28,0.100470861639
2022-08-29,0.113107456167
2022-08-30,0.123006360841
2022-08-31,0.141317854708
2022-09-01,0.137701788508
2022-09-02,0.107759281147
2022-09-03,0.103264281427
2022-09-04,0.153517432384
2022-09-05,0.149590334678
2022-09-06,0.163964545868
2022-09-07,0.160278995646
2022-09-08,0.157441606156
2022-09-09,0.106897587426
2022-09-10,0.10699328638
2022-09-11,0.165490692112
2022-09-12,0.17466630526
2022-09-13,0.161504792217
2022-09-14,0.176185552496
2022-09-15,0.124122360927
2022-09-16,0.11440833334
2022-09-17,0.120781704684
2022-09-18,0.182396257676
2022-09-19,0.210990107821
2022-09-20,0.213331252872
2022-09-21,0.208324332789
2022-09-22,0.212126332816
2022-09-23,0.185069378149
2022-09-24,0.142032519795
2022-09-25,0.191937903342
2022-09-26,0.210214952242
2022-09-27,0.207272457819
2022-09-28,0.229116288685
2022-09-29,0.192705777078
2022-09-30,0.138414391303
2022-10-01,0.137724748
2022-10-02,0.172353977
2022-10-03,0.190929918
2022-10-04,0.168878977
2022-10-05,0.183029615
2022-10-06,0.187415221
2022-10-07,0.125172904
2022-10-08,0.134181551
2022-10-09,0.194868161
2022-10-10,0.211288228
2022-10-11,0.219126503
2022-10-12,0.199151677
2022-10-13,0.173997207
2022-10-14,0.140627905
2022-10-15,0.129673093
2022-10-16,0.203707165
2022-10-17,0.209191379
2022-10-18,0.213673624
2022-10-19,0.177973208
2022-10-20,0.208226908
2022-10-21,0.197129615
2022-10-22,0.181345307
2022-10-23,0.232388707
2022-10-24,0.22695605
2022-10-25,0.221184515
2022-10-26,0.208636679
2022-10-27,0.225766527
2022-10-28,0.193356181
2022-10-29,0.156248242
2022-10-30,0.208943119
2022-10-31,0.197696261
2022-11-01,0.256076278
2022-11-02,0.258618852
2022-11-03,0.25593193
2022-11-04,0.221067166
2022-11-05,0.202903853
2022-11-06,0.269291989
2022-11-07,0.316264342
2022-11-08,0.283174222
2022-11-09,0.274892255
