country,date,variable,value,day,year,date20
RO,2021-12-07,rm7,176.845357142857,341,2021,2020-12-07
BE,2021-12-07,rm7,252.421328571429,341,2021,2020-12-07
DE,2021-12-07,rm7,1563.61106321429,341,2021,2020-12-07
FI,2021-12-07,rm7,305.041142857143,341,2021,2020-12-07
LV,2021-12-07,rm7,23.2071428571429,341,2021,2020-12-07
CY,2021-12-07,rm7,10.5908942857143,341,2021,2020-12-07
XK,2021-12-07,rm7,22.6611342857143,341,2021,2020-12-07
NL,2021-12-07,rm7,330.2949875,341,2021,2020-12-07
RS,2021-12-07,rm7,109.716285714286,341,2021,2020-12-07
GR,2021-12-07,rm7,141.368,341,2021,2020-12-07
SI,2021-12-07,rm7,43.5004457142857,341,2021,2020-12-07
SE,2021-12-07,rm7,522.285142857143,341,2021,2020-12-07
SK,2021-12-07,rm7,89.9905714285714,341,2021,2020-12-07
HU,2021-12-07,rm7,138.503643571429,341,2021,2020-12-07
FR,2021-12-07,rm7,1626.86714285714,341,2021,2020-12-07
CH,2021-12-07,rm7,212.123207142857,341,2021,2020-12-07
LT,2021-12-07,rm7,39.7605785714286,341,2021,2020-12-07
ME,2021-12-07,rm7,9.74691857142857,341,2021,2020-12-07
BA,2021-12-07,rm7,30.09782,341,2021,2020-12-07
AT,2021-12-07,rm7,199.132542857143,341,2021,2020-12-07
NO,2021-12-07,rm7,501.36448,341,2021,2020-12-07
MD,2021-12-07,rm7,18.0197142857143,341,2021,2020-12-07
CZ,2021-12-07,rm7,207.590485714286,341,2021,2020-12-07
EE,2021-12-07,rm7,29.3975571428572,341,2021,2020-12-07
PL,2021-12-07,rm7,530.993982857143,341,2021,2020-12-07
HR,2021-12-07,rm7,54.9127142857143,341,2021,2020-12-07
IE,2021-12-07,rm7,93.1904671428572,341,2021,2020-12-07
IT,2021-12-07,rm7,861.463,341,2021,2020-12-07
ES,2021-12-07,rm7,696.954428571429,341,2021,2020-12-07
DK,2021-12-07,rm7,116.782468571429,341,2021,2020-12-07
UA,2021-12-07,rm7,463.302857142857,341,2021,2020-12-07
BG,2021-12-07,rm7,118.975428571429,341,2021,2020-12-07
PT,2021-12-07,rm7,153.260857142857,341,2021,2020-12-07
RO,2021-12-12,rm7,173.181214285714,346,2021,2020-12-12
HU,2021-12-12,rm7,143.3331875,346,2021,2020-12-12
DE,2021-12-12,rm7,1537.81469,346,2021,2020-12-12
BE,2021-12-12,rm7,254.883835714286,346,2021,2020-12-12
NL,2021-12-12,rm7,329.607811785714,346,2021,2020-12-12
MD,2021-12-12,rm7,18.0545714285714,346,2021,2020-12-12
CY,2021-12-12,rm7,10.7202042857143,346,2021,2020-12-12
PL,2021-12-12,rm7,549.824994285714,346,2021,2020-12-12
BA,2021-12-12,rm7,28.65345,346,2021,2020-12-12
GR,2021-12-12,rm7,142.998285714286,346,2021,2020-12-12
CH,2021-12-12,rm7,215.666307142857,346,2021,2020-12-12
HR,2021-12-12,rm7,57.033,346,2021,2020-12-12
IT,2021-12-12,rm7,852.966428571429,346,2021,2020-12-12
DK,2021-12-12,rm7,115.216822857143,346,2021,2020-12-12
CZ,2021-12-12,rm7,212.438107142857,346,2021,2020-12-12
LT,2021-12-12,rm7,41.7627471428571,346,2021,2020-12-12
UA,2021-12-12,rm7,466.844142857143,346,2021,2020-12-12
AT,2021-12-12,rm7,198.072842857143,346,2021,2020-12-12
LV,2021-12-12,rm7,23.678,346,2021,2020-12-12
SK,2021-12-12,rm7,91.0778571428571,346,2021,2020-12-12
EE,2021-12-12,rm7,30.0420428571429,346,2021,2020-12-12
XK,2021-12-12,rm7,23.4599071428571,346,2021,2020-12-12
ME,2021-12-12,rm7,10.0155114285714,346,2021,2020-12-12
IE,2021-12-12,rm7,89.4653985714286,346,2021,2020-12-12
FI,2021-12-12,rm7,300.033714285714,346,2021,2020-12-12
ES,2021-12-12,rm7,673.113285714286,346,2021,2020-12-12
SI,2021-12-12,rm7,45.5090185714286,346,2021,2020-12-12
NO,2021-12-12,rm7,481.907247142857,346,2021,2020-12-12
RS,2021-12-12,rm7,114.133285714286,346,2021,2020-12-12
SE,2021-12-12,rm7,499.953,346,2021,2020-12-12
FR,2021-12-12,rm7,1649.87528571429,346,2021,2020-12-12
BG,2021-12-12,rm7,122.696857142857,346,2021,2020-12-12
PT,2021-12-12,rm7,151.032742857143,346,2021,2020-12-12
AL,2021-12-12,rm7,4.37442857142857,346,2021,2020-12-12
IE,2021-12-17,rm7,88.8042671428572,351,2021,2020-12-17
AL,2021-12-17,rm7,4.55385714285714,351,2021,2020-12-17
RO,2021-12-17,rm7,184.780892857143,351,2021,2020-12-17
HR,2021-12-17,rm7,56.2487142857143,351,2021,2020-12-17
CY,2021-12-17,rm7,11.3333592857143,351,2021,2020-12-17
NL,2021-12-17,rm7,326.051818214286,351,2021,2020-12-17
FI,2021-12-17,rm7,265.5067,351,2021,2020-12-17
MD,2021-12-17,rm7,18.5728571428571,351,2021,2020-12-17
ES,2021-12-17,rm7,708.517428571429,351,2021,2020-12-17
HU,2021-12-17,rm7,141.815221071429,351,2021,2020-12-17
BE,2021-12-17,rm7,253.688472857143,351,2021,2020-12-17
SI,2021-12-17,rm7,44.8481457142857,351,2021,2020-12-17
LV,2021-12-17,rm7,22.4468571428571,351,2021,2020-12-17
CZ,2021-12-17,rm7,205.448532857143,351,2021,2020-12-17
AT,2021-12-17,rm7,198.6391,351,2021,2020-12-17
DE,2021-12-17,rm7,1495.13772571429,351,2021,2020-12-17
BA,2021-12-17,rm7,28.1437385714286,351,2021,2020-12-17
IT,2021-12-17,rm7,872.778428571429,351,2021,2020-12-17
CH,2021-12-17,rm7,211.307224285714,351,2021,2020-12-17
EE,2021-12-17,rm7,26.5774142857143,351,2021,2020-12-17
RS,2021-12-17,rm7,117.728285714286,351,2021,2020-12-17
ME,2021-12-17,rm7,10.3931742857143,351,2021,2020-12-17
FR,2021-12-17,rm7,1612.107,351,2021,2020-12-17
DK,2021-12-17,rm7,108.600837142857,351,2021,2020-12-17
SE,2021-12-17,rm7,442.915428571429,351,2021,2020-12-17
NO,2021-12-17,rm7,431.999781428571,351,2021,2020-12-17
XK,2021-12-17,rm7,25.5664242857143,351,2021,2020-12-17
SK,2021-12-17,rm7,89.9038571428572,351,2021,2020-12-17
LT,2021-12-17,rm7,39.6336185714286,351,2021,2020-12-17
PL,2021-12-17,rm7,539.118195714286,351,2021,2020-12-17
UA,2021-12-17,rm7,473.206428571429,351,2021,2020-12-17
GR,2021-12-17,rm7,153.009142857143,351,2021,2020-12-17
PT,2021-12-17,rm7,150.9683,351,2021,2020-12-17
BG,2021-12-17,rm7,127.735142857143,351,2021,2020-12-17
AL,2021-12-22,rm7,3.78242857142857,356,2021,2020-12-22
HU,2021-12-22,rm7,134.400728571429,356,2021,2020-12-22
DE,2021-12-22,rm7,1460.88825,356,2021,2020-12-22
FI,2021-12-22,rm7,277.401414285714,356,2021,2020-12-22
NL,2021-12-22,rm7,325.192648928571,356,2021,2020-12-22
MD,2021-12-22,rm7,18.8767142857143,356,2021,2020-12-22
AT,2021-12-22,rm7,201.362742857143,356,2021,2020-12-22
EE,2021-12-22,rm7,26.5288285714286,356,2021,2020-12-22
XK,2021-12-22,rm7,27.0602871428571,356,2021,2020-12-22
FR,2021-12-22,rm7,1667.92442857143,356,2021,2020-12-22
IE,2021-12-22,rm7,91.8042742857143,356,2021,2020-12-22
CZ,2021-12-22,rm7,196.988454285714,356,2021,2020-12-22
RO,2021-12-22,rm7,181.168678571429,356,2021,2020-12-22
CH,2021-12-22,rm7,207.966854285714,356,2021,2020-12-22
HR,2021-12-22,rm7,56.176,356,2021,2020-12-22
SK,2021-12-22,rm7,87.373,356,2021,2020-12-22
ES,2021-12-22,rm7,707.916285714286,356,2021,2020-12-22
PL,2021-12-22,rm7,530.882502857143,356,2021,2020-12-22
GR,2021-12-22,rm7,161.524285714286,356,2021,2020-12-22
SE,2021-12-22,rm7,454.850857142857,356,2021,2020-12-22
LT,2021-12-22,rm7,39.7248428571429,356,2021,2020-12-22
DK,2021-12-22,rm7,108.074345714286,356,2021,2020-12-22
NO,2021-12-22,rm7,434.064288571429,356,2021,2020-12-22
LV,2021-12-22,rm7,22.6724285714286,356,2021,2020-12-22
IT,2021-12-22,rm7,859.893714285714,356,2021,2020-12-22
SI,2021-12-22,rm7,43.5361971428571,356,2021,2020-12-22
ME,2021-12-22,rm7,10.6323728571429,356,2021,2020-12-22
UA,2021-12-22,rm7,485.591428571429,356,2021,2020-12-22
BG,2021-12-22,rm7,132.574571428571,356,2021,2020-12-22
BA,2021-12-22,rm7,25.1057871428571,356,2021,2020-12-22
BE,2021-12-22,rm7,251.839720357143,356,2021,2020-12-22
PT,2021-12-22,rm7,151.5752,356,2021,2020-12-22
RS,2021-12-22,rm7,118.149835714286,356,2021,2020-12-22
MK,2021-12-22,rm7,15.5211428571429,356,2021,2020-12-22
AL,2021-12-27,rm7,5.53971428571429,361,2021,2020-12-27
RO,2021-12-27,rm7,172.25925,361,2021,2020-12-27
DE,2021-12-27,rm7,1340.66933035714,361,2021,2020-12-27
FI,2021-12-27,rm7,288.944,361,2021,2020-12-27
CH,2021-12-27,rm7,199.009578571429,361,2021,2020-12-27
CZ,2021-12-27,rm7,181.423441428571,361,2021,2020-12-27
CY,2021-12-27,rm7,10.3705478571429,361,2021,2020-12-27
HU,2021-12-27,rm7,124.103593214286,361,2021,2020-12-27
NL,2021-12-27,rm7,315.472698214286,361,2021,2020-12-27
FR,2021-12-27,rm7,1523.61271428571,361,2021,2020-12-27
GR,2021-12-27,rm7,148.976857142857,361,2021,2020-12-27
BE,2021-12-27,rm7,232.12573,361,2021,2020-12-27
SE,2021-12-27,rm7,485.190857142857,361,2021,2020-12-27
IE,2021-12-27,rm7,82.4878042857143,361,2021,2020-12-27
AT,2021-12-27,rm7,185.269314285714,361,2021,2020-12-27
SK,2021-12-27,rm7,81.6201428571429,361,2021,2020-12-27
RS,2021-12-27,rm7,116.987428571429,361,2021,2020-12-27
ME,2021-12-27,rm7,10.2728328571429,361,2021,2020-12-27
DK,2021-12-27,rm7,109.210805714286,361,2021,2020-12-27
XK,2021-12-27,rm7,26.25967,361,2021,2020-12-27
UA,2021-12-27,rm7,510.556714285714,361,2021,2020-12-27
BA,2021-12-27,rm7,24.6927257142857,361,2021,2020-12-27
SI,2021-12-27,rm7,39.5982585714286,361,2021,2020-12-27
LT,2021-12-27,rm7,39.46218,361,2021,2020-12-27
MD,2021-12-27,rm7,19.1971428571429,361,2021,2020-12-27
HR,2021-12-27,rm7,52.8201428571429,361,2021,2020-12-27
PL,2021-12-27,rm7,499.754317142857,361,2021,2020-12-27
NO,2021-12-27,rm7,463.737648571429,361,2021,2020-12-27
EE,2021-12-27,rm7,27.1123142857143,361,2021,2020-12-27
ES,2021-12-27,rm7,631.728714285714,361,2021,2020-12-27
LV,2021-12-27,rm7,22.3748571428571,361,2021,2020-12-27
IT,2021-12-27,rm7,744.325285714286,361,2021,2020-12-27
BG,2021-12-27,rm7,122.470857142857,361,2021,2020-12-27
PT,2021-12-27,rm7,135.259842857143,361,2021,2020-12-27
MK,2021-12-27,rm7,27.2544285714286,361,2021,2020-12-27
RO,2022-01-01,rm7,161.159321428571,1,2022,2020-01-01
HU,2022-01-01,rm7,117.166270714286,1,2022,2020-01-01
DE,2022-01-01,rm7,1245.72560571429,1,2022,2020-01-01
LV,2022-01-01,rm7,21.3445714285714,1,2022,2020-01-01
CZ,2022-01-01,rm7,167.024742857143,1,2022,2020-01-01
AT,2022-01-01,rm7,169.089585714286,1,2022,2020-01-01
GE,2022-01-01,rm7,47.0290414285714,1,2022,2020-01-01
CY,2022-01-01,rm7,12.0058992857143,1,2022,2020-01-01
FR,2022-01-01,rm7,1293.39985714286,1,2022,2020-01-01
BE,2022-01-01,rm7,212.223722142857,1,2022,2020-01-01
GR,2022-01-01,rm7,134.046,1,2022,2020-01-01
IE,2022-01-01,rm7,77.5566942857143,1,2022,2020-01-01
CH,2022-01-01,rm7,180.891961428571,1,2022,2020-01-01
ES,2022-01-01,rm7,583.866857142857,1,2022,2020-01-01
BA,2022-01-01,rm7,29.7738785714286,1,2022,2020-01-01
SE,2022-01-01,rm7,452.611428571429,1,2022,2020-01-01
FI,2022-01-01,rm7,277.865742857143,1,2022,2020-01-01
HR,2022-01-01,rm7,48.865,1,2022,2020-01-01
SK,2022-01-01,rm7,77.2841428571429,1,2022,2020-01-01
NL,2022-01-01,rm7,297.894716785714,1,2022,2020-01-01
PL,2022-01-01,rm7,474.432782857143,1,2022,2020-01-01
ME,2022-01-01,rm7,8.19714142857143,1,2022,2020-01-01
MD,2022-01-01,rm7,17.8717142857143,1,2022,2020-01-01
XK,2022-01-01,rm7,25.5107542857143,1,2022,2020-01-01
DK,2022-01-01,rm7,103.170747142857,1,2022,2020-01-01
LT,2022-01-01,rm7,37.9105585714286,1,2022,2020-01-01
EE,2022-01-01,rm7,26.1639428571429,1,2022,2020-01-01
RS,2022-01-01,rm7,109.753857142857,1,2022,2020-01-01
IT,2022-01-01,rm7,655.566428571429,1,2022,2020-01-01
UA,2022-01-01,rm7,495.497428571429,1,2022,2020-01-01
SI,2022-01-01,rm7,34.3669128571429,1,2022,2020-01-01
BG,2022-01-01,rm7,112.370142857143,1,2022,2020-01-01
PT,2022-01-01,rm7,126.553785714286,1,2022,2020-01-01
NO,2022-01-01,rm7,459.735862857143,1,2022,2020-01-01
AL,2022-01-01,rm7,5.03571428571429,1,2022,2020-01-01
MK,2022-01-01,rm7,22.4541428571429,1,2022,2020-01-01
MK,2022-01-06,rm7,18.8908571428571,6,2022,2020-01-06
LU,2022-01-06,rm7,8.82951535714286,6,2022,2020-01-06
RO,2022-01-06,rm7,160.118428571429,6,2022,2020-01-06
NL,2022-01-06,rm7,302.429584285714,6,2022,2020-01-06
CH,2022-01-06,rm7,188.2797,6,2022,2020-01-06
MD,2022-01-06,rm7,16.7547142857143,6,2022,2020-01-06
DE,2022-01-06,rm7,1344.477725,6,2022,2020-01-06
CZ,2022-01-06,rm7,176.817897142857,6,2022,2020-01-06
AT,2022-01-06,rm7,165.1936,6,2022,2020-01-06
LT,2022-01-06,rm7,36.2970357142857,6,2022,2020-01-06
HU,2022-01-06,rm7,121.184885357143,6,2022,2020-01-06
BA,2022-01-06,rm7,29.7621242857143,6,2022,2020-01-06
IT,2022-01-06,rm7,660.377428571429,6,2022,2020-01-06
CY,2022-01-06,rm7,11.6451828571429,6,2022,2020-01-06
BE,2022-01-06,rm7,228.9511225,6,2022,2020-01-06
IE,2022-01-06,rm7,79.4705657142857,6,2022,2020-01-06
SK,2022-01-06,rm7,77.8627142857143,6,2022,2020-01-06
EE,2022-01-06,rm7,25.7684,6,2022,2020-01-06
RS,2022-01-06,rm7,100.019571428571,6,2022,2020-01-06
LV,2022-01-06,rm7,20.7095714285714,6,2022,2020-01-06
HR,2022-01-06,rm7,47.9467142857143,6,2022,2020-01-06
PL,2022-01-06,rm7,452.18202,6,2022,2020-01-06
XK,2022-01-06,rm7,23.8593742857143,6,2022,2020-01-06
ES,2022-01-06,rm7,600.939142857143,6,2022,2020-01-06
FR,2022-01-06,rm7,1420.29928571429,6,2022,2020-01-06
GE,2022-01-06,rm7,45.7236728571429,6,2022,2020-01-06
UA,2022-01-06,rm7,451.149714285714,6,2022,2020-01-06
ME,2022-01-06,rm7,7.43053,6,2022,2020-01-06
GR,2022-01-06,rm7,128.798428571429,6,2022,2020-01-06
FI,2022-01-06,rm7,264.635871428571,6,2022,2020-01-06
SI,2022-01-06,rm7,36.86978,6,2022,2020-01-06
NO,2022-01-06,rm7,449.301125714286,6,2022,2020-01-06
SE,2022-01-06,rm7,439.928714285714,6,2022,2020-01-06
BG,2022-01-06,rm7,109.339714285714,6,2022,2020-01-06
DK,2022-01-06,rm7,104.246774285714,6,2022,2020-01-06
PT,2022-01-06,rm7,135.557428571429,6,2022,2020-01-06
AL,2022-01-06,rm7,4.54885714285714,6,2022,2020-01-06
RO,2022-01-11,rm7,174.698464285714,11,2022,2020-01-11
CY,2022-01-11,rm7,11.524505,11,2022,2020-01-11
NL,2022-01-11,rm7,319.941928571429,11,2022,2020-01-11
HU,2022-01-11,rm7,136.080556785714,11,2022,2020-01-11
DE,2022-01-11,rm7,1482.56329964286,11,2022,2020-01-11
FI,2022-01-11,rm7,282.241128571429,11,2022,2020-01-11
CH,2022-01-11,rm7,205.085975714286,11,2022,2020-01-11
MD,2022-01-11,rm7,17.8825714285714,11,2022,2020-01-11
CZ,2022-01-11,rm7,205.76524,11,2022,2020-01-11
AT,2022-01-11,rm7,180.633528571429,11,2022,2020-01-11
EE,2022-01-11,rm7,27.5155714285714,11,2022,2020-01-11
BE,2022-01-11,rm7,258.025664642857,11,2022,2020-01-11
GE,2022-01-11,rm7,45.3309528571429,11,2022,2020-01-11
LV,2022-01-11,rm7,21.8592857142857,11,2022,2020-01-11
HR,2022-01-11,rm7,52.6641428571429,11,2022,2020-01-11
SK,2022-01-11,rm7,85.645,11,2022,2020-01-11
LT,2022-01-11,rm7,38.7331428571429,11,2022,2020-01-11
PL,2022-01-11,rm7,496.138844285714,11,2022,2020-01-11
IE,2022-01-11,rm7,84.0067714285715,11,2022,2020-01-11
ME,2022-01-11,rm7,8.02678571428571,11,2022,2020-01-11
SI,2022-01-11,rm7,42.9819171428571,11,2022,2020-01-11
NO,2022-01-11,rm7,475.456514285714,11,2022,2020-01-11
RS,2022-01-11,rm7,108.198857142857,11,2022,2020-01-11
FR,2022-01-11,rm7,1579.74642857143,11,2022,2020-01-11
DK,2022-01-11,rm7,112.743124285714,11,2022,2020-01-11
BG,2022-01-11,rm7,121.577857142857,11,2022,2020-01-11
UA,2022-01-11,rm7,454.772142857143,11,2022,2020-01-11
ES,2022-01-11,rm7,660.479285714286,11,2022,2020-01-11
SE,2022-01-11,rm7,478.261285714286,11,2022,2020-01-11
BA,2022-01-11,rm7,30.2542685714286,11,2022,2020-01-11
XK,2022-01-11,rm7,24.8774142857143,11,2022,2020-01-11
IT,2022-01-11,rm7,754.773,11,2022,2020-01-11
GR,2022-01-11,rm7,140.764714285714,11,2022,2020-01-11
PT,2022-01-11,rm7,151.199728571429,11,2022,2020-01-11
MK,2022-01-11,rm7,23.0862857142857,11,2022,2020-01-11
AL,2022-01-11,rm7,4.89228571428571,11,2022,2020-01-11
LU,2022-01-11,rm7,12.0226364285714,11,2022,2020-01-11
HU,2022-01-16,rm7,141.056286428571,16,2022,2020-01-16
DE,2022-01-16,rm7,1520.2932725,16,2022,2020-01-16
CH,2022-01-16,rm7,205.249892857143,16,2022,2020-01-16
CZ,2022-01-16,rm7,211.035472857143,16,2022,2020-01-16
SK,2022-01-16,rm7,90.3851428571429,16,2022,2020-01-16
XK,2022-01-16,rm7,27.1997171428571,16,2022,2020-01-16
ME,2022-01-16,rm7,8.92540428571429,16,2022,2020-01-16
FR,2022-01-16,rm7,1706.963,16,2022,2020-01-16
AT,2022-01-16,rm7,192.7496,16,2022,2020-01-16
CY,2022-01-16,rm7,12.381475,16,2022,2020-01-16
RO,2022-01-16,rm7,183.620071428571,16,2022,2020-01-16
LV,2022-01-16,rm7,22.4305714285714,16,2022,2020-01-16
EE,2022-01-16,rm7,26.5011142857143,16,2022,2020-01-16
NL,2022-01-16,rm7,328.419398214286,16,2022,2020-01-16
HR,2022-01-16,rm7,56.3261428571429,16,2022,2020-01-16
GE,2022-01-16,rm7,46.1707542857143,16,2022,2020-01-16
ES,2022-01-16,rm7,713.090857142857,16,2022,2020-01-16
PL,2022-01-16,rm7,531.097231428572,16,2022,2020-01-16
BE,2022-01-16,rm7,265.959477857143,16,2022,2020-01-16
DK,2022-01-16,rm7,109.956335714286,16,2022,2020-01-16
FI,2022-01-16,rm7,268.817442857143,16,2022,2020-01-16
MD,2022-01-16,rm7,18.6547142857143,16,2022,2020-01-16
LT,2022-01-16,rm7,39.4966157142857,16,2022,2020-01-16
RS,2022-01-16,rm7,120.789857142857,16,2022,2020-01-16
SI,2022-01-16,rm7,44.1265,16,2022,2020-01-16
GR,2022-01-16,rm7,159.48,16,2022,2020-01-16
SE,2022-01-16,rm7,456.139,16,2022,2020-01-16
IT,2022-01-16,rm7,854.224,16,2022,2020-01-16
IE,2022-01-16,rm7,84.4858035714286,16,2022,2020-01-16
NO,2022-01-16,rm7,507.872357142857,16,2022,2020-01-16
UA,2022-01-16,rm7,489.998714285714,16,2022,2020-01-16
BG,2022-01-16,rm7,134.922285714286,16,2022,2020-01-16
MK,2022-01-16,rm7,26.175,16,2022,2020-01-16
LU,2022-01-16,rm7,13.2347017857143,16,2022,2020-01-16
PT,2022-01-16,rm7,152.435842857143,16,2022,2020-01-16
AL,2022-01-16,rm7,5.31842857142857,16,2022,2020-01-16
HR,2022-01-21,rm7,54.8407142857143,21,2022,2020-01-21
GE,2022-01-21,rm7,47.0631842857143,21,2022,2020-01-21
AT,2022-01-21,rm7,192.047285714286,21,2022,2020-01-21
CY,2022-01-21,rm7,14.1167021428571,21,2022,2020-01-21
RO,2022-01-21,rm7,182.934714285714,21,2022,2020-01-21
EE,2022-01-21,rm7,25.4023142857143,21,2022,2020-01-21
NL,2022-01-21,rm7,327.409084285714,21,2022,2020-01-21
UA,2022-01-21,rm7,489.557428571429,21,2022,2020-01-21
HU,2022-01-21,rm7,141.808891785714,21,2022,2020-01-21
BE,2022-01-21,rm7,264.496301071429,21,2022,2020-01-21
DK,2022-01-21,rm7,111.295822857143,21,2022,2020-01-21
MD,2022-01-21,rm7,18.201,21,2022,2020-01-21
CZ,2022-01-21,rm7,212.15904,21,2022,2020-01-21
PL,2022-01-21,rm7,524.909332857143,21,2022,2020-01-21
DE,2022-01-21,rm7,1551.87586678571,21,2022,2020-01-21
FR,2022-01-21,rm7,1728.51057142857,21,2022,2020-01-21
FI,2022-01-21,rm7,261.133042857143,21,2022,2020-01-21
IE,2022-01-21,rm7,85.682585,21,2022,2020-01-21
BG,2022-01-21,rm7,133.516,21,2022,2020-01-21
XK,2022-01-21,rm7,26.42271,21,2022,2020-01-21
LT,2022-01-21,rm7,38.7001085714286,21,2022,2020-01-21
ES,2022-01-21,rm7,735.310857142857,21,2022,2020-01-21
SK,2022-01-21,rm7,90.817,21,2022,2020-01-21
ME,2022-01-21,rm7,9.00271,21,2022,2020-01-21
SI,2022-01-21,rm7,43.7534442857143,21,2022,2020-01-21
SE,2022-01-21,rm7,460.334,21,2022,2020-01-21
CH,2022-01-21,rm7,206.484961428572,21,2022,2020-01-21
LV,2022-01-21,rm7,21.7002857142857,21,2022,2020-01-21
RS,2022-01-21,rm7,118.581428571429,21,2022,2020-01-21
GR,2022-01-21,rm7,157.970714285714,21,2022,2020-01-21
NO,2022-01-21,rm7,447.453674285714,21,2022,2020-01-21
IT,2022-01-21,rm7,854.089142857143,21,2022,2020-01-21
AL,2022-01-21,rm7,4.52171428571429,21,2022,2020-01-21
PT,2022-01-21,rm7,155.283071428571,21,2022,2020-01-21
LU,2022-01-21,rm7,12.9252142857143,21,2022,2020-01-21
MK,2022-01-21,rm7,26.1744285714286,21,2022,2020-01-21
AL,2022-01-26,rm7,5.03542857142857,26,2022,2020-01-26
RO,2022-01-26,rm7,181.676678571429,26,2022,2020-01-26
DE,2022-01-26,rm7,1534.84678642857,26,2022,2020-01-26
CH,2022-01-26,rm7,205.508525714286,26,2022,2020-01-26
AT,2022-01-26,rm7,191.766928571429,26,2022,2020-01-26
HU,2022-01-26,rm7,144.854785714286,26,2022,2020-01-26
XK,2022-01-26,rm7,27.54601,26,2022,2020-01-26
PL,2022-01-26,rm7,531.147711428572,26,2022,2020-01-26
IT,2022-01-26,rm7,873.593714285714,26,2022,2020-01-26
BE,2022-01-26,rm7,265.159504642857,26,2022,2020-01-26
SE,2022-01-26,rm7,458.400142857143,26,2022,2020-01-26
FI,2022-01-26,rm7,262.5774,26,2022,2020-01-26
LV,2022-01-26,rm7,21.7315714285714,26,2022,2020-01-26
IE,2022-01-26,rm7,93.0298607142857,26,2022,2020-01-26
SK,2022-01-26,rm7,91.512,26,2022,2020-01-26
EE,2022-01-26,rm7,25.7769285714286,26,2022,2020-01-26
HR,2022-01-26,rm7,57.0487142857143,26,2022,2020-01-26
ES,2022-01-26,rm7,739.522714285714,26,2022,2020-01-26
LT,2022-01-26,rm7,39.1253785714286,26,2022,2020-01-26
ME,2022-01-26,rm7,9.97853,26,2022,2020-01-26
FR,2022-01-26,rm7,1764.69428571429,26,2022,2020-01-26
GR,2022-01-26,rm7,164.469428571429,26,2022,2020-01-26
NL,2022-01-26,rm7,328.210225714286,26,2022,2020-01-26
MD,2022-01-26,rm7,18.9878571428571,26,2022,2020-01-26
CY,2022-01-26,rm7,15.031435,26,2022,2020-01-26
RS,2022-01-26,rm7,123.228285714286,26,2022,2020-01-26
SI,2022-01-26,rm7,44.0746328571429,26,2022,2020-01-26
CZ,2022-01-26,rm7,212.246242857143,26,2022,2020-01-26
BG,2022-01-26,rm7,142.595428571429,26,2022,2020-01-26
UA,2022-01-26,rm7,503.994714285714,26,2022,2020-01-26
GE,2022-01-26,rm7,47.6542114285714,26,2022,2020-01-26
DK,2022-01-26,rm7,108.291404285714,26,2022,2020-01-26
NO,2022-01-26,rm7,442.785985714286,26,2022,2020-01-26
PT,2022-01-26,rm7,156.482785714286,26,2022,2020-01-26
MK,2022-01-26,rm7,27.9605714285714,26,2022,2020-01-26
LU,2022-01-26,rm7,13.0509882142857,26,2022,2020-01-26
AL,2022-01-31,rm7,6.94871428571429,31,2022,2020-01-31
RO,2022-01-31,rm7,181.251821428571,31,2022,2020-01-31
HU,2022-01-31,rm7,141.740408928571,31,2022,2020-01-31
BE,2022-01-31,rm7,259.435218928571,31,2022,2020-01-31
LV,2022-01-31,rm7,21.8992857142857,31,2022,2020-01-31
DE,2022-01-31,rm7,1548.01163035714,31,2022,2020-01-31
CZ,2022-01-31,rm7,209.422314285714,31,2022,2020-01-31
CY,2022-01-31,rm7,15.4795492857143,31,2022,2020-01-31
SK,2022-01-31,rm7,89.7804285714286,31,2022,2020-01-31
LT,2022-01-31,rm7,38.34589,31,2022,2020-01-31
AT,2022-01-31,rm7,191.062642857143,31,2022,2020-01-31
IT,2022-01-31,rm7,866.516857142857,31,2022,2020-01-31
SE,2022-01-31,rm7,452.175571428572,31,2022,2020-01-31
CH,2022-01-31,rm7,202.008678571429,31,2022,2020-01-31
MD,2022-01-31,rm7,18.3154285714286,31,2022,2020-01-31
GE,2022-01-31,rm7,45.8617342857143,31,2022,2020-01-31
HR,2022-01-31,rm7,56.5082857142857,31,2022,2020-01-31
ES,2022-01-31,rm7,719.742571428571,31,2022,2020-01-31
FI,2022-01-31,rm7,261.427928571429,31,2022,2020-01-31
EE,2022-01-31,rm7,25.8702142857143,31,2022,2020-01-31
PL,2022-01-31,rm7,522.099801428572,31,2022,2020-01-31
IE,2022-01-31,rm7,93.2046392857143,31,2022,2020-01-31
SI,2022-01-31,rm7,43.2236042857143,31,2022,2020-01-31
DK,2022-01-31,rm7,107.883002857143,31,2022,2020-01-31
ME,2022-01-31,rm7,9.97113714285714,31,2022,2020-01-31
XK,2022-01-31,rm7,26.8297,31,2022,2020-01-31
UA,2022-01-31,rm7,498.196,31,2022,2020-01-31
GR,2022-01-31,rm7,165.441857142857,31,2022,2020-01-31
RS,2022-01-31,rm7,120.923142857143,31,2022,2020-01-31
FR,2022-01-31,rm7,1656.02542857143,31,2022,2020-01-31
BG,2022-01-31,rm7,139.488,31,2022,2020-01-31
NO,2022-01-31,rm7,441.600977142857,31,2022,2020-01-31
NL,2022-01-31,rm7,321.531292857143,31,2022,2020-01-31
PT,2022-01-31,rm7,152.494242857143,31,2022,2020-01-31
LU,2022-01-31,rm7,12.4640142857143,31,2022,2020-01-31
BA,2022-01-31,rm7,22.5146957142857,31,2022,2020-01-31
MK,2022-01-31,rm7,27.6431428571429,31,2022,2020-01-31
HU,2022-02-05,rm7,137.568706428571,36,2022,2020-02-05
CY,2022-02-05,rm7,13.8671292857143,36,2022,2020-02-05
RO,2022-02-05,rm7,177.598321428571,36,2022,2020-02-05
NL,2022-02-05,rm7,316.445373928571,36,2022,2020-02-05
XK,2022-02-05,rm7,25.18096,36,2022,2020-02-05
ES,2022-02-05,rm7,692.971,36,2022,2020-02-05
GR,2022-02-05,rm7,158.014142857143,36,2022,2020-02-05
AT,2022-02-05,rm7,195.600657142857,36,2022,2020-02-05
IT,2022-02-05,rm7,843.976,36,2022,2020-02-05
BE,2022-02-05,rm7,255.210845,36,2022,2020-02-05
DK,2022-02-05,rm7,108.967228571429,36,2022,2020-02-05
SI,2022-02-05,rm7,42.3081485714286,36,2022,2020-02-05
GE,2022-02-05,rm7,44.9395328571429,36,2022,2020-02-05
CH,2022-02-05,rm7,199.12149,36,2022,2020-02-05
MD,2022-02-05,rm7,18.2812857142857,36,2022,2020-02-05
EE,2022-02-05,rm7,26.6465285714286,36,2022,2020-02-05
UA,2022-02-05,rm7,482.142714285714,36,2022,2020-02-05
PL,2022-02-05,rm7,519.452991428571,36,2022,2020-02-05
ME,2022-02-05,rm7,9.62810857142857,36,2022,2020-02-05
LV,2022-02-05,rm7,21.938,36,2022,2020-02-05
CZ,2022-02-05,rm7,206.046162857143,36,2022,2020-02-05
LT,2022-02-05,rm7,38.83038,36,2022,2020-02-05
DE,2022-02-05,rm7,1536.94269107143,36,2022,2020-02-05
FR,2022-02-05,rm7,1569.33585714286,36,2022,2020-02-05
IE,2022-02-05,rm7,92.3513857142857,36,2022,2020-02-05
FI,2022-02-05,rm7,274.856657142857,36,2022,2020-02-05
SE,2022-02-05,rm7,479.624,36,2022,2020-02-05
HR,2022-02-05,rm7,54.6141428571429,36,2022,2020-02-05
RS,2022-02-05,rm7,116.77,36,2022,2020-02-05
BA,2022-02-05,rm7,11.2579357142857,36,2022,2020-02-05
SK,2022-02-05,rm7,87.2862857142857,36,2022,2020-02-05
BG,2022-02-05,rm7,132.164142857143,36,2022,2020-02-05
PT,2022-02-05,rm7,149.143742857143,36,2022,2020-02-05
NO,2022-02-05,rm7,466.583002857143,36,2022,2020-02-05
AL,2022-02-05,rm7,5.72142857142857,36,2022,2020-02-05
LU,2022-02-05,rm7,11.7668439285714,36,2022,2020-02-05
MK,2022-02-05,rm7,26.6892857142857,36,2022,2020-02-05
AL,2022-02-10,rm7,4.56357142857143,41,2022,2020-02-10
LU,2022-02-10,rm7,11.3394953571429,41,2022,2020-02-10
HU,2022-02-10,rm7,134.658809285714,41,2022,2020-02-10
RO,2022-02-10,rm7,174.927571428571,41,2022,2020-02-10
CY,2022-02-10,rm7,13.2313657142857,41,2022,2020-02-10
BE,2022-02-10,rm7,252.685436785714,41,2022,2020-02-10
FI,2022-02-10,rm7,254.202614285714,41,2022,2020-02-10
NL,2022-02-10,rm7,313.727739285714,41,2022,2020-02-10
MD,2022-02-10,rm7,18.6027142857143,41,2022,2020-02-10
GE,2022-02-10,rm7,46.3842642857143,41,2022,2020-02-10
AT,2022-02-10,rm7,193.184485714286,41,2022,2020-02-10
LT,2022-02-10,rm7,38.2953271428572,41,2022,2020-02-10
DE,2022-02-10,rm7,1528.2507975,41,2022,2020-02-10
LV,2022-02-10,rm7,21.9285714285714,41,2022,2020-02-10
CZ,2022-02-10,rm7,202.113662857143,41,2022,2020-02-10
SI,2022-02-10,rm7,39.6983814285714,41,2022,2020-02-10
SE,2022-02-10,rm7,448.742571428572,41,2022,2020-02-10
SK,2022-02-10,rm7,85.3885714285715,41,2022,2020-02-10
NO,2022-02-10,rm7,445.252545714286,41,2022,2020-02-10
IE,2022-02-10,rm7,91.4182635714286,41,2022,2020-02-10
XK,2022-02-10,rm7,23.9046042857143,41,2022,2020-02-10
UA,2022-02-10,rm7,475.144714285714,41,2022,2020-02-10
PL,2022-02-10,rm7,510.04682,41,2022,2020-02-10
IT,2022-02-10,rm7,836.525,41,2022,2020-02-10
EE,2022-02-10,rm7,25.5455714285714,41,2022,2020-02-10
DK,2022-02-10,rm7,109.250877142857,41,2022,2020-02-10
BG,2022-02-10,rm7,127.245142857143,41,2022,2020-02-10
ES,2022-02-10,rm7,690.062857142857,41,2022,2020-02-10
CH,2022-02-10,rm7,198.447657142857,41,2022,2020-02-10
RS,2022-02-10,rm7,112.695142857143,41,2022,2020-02-10
GR,2022-02-10,rm7,151.648714285714,41,2022,2020-02-10
ME,2022-02-10,rm7,9.21397285714286,41,2022,2020-02-10
FR,2022-02-10,rm7,1534.09,41,2022,2020-02-10
HR,2022-02-10,rm7,53.1095714285714,41,2022,2020-02-10
PT,2022-02-10,rm7,147.250842857143,41,2022,2020-02-10
MK,2022-02-10,rm7,26.1108571428571,41,2022,2020-02-10
AL,2022-02-15,rm7,5.2,46,2022,2020-02-15
LU,2022-02-15,rm7,11.1656453571429,46,2022,2020-02-15
RO,2022-02-15,rm7,171.713,46,2022,2020-02-15
CY,2022-02-15,rm7,12.2640985714286,46,2022,2020-02-15
BE,2022-02-15,rm7,253.110895,46,2022,2020-02-15
LV,2022-02-15,rm7,21.4307142857143,46,2022,2020-02-15
GE,2022-02-15,rm7,45.8710357142857,46,2022,2020-02-15
EE,2022-02-15,rm7,24.8765857142857,46,2022,2020-02-15
DE,2022-02-15,rm7,1512.03275642857,46,2022,2020-02-15
ES,2022-02-15,rm7,688.401285714286,46,2022,2020-02-15
PL,2022-02-15,rm7,499.645344285714,46,2022,2020-02-15
FR,2022-02-15,rm7,1540.61157142857,46,2022,2020-02-15
HU,2022-02-15,rm7,132.323681071429,46,2022,2020-02-15
NL,2022-02-15,rm7,306.404412857143,46,2022,2020-02-15
CH,2022-02-15,rm7,199.155424285714,46,2022,2020-02-15
SK,2022-02-15,rm7,84.5517142857143,46,2022,2020-02-15
LT,2022-02-15,rm7,37.0545071428571,46,2022,2020-02-15
AT,2022-02-15,rm7,192.0552,46,2022,2020-02-15
IT,2022-02-15,rm7,837.465285714286,46,2022,2020-02-15
CZ,2022-02-15,rm7,200.154007142857,46,2022,2020-02-15
UA,2022-02-15,rm7,462.102714285714,46,2022,2020-02-15
SI,2022-02-15,rm7,41.2925828571429,46,2022,2020-02-15
HR,2022-02-15,rm7,52.8157142857143,46,2022,2020-02-15
RS,2022-02-15,rm7,107.441142857143,46,2022,2020-02-15
GR,2022-02-15,rm7,149.417285714286,46,2022,2020-02-15
DK,2022-02-15,rm7,108.855604285714,46,2022,2020-02-15
SE,2022-02-15,rm7,447.580428571429,46,2022,2020-02-15
NO,2022-02-15,rm7,439.42888,46,2022,2020-02-15
MD,2022-02-15,rm7,18.088,46,2022,2020-02-15
IE,2022-02-15,rm7,90.4316728571429,46,2022,2020-02-15
FI,2022-02-15,rm7,251.438557142857,46,2022,2020-02-15
XK,2022-02-15,rm7,22.2631785714286,46,2022,2020-02-15
BG,2022-02-15,rm7,123.661857142857,46,2022,2020-02-15
ME,2022-02-15,rm7,8.90357285714286,46,2022,2020-02-15
PT,2022-02-15,rm7,147.744185714286,46,2022,2020-02-15
MK,2022-02-15,rm7,24.5258571428571,46,2022,2020-02-15
FR,2022-02-20,rm7,1431.10314285714,51,2022,2020-02-20
AL,2022-02-20,rm7,5.03285714285714,51,2022,2020-02-20
MK,2022-02-20,rm7,22.4164285714286,51,2022,2020-02-20
LU,2022-02-20,rm7,10.0178642857143,51,2022,2020-02-20
RO,2022-02-20,rm7,169.083857142857,51,2022,2020-02-20
HU,2022-02-20,rm7,131.850565357143,51,2022,2020-02-20
FI,2022-02-20,rm7,250.596428571429,51,2022,2020-02-20
AT,2022-02-20,rm7,189.353428571429,51,2022,2020-02-20
GE,2022-02-20,rm7,45.1065971428572,51,2022,2020-02-20
EE,2022-02-20,rm7,25.1348571428572,51,2022,2020-02-20
PT,2022-02-20,rm7,150.189428571429,51,2022,2020-02-20
DE,2022-02-20,rm7,1507.34771321429,51,2022,2020-02-20
ME,2022-02-20,rm7,8.60018142857143,51,2022,2020-02-20
CY,2022-02-20,rm7,11.542185,51,2022,2020-02-20
BE,2022-02-20,rm7,248.338038571429,51,2022,2020-02-20
DK,2022-02-20,rm7,109.642052857143,51,2022,2020-02-20
GR,2022-02-20,rm7,142.846857142857,51,2022,2020-02-20
NL,2022-02-20,rm7,305.2216725,51,2022,2020-02-20
IE,2022-02-20,rm7,90.4554514285714,51,2022,2020-02-20
UA,2022-02-20,rm7,455.579428571429,51,2022,2020-02-20
NO,2022-02-20,rm7,445.070482857143,51,2022,2020-02-20
CH,2022-02-20,rm7,192.558072857143,51,2022,2020-02-20
PL,2022-02-20,rm7,488.023488571429,51,2022,2020-02-20
IT,2022-02-20,rm7,829.936857142857,51,2022,2020-02-20
SK,2022-02-20,rm7,83.6424285714286,51,2022,2020-02-20
HR,2022-02-20,rm7,51.9505714285714,51,2022,2020-02-20
ES,2022-02-20,rm7,682.736714285714,51,2022,2020-02-20
SI,2022-02-20,rm7,41.1663342857143,51,2022,2020-02-20
SE,2022-02-20,rm7,450.226285714286,51,2022,2020-02-20
MD,2022-02-20,rm7,17.1332857142857,51,2022,2020-02-20
CZ,2022-02-20,rm7,198.802055714286,51,2022,2020-02-20
XK,2022-02-20,rm7,20.4995428571429,51,2022,2020-02-20
LT,2022-02-20,rm7,36.2732871428571,51,2022,2020-02-20
RS,2022-02-20,rm7,102.913142857143,51,2022,2020-02-20
BG,2022-02-20,rm7,118.985142857143,51,2022,2020-02-20
LV,2022-02-20,rm7,21.3282857142857,51,2022,2020-02-20
HU,2022-02-25,rm7,131.087186428571,56,2022,2020-02-25
DE,2022-02-25,rm7,1513.27220035714,56,2022,2020-02-25
GE,2022-02-25,rm7,42.9901171428571,56,2022,2020-02-25
AT,2022-02-25,rm7,188.650985714286,56,2022,2020-02-25
LT,2022-02-25,rm7,37.4625528571429,56,2022,2020-02-25
RO,2022-02-25,rm7,166.79075,56,2022,2020-02-25
PL,2022-02-25,rm7,496.952457142857,56,2022,2020-02-25
CY,2022-02-25,rm7,10.8372457142857,56,2022,2020-02-25
BE,2022-02-25,rm7,246.844338571429,56,2022,2020-02-25
SI,2022-02-25,rm7,41.0030842857143,56,2022,2020-02-25
SE,2022-02-25,rm7,459.716428571429,56,2022,2020-02-25
NO,2022-02-25,rm7,451.621545714286,56,2022,2020-02-25
LV,2022-02-25,rm7,21.5132857142857,56,2022,2020-02-25
CH,2022-02-25,rm7,197.067788571429,56,2022,2020-02-25
FI,2022-02-25,rm7,257.292357142857,56,2022,2020-02-25
NL,2022-02-25,rm7,304.689111071429,56,2022,2020-02-25
ES,2022-02-25,rm7,674.618142857143,56,2022,2020-02-25
FR,2022-02-25,rm7,1442.72928571429,56,2022,2020-02-25
DK,2022-02-25,rm7,110.479504285714,56,2022,2020-02-25
IE,2022-02-25,rm7,90.0516971428571,56,2022,2020-02-25
EE,2022-02-25,rm7,25.1543714285714,56,2022,2020-02-25
PT,2022-02-25,rm7,145.7879,56,2022,2020-02-25
UA,2022-02-25,rm7,398.244142857143,56,2022,2020-02-25
ME,2022-02-25,rm7,8.13026857142857,56,2022,2020-02-25
IT,2022-02-25,rm7,804.028142857143,56,2022,2020-02-25
GR,2022-02-25,rm7,136.141714285714,56,2022,2020-02-25
MD,2022-02-25,rm7,16.9691428571429,56,2022,2020-02-25
SK,2022-02-25,rm7,83.2792857142857,56,2022,2020-02-25
BG,2022-02-25,rm7,116.078714285714,56,2022,2020-02-25
RS,2022-02-25,rm7,104.719571428571,56,2022,2020-02-25
HR,2022-02-25,rm7,51.2784285714286,56,2022,2020-02-25
XK,2022-02-25,rm7,19.9352585714286,56,2022,2020-02-25
CZ,2022-02-25,rm7,197.859411428571,56,2022,2020-02-25
MK,2022-02-25,rm7,21.1518571428571,56,2022,2020-02-25
LU,2022-02-25,rm7,10.6089307142857,56,2022,2020-02-25
AL,2022-02-25,rm7,5.85428571428571,56,2022,2020-02-25
LU,2022-03-02,rm7,11.4907903571429,61,2022,2020-03-02
FI,2022-03-02,rm7,243.986457142857,61,2022,2020-03-02
CH,2022-03-02,rm7,195.809245714286,61,2022,2020-03-02
RO,2022-03-02,rm7,171.322642857143,61,2022,2020-03-02
XK,2022-03-02,rm7,22.1152057142857,61,2022,2020-03-02
DE,2022-03-02,rm7,1473.59656857143,61,2022,2020-03-02
NL,2022-03-02,rm7,288.433721428571,61,2022,2020-03-02
IT,2022-03-02,rm7,815.683428571429,61,2022,2020-03-02
BE,2022-03-02,rm7,245.004287857143,61,2022,2020-03-02
SI,2022-03-02,rm7,41.5037257142857,61,2022,2020-03-02
MD,2022-03-02,rm7,16.5638571428571,61,2022,2020-03-02
GE,2022-03-02,rm7,42.4300385714286,61,2022,2020-03-02
CY,2022-03-02,rm7,10.9936771428571,61,2022,2020-03-02
SK,2022-03-02,rm7,84.1341428571429,61,2022,2020-03-02
CZ,2022-03-02,rm7,201.718011428571,61,2022,2020-03-02
AT,2022-03-02,rm7,191.341157142857,61,2022,2020-03-02
PT,2022-03-02,rm7,140.070985714286,61,2022,2020-03-02
HR,2022-03-02,rm7,53.6327142857143,61,2022,2020-03-02
ES,2022-03-02,rm7,668.928428571429,61,2022,2020-03-02
PL,2022-03-02,rm7,505.561047142857,61,2022,2020-03-02
IE,2022-03-02,rm7,87.4534507142857,61,2022,2020-03-02
HU,2022-03-02,rm7,131.178786428571,61,2022,2020-03-02
GR,2022-03-02,rm7,145.518428571429,61,2022,2020-03-02
LV,2022-03-02,rm7,21.2595714285714,61,2022,2020-03-02
ME,2022-03-02,rm7,8.63259142857143,61,2022,2020-03-02
EE,2022-03-02,rm7,23.5978285714286,61,2022,2020-03-02
NO,2022-03-02,rm7,429.246548571429,61,2022,2020-03-02
LT,2022-03-02,rm7,36.7200114285714,61,2022,2020-03-02
BG,2022-03-02,rm7,124.896,61,2022,2020-03-02
RS,2022-03-02,rm7,108.874,61,2022,2020-03-02
FR,2022-03-02,rm7,1482.99685714286,61,2022,2020-03-02
SE,2022-03-02,rm7,437.518142857143,61,2022,2020-03-02
DK,2022-03-02,rm7,107.47505,61,2022,2020-03-02
MK,2022-03-02,rm7,22.9704285714286,61,2022,2020-03-02
AL,2022-03-02,rm7,5.97985714285714,61,2022,2020-03-02
LU,2022-03-07,rm7,11.7305342857143,66,2022,2020-03-07
HU,2022-03-07,rm7,133.6733725,66,2022,2020-03-07
NL,2022-03-07,rm7,278.907267142857,66,2022,2020-03-07
DE,2022-03-07,rm7,1454.77919321429,66,2022,2020-03-07
CZ,2022-03-07,rm7,207.492721428571,66,2022,2020-03-07
AT,2022-03-07,rm7,192.940085714286,66,2022,2020-03-07
CY,2022-03-07,rm7,11.2976857142857,66,2022,2020-03-07
HR,2022-03-07,rm7,54.6221428571429,66,2022,2020-03-07
RO,2022-03-07,rm7,173.39825,66,2022,2020-03-07
BE,2022-03-07,rm7,242.230932857143,66,2022,2020-03-07
SE,2022-03-07,rm7,434.248142857143,66,2022,2020-03-07
CH,2022-03-07,rm7,178.058415714286,66,2022,2020-03-07
IE,2022-03-07,rm7,89.4816107142857,66,2022,2020-03-07
MD,2022-03-07,rm7,17.1558571428571,66,2022,2020-03-07
EE,2022-03-07,rm7,23.9132571428571,66,2022,2020-03-07
FR,2022-03-07,rm7,1469.28528571429,66,2022,2020-03-07
GR,2022-03-07,rm7,146.951571428571,66,2022,2020-03-07
LV,2022-03-07,rm7,21.2118571428571,66,2022,2020-03-07
SK,2022-03-07,rm7,85.5414285714286,66,2022,2020-03-07
LT,2022-03-07,rm7,37.2307471428571,66,2022,2020-03-07
ME,2022-03-07,rm7,9.11055142857143,66,2022,2020-03-07
IT,2022-03-07,rm7,835.790428571429,66,2022,2020-03-07
FI,2022-03-07,rm7,243.3694,66,2022,2020-03-07
GE,2022-03-07,rm7,43.4469057142857,66,2022,2020-03-07
PT,2022-03-07,rm7,142.213257142857,66,2022,2020-03-07
ES,2022-03-07,rm7,670.193857142857,66,2022,2020-03-07
RS,2022-03-07,rm7,112.133428571429,66,2022,2020-03-07
DK,2022-03-07,rm7,103.843938571429,66,2022,2020-03-07
XK,2022-03-07,rm7,23.3391842857143,66,2022,2020-03-07
PL,2022-03-07,rm7,518.64115,66,2022,2020-03-07
NO,2022-03-07,rm7,422.660365714286,66,2022,2020-03-07
SI,2022-03-07,rm7,42.0031814285714,66,2022,2020-03-07
BG,2022-03-07,rm7,127.916285714286,66,2022,2020-03-07
MK,2022-03-07,rm7,24.754,66,2022,2020-03-07
AL,2022-03-07,rm7,4.51385714285714,66,2022,2020-03-07
AL,2022-03-12,rm7,4.68714285714286,71,2022,2020-03-12
HU,2022-03-12,rm7,133.163521785714,71,2022,2020-03-12
NL,2022-03-12,rm7,271.388270357143,71,2022,2020-03-12
DE,2022-03-12,rm7,1444.05544678571,71,2022,2020-03-12
FI,2022-03-12,rm7,245.755571428571,71,2022,2020-03-12
GE,2022-03-12,rm7,45.8360885714286,71,2022,2020-03-12
LT,2022-03-12,rm7,37.2651271428571,71,2022,2020-03-12
RO,2022-03-12,rm7,174.63325,71,2022,2020-03-12
LV,2022-03-12,rm7,21.454,71,2022,2020-03-12
CH,2022-03-12,rm7,191.869717142857,71,2022,2020-03-12
AT,2022-03-12,rm7,189.573357142857,71,2022,2020-03-12
LU,2022-03-12,rm7,10.8583792857143,71,2022,2020-03-12
CY,2022-03-12,rm7,11.5082964285714,71,2022,2020-03-12
SK,2022-03-12,rm7,84.6355285714286,71,2022,2020-03-12
EE,2022-03-12,rm7,24.9468285714286,71,2022,2020-03-12
RS,2022-03-12,rm7,117.721285714286,71,2022,2020-03-12
IT,2022-03-12,rm7,823.385428571429,71,2022,2020-03-12
BE,2022-03-12,rm7,231.419081428571,71,2022,2020-03-12
PT,2022-03-12,rm7,147.466257142857,71,2022,2020-03-12
PL,2022-03-12,rm7,511.150397142857,71,2022,2020-03-12
GR,2022-03-12,rm7,152.961428571429,71,2022,2020-03-12
IE,2022-03-12,rm7,91.6277107142857,71,2022,2020-03-12
MD,2022-03-12,rm7,16.723,71,2022,2020-03-12
CZ,2022-03-12,rm7,205.511515714286,71,2022,2020-03-12
HR,2022-03-12,rm7,54.9064285714286,71,2022,2020-03-12
XK,2022-03-12,rm7,24.6741357142857,71,2022,2020-03-12
ME,2022-03-12,rm7,9.61100857142857,71,2022,2020-03-12
BG,2022-03-12,rm7,135.647714285714,71,2022,2020-03-12
ES,2022-03-12,rm7,663.513857142857,71,2022,2020-03-12
DK,2022-03-12,rm7,103.606235714286,71,2022,2020-03-12
SI,2022-03-12,rm7,41.95449,71,2022,2020-03-12
SE,2022-03-12,rm7,428.224714285714,71,2022,2020-03-12
FR,2022-03-12,rm7,1451.90328571429,71,2022,2020-03-12
NO,2022-03-12,rm7,415.389142857143,71,2022,2020-03-12
MK,2022-03-12,rm7,26.3417142857143,71,2022,2020-03-12
HU,2022-03-17,rm7,122.297483928571,76,2022,2020-03-17
RO,2022-03-17,rm7,170.10725,76,2022,2020-03-17
LU,2022-03-17,rm7,11.2153939285714,76,2022,2020-03-17
CZ,2022-03-17,rm7,198.996661428571,76,2022,2020-03-17
SK,2022-03-17,rm7,83.0914285714286,76,2022,2020-03-17
EE,2022-03-17,rm7,23.9856,76,2022,2020-03-17
PT,2022-03-17,rm7,147.603785714286,76,2022,2020-03-17
XK,2022-03-17,rm7,23.5803185714286,76,2022,2020-03-17
DE,2022-03-17,rm7,1432.67315285714,76,2022,2020-03-17
NL,2022-03-17,rm7,273.746141071429,76,2022,2020-03-17
BE,2022-03-17,rm7,225.358553571429,76,2022,2020-03-17
SE,2022-03-17,rm7,416.796428571429,76,2022,2020-03-17
SI,2022-03-17,rm7,41.3675614285714,76,2022,2020-03-17
CH,2022-03-17,rm7,178.731565714286,76,2022,2020-03-17
MD,2022-03-17,rm7,17.4242857142857,76,2022,2020-03-17
FR,2022-03-17,rm7,1369.25528571429,76,2022,2020-03-17
DK,2022-03-17,rm7,102.291347142857,76,2022,2020-03-17
LV,2022-03-17,rm7,20.3467142857143,76,2022,2020-03-17
GE,2022-03-17,rm7,47.4136557142857,76,2022,2020-03-17
ES,2022-03-17,rm7,658.232714285714,76,2022,2020-03-17
GR,2022-03-17,rm7,158.411714285714,76,2022,2020-03-17
AT,2022-03-17,rm7,183.896585714286,76,2022,2020-03-17
CY,2022-03-17,rm7,13.7065621428571,76,2022,2020-03-17
FI,2022-03-17,rm7,235.741214285714,76,2022,2020-03-17
NO,2022-03-17,rm7,403.106967142857,76,2022,2020-03-17
IE,2022-03-17,rm7,88.1793957142857,76,2022,2020-03-17
IT,2022-03-17,rm7,799.988714285714,76,2022,2020-03-17
HR,2022-03-17,rm7,53.2034285714286,76,2022,2020-03-17
ME,2022-03-17,rm7,9.30117571428572,76,2022,2020-03-17
LT,2022-03-17,rm7,36.5701528571429,76,2022,2020-03-17
PL,2022-03-17,rm7,494.812708571429,76,2022,2020-03-17
BG,2022-03-17,rm7,133.397142857143,76,2022,2020-03-17
RS,2022-03-17,rm7,110.455714285714,76,2022,2020-03-17
MK,2022-03-17,rm7,25.2788571428571,76,2022,2020-03-17
HU,2022-03-22,rm7,126.675611071429,81,2022,2020-03-22
LU,2022-03-22,rm7,10.9072278571429,81,2022,2020-03-22
RO,2022-03-22,rm7,165.807460357143,81,2022,2020-03-22
MD,2022-03-22,rm7,17.8682857142857,81,2022,2020-03-22
CZ,2022-03-22,rm7,193.404575714286,81,2022,2020-03-22
DE,2022-03-22,rm7,1416.3268975,81,2022,2020-03-22
CY,2022-03-22,rm7,13.954535,81,2022,2020-03-22
EE,2022-03-22,rm7,23.6599142857143,81,2022,2020-03-22
PL,2022-03-22,rm7,485.447681428571,81,2022,2020-03-22
GR,2022-03-22,rm7,155.630428571429,81,2022,2020-03-22
AT,2022-03-22,rm7,178.918285714286,81,2022,2020-03-22
IT,2022-03-22,rm7,783.421428571429,81,2022,2020-03-22
BE,2022-03-22,rm7,225.826249285714,81,2022,2020-03-22
DK,2022-03-22,rm7,100.365461428571,81,2022,2020-03-22
SI,2022-03-22,rm7,40.19064,81,2022,2020-03-22
NO,2022-03-22,rm7,392.65273,81,2022,2020-03-22
LV,2022-03-22,rm7,19.6698571428571,81,2022,2020-03-22
IE,2022-03-22,rm7,82.8828242857143,81,2022,2020-03-22
PT,2022-03-22,rm7,143.529242857143,81,2022,2020-03-22
XK,2022-03-22,rm7,22.1072214285714,81,2022,2020-03-22
ME,2022-03-22,rm7,8.61022285714286,81,2022,2020-03-22
FR,2022-03-22,rm7,1312.41557142857,81,2022,2020-03-22
NL,2022-03-22,rm7,265.901402142857,81,2022,2020-03-22
GE,2022-03-22,rm7,47.36354,81,2022,2020-03-22
SK,2022-03-22,rm7,81.9158142857143,81,2022,2020-03-22
LT,2022-03-22,rm7,36.7534842857143,81,2022,2020-03-22
FI,2022-03-22,rm7,225.826214285714,81,2022,2020-03-22
BG,2022-03-22,rm7,128.921,81,2022,2020-03-22
CH,2022-03-22,rm7,180.736,81,2022,2020-03-22
HR,2022-03-22,rm7,51.2771428571429,81,2022,2020-03-22
ES,2022-03-22,rm7,644.905142857143,81,2022,2020-03-22
RS,2022-03-22,rm7,107.328285714286,81,2022,2020-03-22
SE,2022-03-22,rm7,403.455857142857,81,2022,2020-03-22
AL,2022-03-22,rm7,4.199,81,2022,2020-03-22
MK,2022-03-22,rm7,23.6507142857143,81,2022,2020-03-22
DE,2022-03-27,rm7,1364.50425785714,86,2022,2020-03-27
NL,2022-03-27,rm7,253.891602142857,86,2022,2020-03-27
IE,2022-03-27,rm7,83.6644657142857,86,2022,2020-03-27
PT,2022-03-27,rm7,142.905714285714,86,2022,2020-03-27
AT,2022-03-27,rm7,170.91,86,2022,2020-03-27
ES,2022-03-27,rm7,644.938714285714,86,2022,2020-03-27
HU,2022-03-27,rm7,121.104063214286,86,2022,2020-03-27
GR,2022-03-27,rm7,139.323571428571,86,2022,2020-03-27
LU,2022-03-27,rm7,10.8675125,86,2022,2020-03-27
BE,2022-03-27,rm7,223.948362142857,86,2022,2020-03-27
CH,2022-03-27,rm7,177.305692857143,86,2022,2020-03-27
GE,2022-03-27,rm7,46.6219285714286,86,2022,2020-03-27
NO,2022-03-27,rm7,383.79678,86,2022,2020-03-27
SK,2022-03-27,rm7,78.8521428571429,86,2022,2020-03-27
RO,2022-03-27,rm7,157.6590925,86,2022,2020-03-27
CY,2022-03-27,rm7,12.7847042857143,86,2022,2020-03-27
FR,2022-03-27,rm7,1225.749,86,2022,2020-03-27
DK,2022-03-27,rm7,95.1959342857143,86,2022,2020-03-27
SE,2022-03-27,rm7,386.233714285714,86,2022,2020-03-27
LT,2022-03-27,rm7,35.3859828571429,86,2022,2020-03-27
PL,2022-03-27,rm7,475.568914285714,86,2022,2020-03-27
CZ,2022-03-27,rm7,185.473408571429,86,2022,2020-03-27
FI,2022-03-27,rm7,226.138885714286,86,2022,2020-03-27
HR,2022-03-27,rm7,48.9907142857143,86,2022,2020-03-27
SI,2022-03-27,rm7,38.4618157142857,86,2022,2020-03-27
EE,2022-03-27,rm7,23.2178142857143,86,2022,2020-03-27
MD,2022-03-27,rm7,16.8935714285714,86,2022,2020-03-27
RS,2022-03-27,rm7,101.614285714286,86,2022,2020-03-27
LV,2022-03-27,rm7,19.7141428571429,86,2022,2020-03-27
BG,2022-03-27,rm7,116.37,86,2022,2020-03-27
IT,2022-03-27,rm7,768.104428571429,86,2022,2020-03-27
XK,2022-03-27,rm7,19.57852,86,2022,2020-03-27
ME,2022-03-27,rm7,7.70939857142857,86,2022,2020-03-27
AL,2022-03-27,rm7,3.77542857142857,86,2022,2020-03-27
MK,2022-03-27,rm7,18.5612857142857,86,2022,2020-03-27
AL,2022-04-01,rm7,5.12,91,2022,2020-04-01
RO,2022-04-01,rm7,153.598453571429,91,2022,2020-04-01
HU,2022-04-01,rm7,121.252799285714,91,2022,2020-04-01
NL,2022-04-01,rm7,272.480105,91,2022,2020-04-01
LU,2022-04-01,rm7,11.3687442857143,91,2022,2020-04-01
CZ,2022-04-01,rm7,183.1015,91,2022,2020-04-01
GE,2022-04-01,rm7,43.6516728571429,91,2022,2020-04-01
EE,2022-04-01,rm7,24.6535571428572,91,2022,2020-04-01
DE,2022-04-01,rm7,1402.04339,91,2022,2020-04-01
BE,2022-04-01,rm7,232.933208928571,91,2022,2020-04-01
CH,2022-04-01,rm7,172.598364285714,91,2022,2020-04-01
IE,2022-04-01,rm7,83.87477,91,2022,2020-04-01
MD,2022-04-01,rm7,15.3464285714286,91,2022,2020-04-01
SK,2022-04-01,rm7,77.7347142857143,91,2022,2020-04-01
XK,2022-04-01,rm7,17.39505,91,2022,2020-04-01
ES,2022-04-01,rm7,637.660428571429,91,2022,2020-04-01
PL,2022-04-01,rm7,485.381638571429,91,2022,2020-04-01
ME,2022-04-01,rm7,7.28040428571429,91,2022,2020-04-01
CY,2022-04-01,rm7,9.90620642857143,91,2022,2020-04-01
AT,2022-04-01,rm7,173.103914285714,91,2022,2020-04-01
HR,2022-04-01,rm7,48.7445714285714,91,2022,2020-04-01
RS,2022-04-01,rm7,93.3761428571429,91,2022,2020-04-01
DK,2022-04-01,rm7,96.9043728571429,91,2022,2020-04-01
SE,2022-04-01,rm7,408.453285714286,91,2022,2020-04-01
LV,2022-04-01,rm7,20.169,91,2022,2020-04-01
LT,2022-04-01,rm7,35.4535271428571,91,2022,2020-04-01
GR,2022-04-01,rm7,126.718285714286,91,2022,2020-04-01
FI,2022-04-01,rm7,239.894171428571,91,2022,2020-04-01
IT,2022-04-01,rm7,769.832571428572,91,2022,2020-04-01
SI,2022-04-01,rm7,38.25106,91,2022,2020-04-01
PT,2022-04-01,rm7,137.674414285714,91,2022,2020-04-01
NO,2022-04-01,rm7,394.979048571429,91,2022,2020-04-01
FR,2022-04-01,rm7,1236.47357142857,91,2022,2020-04-01
BG,2022-04-01,rm7,105.044857142857,91,2022,2020-04-01
MK,2022-04-01,rm7,16.4254285714286,91,2022,2020-04-01
BE,2022-04-06,rm7,239.194945,96,2022,2020-04-06
FI,2022-04-06,rm7,241.799442857143,96,2022,2020-04-06
AT,2022-04-06,rm7,188.429728571429,96,2022,2020-04-06
CY,2022-04-06,rm7,8.27823,96,2022,2020-04-06
HU,2022-04-06,rm7,125.820353571429,96,2022,2020-04-06
EE,2022-04-06,rm7,24.6634714285714,96,2022,2020-04-06
DE,2022-04-06,rm7,1473.49228571429,96,2022,2020-04-06
ME,2022-04-06,rm7,7.46343714285714,96,2022,2020-04-06
FR,2022-04-06,rm7,1432.588,96,2022,2020-04-06
DK,2022-04-06,rm7,101.792981428571,96,2022,2020-04-06
SE,2022-04-06,rm7,421.621428571429,96,2022,2020-04-06
MD,2022-04-06,rm7,14.6888571428571,96,2022,2020-04-06
XK,2022-04-06,rm7,17.8688128571429,96,2022,2020-04-06
ES,2022-04-06,rm7,665.335428571429,96,2022,2020-04-06
PL,2022-04-06,rm7,503.135372857143,96,2022,2020-04-06
NL,2022-04-06,rm7,292.965922142857,96,2022,2020-04-06
CH,2022-04-06,rm7,177.267611428571,96,2022,2020-04-06
IE,2022-04-06,rm7,72.4897028571429,96,2022,2020-04-06
SK,2022-04-06,rm7,80.4891428571429,96,2022,2020-04-06
RS,2022-04-06,rm7,95.1761428571429,96,2022,2020-04-06
GR,2022-04-06,rm7,121.757857142857,96,2022,2020-04-06
LU,2022-04-06,rm7,10.9478017857143,96,2022,2020-04-06
RO,2022-04-06,rm7,153.698535714286,96,2022,2020-04-06
LV,2022-04-06,rm7,20.2417142857143,96,2022,2020-04-06
CZ,2022-04-06,rm7,194.369387142857,96,2022,2020-04-06
LT,2022-04-06,rm7,35.6079585714286,96,2022,2020-04-06
PT,2022-04-06,rm7,139.037414285714,96,2022,2020-04-06
BG,2022-04-06,rm7,100.683714285714,96,2022,2020-04-06
IT,2022-04-06,rm7,779.995285714286,96,2022,2020-04-06
GE,2022-04-06,rm7,40.4371185714286,96,2022,2020-04-06
SI,2022-04-06,rm7,39.4802028571429,96,2022,2020-04-06
NO,2022-04-06,rm7,408.786271428571,96,2022,2020-04-06
HR,2022-04-06,rm7,50.4715714285714,96,2022,2020-04-06
MK,2022-04-06,rm7,18.7712857142857,96,2022,2020-04-06
AL,2022-04-06,rm7,5.286,96,2022,2020-04-06
NL,2022-04-11,rm7,276.779616428571,101,2022,2020-04-11
EE,2022-04-11,rm7,24.5388857142857,101,2022,2020-04-11
DE,2022-04-11,rm7,1442.65428107143,101,2022,2020-04-11
FR,2022-04-11,rm7,1318.57828571429,101,2022,2020-04-11
BE,2022-04-11,rm7,230.093371071429,101,2022,2020-04-11
LU,2022-04-11,rm7,10.3912253571429,101,2022,2020-04-11
NO,2022-04-11,rm7,401.446782857143,101,2022,2020-04-11
RO,2022-04-11,rm7,154.951428571429,101,2022,2020-04-11
LV,2022-04-11,rm7,19.4924285714286,101,2022,2020-04-11
CY,2022-04-11,rm7,8.37158142857143,101,2022,2020-04-11
CH,2022-04-11,rm7,169.19336,101,2022,2020-04-11
HU,2022-04-11,rm7,121.819574642857,101,2022,2020-04-11
XK,2022-04-11,rm7,17.3443285714286,101,2022,2020-04-11
AT,2022-04-11,rm7,182.055785714286,101,2022,2020-04-11
GE,2022-04-11,rm7,41.4262171428571,101,2022,2020-04-11
BG,2022-04-11,rm7,100.793428571429,101,2022,2020-04-11
PL,2022-04-11,rm7,490.469765714286,101,2022,2020-04-11
ME,2022-04-11,rm7,7.00947,101,2022,2020-04-11
FI,2022-04-11,rm7,233.156028571429,101,2022,2020-04-11
MD,2022-04-11,rm7,14.0345714285714,101,2022,2020-04-11
CZ,2022-04-11,rm7,188.944592857143,101,2022,2020-04-11
SI,2022-04-11,rm7,38.2746414285714,101,2022,2020-04-11
DK,2022-04-11,rm7,101.32502,101,2022,2020-04-11
SE,2022-04-11,rm7,416.482571428571,101,2022,2020-04-11
HR,2022-04-11,rm7,48.8825714285714,101,2022,2020-04-11
LT,2022-04-11,rm7,34.93068,101,2022,2020-04-11
PT,2022-04-11,rm7,140.459514285714,101,2022,2020-04-11
ES,2022-04-11,rm7,647.389571428572,101,2022,2020-04-11
RS,2022-04-11,rm7,96.4061428571429,101,2022,2020-04-11
SK,2022-04-11,rm7,78.65,101,2022,2020-04-11
GR,2022-04-11,rm7,118.785142857143,101,2022,2020-04-11
IT,2022-04-11,rm7,762.355714285714,101,2022,2020-04-11
MK,2022-04-11,rm7,18.7591428571429,101,2022,2020-04-11
AL,2022-04-11,rm7,3.682,101,2022,2020-04-11
MK,2022-04-16,rm7,15.9677142857143,106,2022,2020-04-16
RO,2022-04-16,rm7,154.863928571429,106,2022,2020-04-16
NL,2022-04-16,rm7,257.337014642857,106,2022,2020-04-16
DE,2022-04-16,rm7,1298.78615035714,106,2022,2020-04-16
FI,2022-04-16,rm7,216.799642857143,106,2022,2020-04-16
MD,2022-04-16,rm7,14.5248571428571,106,2022,2020-04-16
CZ,2022-04-16,rm7,176.734915714286,106,2022,2020-04-16
AT,2022-04-16,rm7,168.767785714286,106,2022,2020-04-16
HU,2022-04-16,rm7,113.090253214286,106,2022,2020-04-16
PT,2022-04-16,rm7,131.1873,106,2022,2020-04-16
LU,2022-04-16,rm7,10.023485,106,2022,2020-04-16
CY,2022-04-16,rm7,7.85101357142857,106,2022,2020-04-16
FR,2022-04-16,rm7,1168.07285714286,106,2022,2020-04-16
BE,2022-04-16,rm7,223.307136428571,106,2022,2020-04-16
SI,2022-04-16,rm7,37.2320885714286,106,2022,2020-04-16
LV,2022-04-16,rm7,18.6008571428571,106,2022,2020-04-16
SK,2022-04-16,rm7,75.4897142857143,106,2022,2020-04-16
HR,2022-04-16,rm7,47.5515714285714,106,2022,2020-04-16
ES,2022-04-16,rm7,573.886571428572,106,2022,2020-04-16
RS,2022-04-16,rm7,95.9158571428572,106,2022,2020-04-16
SE,2022-04-16,rm7,381.594,106,2022,2020-04-16
CH,2022-04-16,rm7,159.841188571429,106,2022,2020-04-16
EE,2022-04-16,rm7,22.8577571428571,106,2022,2020-04-16
GE,2022-04-16,rm7,40.6839557142857,106,2022,2020-04-16
LT,2022-04-16,rm7,34.5629942857143,106,2022,2020-04-16
PL,2022-04-16,rm7,474.071472857143,106,2022,2020-04-16
GR,2022-04-16,rm7,119.579571428571,106,2022,2020-04-16
IT,2022-04-16,rm7,738.999428571429,106,2022,2020-04-16
DK,2022-04-16,rm7,92.2794042857143,106,2022,2020-04-16
XK,2022-04-16,rm7,17.0120357142857,106,2022,2020-04-16
ME,2022-04-16,rm7,6.41904714285714,106,2022,2020-04-16
BG,2022-04-16,rm7,100.865857142857,106,2022,2020-04-16
NO,2022-04-16,rm7,369.693835714286,106,2022,2020-04-16
AL,2022-04-16,rm7,4.36142857142857,106,2022,2020-04-16
CY,2022-04-21,rm7,7.94105071428571,111,2022,2020-04-21
HU,2022-04-21,rm7,108.245786785714,111,2022,2020-04-21
BE,2022-04-21,rm7,213.702313571429,111,2022,2020-04-21
CH,2022-04-21,rm7,158.147918571429,111,2022,2020-04-21
DE,2022-04-21,rm7,1214.06468535714,111,2022,2020-04-21
CZ,2022-04-21,rm7,170.230698571429,111,2022,2020-04-21
AT,2022-04-21,rm7,164.580842857143,111,2022,2020-04-21
SK,2022-04-21,rm7,73.0135714285714,111,2022,2020-04-21
LT,2022-04-21,rm7,31.9196171428571,111,2022,2020-04-21
NL,2022-04-21,rm7,242.183588571429,111,2022,2020-04-21
PL,2022-04-21,rm7,443.713285714286,111,2022,2020-04-21
DK,2022-04-21,rm7,87.58994,111,2022,2020-04-21
NO,2022-04-21,rm7,339.98658,111,2022,2020-04-21
LV,2022-04-21,rm7,17.3957142857143,111,2022,2020-04-21
FI,2022-04-21,rm7,204.041028571429,111,2022,2020-04-21
RO,2022-04-21,rm7,156.628285714286,111,2022,2020-04-21
PT,2022-04-21,rm7,126.110642857143,111,2022,2020-04-21
XK,2022-04-21,rm7,18.5761285714286,111,2022,2020-04-21
RS,2022-04-21,rm7,97.6937142857143,111,2022,2020-04-21
IT,2022-04-21,rm7,685.064428571429,111,2022,2020-04-21
ES,2022-04-21,rm7,566.836714285714,111,2022,2020-04-21
SI,2022-04-21,rm7,35.3681042857143,111,2022,2020-04-21
BG,2022-04-21,rm7,106.929428571429,111,2022,2020-04-21
GR,2022-04-21,rm7,124.210428571429,111,2022,2020-04-21
ME,2022-04-21,rm7,6.54792857142857,111,2022,2020-04-21
MD,2022-04-21,rm7,15.2662857142857,111,2022,2020-04-21
GE,2022-04-21,rm7,40.61431,111,2022,2020-04-21
FR,2022-04-21,rm7,1066.24457142857,111,2022,2020-04-21
HR,2022-04-21,rm7,45.947,111,2022,2020-04-21
EE,2022-04-21,rm7,21.6003,111,2022,2020-04-21
SE,2022-04-21,rm7,339.157,111,2022,2020-04-21
LU,2022-04-21,rm7,9.2203975,111,2022,2020-04-21
AL,2022-04-21,rm7,4.97657142857143,111,2022,2020-04-21
MK,2022-04-21,rm7,19.8747142857143,111,2022,2020-04-21
RO,2022-04-26,rm7,137.414321428571,116,2022,2020-04-26
LV,2022-04-26,rm7,18.1838571428571,116,2022,2020-04-26
MD,2022-04-26,rm7,14.9198571428571,116,2022,2020-04-26
DE,2022-04-26,rm7,1343.583375,116,2022,2020-04-26
NL,2022-04-26,rm7,252.726422142857,116,2022,2020-04-26
AT,2022-04-26,rm7,166.762214285714,116,2022,2020-04-26
SK,2022-04-26,rm7,78.426,116,2022,2020-04-26
DK,2022-04-26,rm7,90.3537542857143,116,2022,2020-04-26
BE,2022-04-26,rm7,217.845927857143,116,2022,2020-04-26
FI,2022-04-26,rm7,203.358328571429,116,2022,2020-04-26
HR,2022-04-26,rm7,47.5998571428571,116,2022,2020-04-26
LU,2022-04-26,rm7,10.0429746428571,116,2022,2020-04-26
CY,2022-04-26,rm7,7.81683714285714,116,2022,2020-04-26
HU,2022-04-26,rm7,117.941704642857,116,2022,2020-04-26
ES,2022-04-26,rm7,620.255571428571,116,2022,2020-04-26
GE,2022-04-26,rm7,37.9855257142857,116,2022,2020-04-26
PT,2022-04-26,rm7,133.7871,116,2022,2020-04-26
EE,2022-04-26,rm7,20.8372142857143,116,2022,2020-04-26
XK,2022-04-26,rm7,16.8972714285714,116,2022,2020-04-26
ME,2022-04-26,rm7,6.36019714285714,116,2022,2020-04-26
GR,2022-04-26,rm7,107.111857142857,116,2022,2020-04-26
SI,2022-04-26,rm7,37.1416842857143,116,2022,2020-04-26
LT,2022-04-26,rm7,32.5384428571429,116,2022,2020-04-26
RS,2022-04-26,rm7,87.0744285714286,116,2022,2020-04-26
CZ,2022-04-26,rm7,182.033615714286,116,2022,2020-04-26
PL,2022-04-26,rm7,485.845148571429,116,2022,2020-04-26
SE,2022-04-26,rm7,340.769285714286,116,2022,2020-04-26
CH,2022-04-26,rm7,167.3451,116,2022,2020-04-26
FR,2022-04-26,rm7,1103.62471428571,116,2022,2020-04-26
BG,2022-04-26,rm7,95.4954285714286,116,2022,2020-04-26
IT,2022-04-26,rm7,716.729857142857,116,2022,2020-04-26
MK,2022-04-26,rm7,16.6071428571429,116,2022,2020-04-26
NO,2022-04-26,rm7,328.96497,116,2022,2020-04-26
AL,2022-04-26,rm7,4.17814285714286,116,2022,2020-04-26
LU,2022-05-01,rm7,10.4071239285714,121,2022,2020-05-01
AT,2022-05-01,rm7,163.554071428571,121,2022,2020-05-01
CY,2022-05-01,rm7,8.35731928571429,121,2022,2020-05-01
PT,2022-05-01,rm7,129.018757142857,121,2022,2020-05-01
RS,2022-05-01,rm7,82.943,121,2022,2020-05-01
DE,2022-05-01,rm7,1312.65673428571,121,2022,2020-05-01
BE,2022-05-01,rm7,221.19416,121,2022,2020-05-01
HU,2022-05-01,rm7,112.592552142857,121,2022,2020-05-01
RO,2022-05-01,rm7,139.235071428571,121,2022,2020-05-01
FI,2022-05-01,rm7,213.720557142857,121,2022,2020-05-01
NL,2022-05-01,rm7,254.819741428571,121,2022,2020-05-01
HR,2022-05-01,rm7,45.2587142857143,121,2022,2020-05-01
XK,2022-05-01,rm7,14.1551771428571,121,2022,2020-05-01
ME,2022-05-01,rm7,5.43337857142857,121,2022,2020-05-01
CH,2022-05-01,rm7,164.642677142857,121,2022,2020-05-01
MD,2022-05-01,rm7,13.8822857142857,121,2022,2020-05-01
SK,2022-05-01,rm7,76.3124285714286,121,2022,2020-05-01
EE,2022-05-01,rm7,21.4348285714286,121,2022,2020-05-01
FR,2022-05-01,rm7,1083.99,121,2022,2020-05-01
LV,2022-05-01,rm7,18.4078571428571,121,2022,2020-05-01
GE,2022-05-01,rm7,37.4207914285714,121,2022,2020-05-01
DK,2022-05-01,rm7,90.2843857142857,121,2022,2020-05-01
NO,2022-05-01,rm7,343.430894285714,121,2022,2020-05-01
CZ,2022-05-01,rm7,173.9605,121,2022,2020-05-01
SI,2022-05-01,rm7,32.5898285714286,121,2022,2020-05-01
SE,2022-05-01,rm7,351.872,121,2022,2020-05-01
GR,2022-05-01,rm7,110.007428571429,121,2022,2020-05-01
IT,2022-05-01,rm7,693.281142857143,121,2022,2020-05-01
LT,2022-05-01,rm7,32.2929442857143,121,2022,2020-05-01
PL,2022-05-01,rm7,467.797582857143,121,2022,2020-05-01
BG,2022-05-01,rm7,89.7958571428572,121,2022,2020-05-01
ES,2022-05-01,rm7,606.667285714286,121,2022,2020-05-01
MK,2022-05-01,rm7,14.211,121,2022,2020-05-01
AL,2022-05-01,rm7,3.93857142857143,121,2022,2020-05-01
IT,2022-05-06,rm7,727.714714285714,126,2022,2020-05-06
RO,2022-05-06,rm7,146.319964285714,126,2022,2020-05-06
HU,2022-05-06,rm7,109.659881785714,126,2022,2020-05-06
CY,2022-05-06,rm7,9.16455142857143,126,2022,2020-05-06
LU,2022-05-06,rm7,10.3746317857143,126,2022,2020-05-06
NL,2022-05-06,rm7,254.109239285714,126,2022,2020-05-06
BE,2022-05-06,rm7,220.562776071429,126,2022,2020-05-06
LV,2022-05-06,rm7,17.7021428571429,126,2022,2020-05-06
FI,2022-05-06,rm7,211.294228571429,126,2022,2020-05-06
DE,2022-05-06,rm7,1295.41057285714,126,2022,2020-05-06
CZ,2022-05-06,rm7,167.698717142857,126,2022,2020-05-06
AT,2022-05-06,rm7,162.358128571429,126,2022,2020-05-06
EE,2022-05-06,rm7,21.5337428571429,126,2022,2020-05-06
HR,2022-05-06,rm7,44.1837142857143,126,2022,2020-05-06
GR,2022-05-06,rm7,113.705,126,2022,2020-05-06
SE,2022-05-06,rm7,336.040857142857,126,2022,2020-05-06
ES,2022-05-06,rm7,594.926857142857,126,2022,2020-05-06
PL,2022-05-06,rm7,425.822664285714,126,2022,2020-05-06
CH,2022-05-06,rm7,164.69118,126,2022,2020-05-06
MD,2022-05-06,rm7,12.5605714285714,126,2022,2020-05-06
PT,2022-05-06,rm7,129.9208,126,2022,2020-05-06
NO,2022-05-06,rm7,339.48403,126,2022,2020-05-06
GE,2022-05-06,rm7,40.5093042857143,126,2022,2020-05-06
RS,2022-05-06,rm7,80.4751428571429,126,2022,2020-05-06
ME,2022-05-06,rm7,5.48331,126,2022,2020-05-06
SI,2022-05-06,rm7,33.0496857142857,126,2022,2020-05-06
SK,2022-05-06,rm7,75.0694285714286,126,2022,2020-05-06
BG,2022-05-06,rm7,90.3868571428571,126,2022,2020-05-06
DK,2022-05-06,rm7,90.3105428571429,126,2022,2020-05-06
FR,2022-05-06,rm7,1083.96885714286,126,2022,2020-05-06
LT,2022-05-06,rm7,31.7440057142857,126,2022,2020-05-06
XK,2022-05-06,rm7,14.1829557142857,126,2022,2020-05-06
AL,2022-05-06,rm7,3.89971428571429,126,2022,2020-05-06
MK,2022-05-06,rm7,15.3535714285714,126,2022,2020-05-06
MK,2022-05-11,rm7,14.7765714285714,131,2022,2020-05-11
LU,2022-05-11,rm7,9.76259142857143,131,2022,2020-05-11
IT,2022-05-11,rm7,738.064857142857,131,2022,2020-05-11
HU,2022-05-11,rm7,111.182488571429,131,2022,2020-05-11
RO,2022-05-11,rm7,145.860678571429,131,2022,2020-05-11
DE,2022-05-11,rm7,1313.59963892857,131,2022,2020-05-11
CH,2022-05-11,rm7,162.269158571429,131,2022,2020-05-11
GE,2022-05-11,rm7,41.2731714285714,131,2022,2020-05-11
LT,2022-05-11,rm7,30.3810014285714,131,2022,2020-05-11
HR,2022-05-11,rm7,44.0774285714286,131,2022,2020-05-11
PL,2022-05-11,rm7,450.704652857143,131,2022,2020-05-11
AT,2022-05-11,rm7,160.1954,131,2022,2020-05-11
BE,2022-05-11,rm7,220.81238,131,2022,2020-05-11
SI,2022-05-11,rm7,36.0172614285714,131,2022,2020-05-11
SE,2022-05-11,rm7,326.452571428571,131,2022,2020-05-11
FI,2022-05-11,rm7,204.353728571429,131,2022,2020-05-11
SK,2022-05-11,rm7,74.5768571428572,131,2022,2020-05-11
NL,2022-05-11,rm7,251.28305,131,2022,2020-05-11
XK,2022-05-11,rm7,13.1417414285714,131,2022,2020-05-11
LV,2022-05-11,rm7,17.8134285714286,131,2022,2020-05-11
CZ,2022-05-11,rm7,166.585728571429,131,2022,2020-05-11
CY,2022-05-11,rm7,8.91545071428571,131,2022,2020-05-11
PT,2022-05-11,rm7,129.771328571429,131,2022,2020-05-11
FR,2022-05-11,rm7,1069.89785714286,131,2022,2020-05-11
RS,2022-05-11,rm7,80.1518571428571,131,2022,2020-05-11
MD,2022-05-11,rm7,13.168,131,2022,2020-05-11
EE,2022-05-11,rm7,21.0717285714286,131,2022,2020-05-11
ME,2022-05-11,rm7,5.50680714285714,131,2022,2020-05-11
GR,2022-05-11,rm7,115.699,131,2022,2020-05-11
DK,2022-05-11,rm7,90.5789,131,2022,2020-05-11
NO,2022-05-11,rm7,333.559237142857,131,2022,2020-05-11
ES,2022-05-11,rm7,604.086857142857,131,2022,2020-05-11
BG,2022-05-11,rm7,89.5428571428571,131,2022,2020-05-11
AL,2022-05-11,rm7,4.51014285714286,131,2022,2020-05-11
RO,2022-05-16,rm7,145.64975,136,2022,2020-05-16
BE,2022-05-16,rm7,217.572998571429,136,2022,2020-05-16
MD,2022-05-16,rm7,13.9612857142857,136,2022,2020-05-16
DE,2022-05-16,rm7,1324.3659725,136,2022,2020-05-16
SK,2022-05-16,rm7,73.5667142857143,136,2022,2020-05-16
PT,2022-05-16,rm7,130.019414285714,136,2022,2020-05-16
AT,2022-05-16,rm7,156.974128571429,136,2022,2020-05-16
IT,2022-05-16,rm7,736.644,136,2022,2020-05-16
LU,2022-05-16,rm7,10.0353782142857,136,2022,2020-05-16
NL,2022-05-16,rm7,250.109155357143,136,2022,2020-05-16
FI,2022-05-16,rm7,196.341457142857,136,2022,2020-05-16
CY,2022-05-16,rm7,9.23920642857143,136,2022,2020-05-16
ME,2022-05-16,rm7,5.36929857142857,136,2022,2020-05-16
FR,2022-05-16,rm7,1047.44971428571,136,2022,2020-05-16
GE,2022-05-16,rm7,38.9642714285714,136,2022,2020-05-16
HU,2022-05-16,rm7,111.2315325,136,2022,2020-05-16
RS,2022-05-16,rm7,80.0457142857143,136,2022,2020-05-16
CZ,2022-05-16,rm7,165.467277142857,136,2022,2020-05-16
EE,2022-05-16,rm7,21.1124714285714,136,2022,2020-05-16
XK,2022-05-16,rm7,12.5793757142857,136,2022,2020-05-16
ES,2022-05-16,rm7,613.407428571429,136,2022,2020-05-16
PL,2022-05-16,rm7,448.310838571429,136,2022,2020-05-16
GR,2022-05-16,rm7,117.753428571429,136,2022,2020-05-16
DK,2022-05-16,rm7,90.0330857142857,136,2022,2020-05-16
BG,2022-05-16,rm7,89.4155714285714,136,2022,2020-05-16
NO,2022-05-16,rm7,423.094597142857,136,2022,2020-05-16
LT,2022-05-16,rm7,29.74902,136,2022,2020-05-16
SI,2022-05-16,rm7,35.50274,136,2022,2020-05-16
CH,2022-05-16,rm7,157.429512857143,136,2022,2020-05-16
SE,2022-05-16,rm7,322.027714285714,136,2022,2020-05-16
HR,2022-05-16,rm7,43.8502857142857,136,2022,2020-05-16
LV,2022-05-16,rm7,17.8938571428571,136,2022,2020-05-16
MK,2022-05-16,rm7,14.2374285714286,136,2022,2020-05-16
AL,2022-05-16,rm7,3.78,136,2022,2020-05-16
MK,2022-05-21,rm7,14.1271428571429,141,2022,2020-05-21
HU,2022-05-21,rm7,110.271043928571,141,2022,2020-05-21
RO,2022-05-21,rm7,143.531428571429,141,2022,2020-05-21
NL,2022-05-21,rm7,259.572169642857,141,2022,2020-05-21
BE,2022-05-21,rm7,220.628798928571,141,2022,2020-05-21
DE,2022-05-21,rm7,1324.05899392857,141,2022,2020-05-21
CZ,2022-05-21,rm7,164.754904285714,141,2022,2020-05-21
AT,2022-05-21,rm7,157.057257142857,141,2022,2020-05-21
SK,2022-05-21,rm7,72.3888571428571,141,2022,2020-05-21
EE,2022-05-21,rm7,21.0991571428571,141,2022,2020-05-21
PL,2022-05-21,rm7,447.465511428571,141,2022,2020-05-21
GR,2022-05-21,rm7,117.365,141,2022,2020-05-21
IT,2022-05-21,rm7,757.593571428571,141,2022,2020-05-21
CY,2022-05-21,rm7,9.27605857142857,141,2022,2020-05-21
LU,2022-05-21,rm7,10.5001996428571,141,2022,2020-05-21
CH,2022-05-21,rm7,162.522338571429,141,2022,2020-05-21
MD,2022-05-21,rm7,14.0014285714286,141,2022,2020-05-21
PT,2022-05-21,rm7,131.381042857143,141,2022,2020-05-21
RS,2022-05-21,rm7,78.9868571428572,141,2022,2020-05-21
FR,2022-05-21,rm7,1054.71642857143,141,2022,2020-05-21
LV,2022-05-21,rm7,18.1267142857143,141,2022,2020-05-21
LT,2022-05-21,rm7,29.5205142857143,141,2022,2020-05-21
XK,2022-05-21,rm7,12.6056857142857,141,2022,2020-05-21
SE,2022-05-21,rm7,316.930285714286,141,2022,2020-05-21
GE,2022-05-21,rm7,38.4091314285714,141,2022,2020-05-21
ME,2022-05-21,rm7,5.57508142857143,141,2022,2020-05-21
ES,2022-05-21,rm7,631.803428571429,141,2022,2020-05-21
HR,2022-05-21,rm7,44.3688571428571,141,2022,2020-05-21
SI,2022-05-21,rm7,35.6953628571429,141,2022,2020-05-21
BG,2022-05-21,rm7,88.5128571428571,141,2022,2020-05-21
DK,2022-05-21,rm7,89.6518457142857,141,2022,2020-05-21
FI,2022-05-21,rm7,191.557771428571,141,2022,2020-05-21
NO,2022-05-21,rm7,316.137447142857,141,2022,2020-05-21
AL,2022-05-21,rm7,3.82514285714286,141,2022,2020-05-21
MK,2022-05-26,rm7,14.0057142857143,146,2022,2020-05-26
LU,2022-05-26,rm7,9.72743714285714,146,2022,2020-05-26
RO,2022-05-26,rm7,143.036464285714,146,2022,2020-05-26
HU,2022-05-26,rm7,110.440386428571,146,2022,2020-05-26
ES,2022-05-26,rm7,628.826714285714,146,2022,2020-05-26
CH,2022-05-26,rm7,139.474225714286,146,2022,2020-05-26
CZ,2022-05-26,rm7,164.737684285714,146,2022,2020-05-26
CY,2022-05-26,rm7,9.35401428571428,146,2022,2020-05-26
PT,2022-05-26,rm7,131.760885714286,146,2022,2020-05-26
EE,2022-05-26,rm7,20.5488,146,2022,2020-05-26
RS,2022-05-26,rm7,79.5964285714286,146,2022,2020-05-26
AT,2022-05-26,rm7,153.979542857143,146,2022,2020-05-26
BE,2022-05-26,rm7,214.837855714286,146,2022,2020-05-26
NL,2022-05-26,rm7,251.838256071429,146,2022,2020-05-26
MD,2022-05-26,rm7,14.9454285714286,146,2022,2020-05-26
XK,2022-05-26,rm7,12.8147657142857,146,2022,2020-05-26
FR,2022-05-26,rm7,1020.52414285714,146,2022,2020-05-26
DK,2022-05-26,rm7,88.4687771428572,146,2022,2020-05-26
NO,2022-05-26,rm7,306.305472857143,146,2022,2020-05-26
GE,2022-05-26,rm7,38.2011442857143,146,2022,2020-05-26
ME,2022-05-26,rm7,5.76623714285714,146,2022,2020-05-26
DE,2022-05-26,rm7,1266.15459928571,146,2022,2020-05-26
GR,2022-05-26,rm7,121.344142857143,146,2022,2020-05-26
LV,2022-05-26,rm7,17.9165714285714,146,2022,2020-05-26
PL,2022-05-26,rm7,448.739177142857,146,2022,2020-05-26
HR,2022-05-26,rm7,45.6548571428572,146,2022,2020-05-26
SI,2022-05-26,rm7,36.16093,146,2022,2020-05-26
SE,2022-05-26,rm7,311.152857142857,146,2022,2020-05-26
LT,2022-05-26,rm7,29.4532,146,2022,2020-05-26
BG,2022-05-26,rm7,88.6474285714286,146,2022,2020-05-26
IT,2022-05-26,rm7,780.925571428572,146,2022,2020-05-26
SK,2022-05-26,rm7,71.9356571428572,146,2022,2020-05-26
FI,2022-05-26,rm7,185.810057142857,146,2022,2020-05-26
AL,2022-05-26,rm7,4.435,146,2022,2020-05-26
LU,2022-05-31,rm7,9.42011857142857,151,2022,2020-05-31
RO,2022-05-31,rm7,143.715785714286,151,2022,2020-05-31
FI,2022-05-31,rm7,186.069857142857,151,2022,2020-05-31
MD,2022-05-31,rm7,15.088,151,2022,2020-05-31
AT,2022-05-31,rm7,151.027985714286,151,2022,2020-05-31
CY,2022-05-31,rm7,10.5299135714286,151,2022,2020-05-31
HU,2022-05-31,rm7,110.763693571429,151,2022,2020-05-31
GR,2022-05-31,rm7,128.955714285714,151,2022,2020-05-31
FR,2022-05-31,rm7,1006.64942857143,151,2022,2020-05-31
BE,2022-05-31,rm7,209.587742142857,151,2022,2020-05-31
NO,2022-05-31,rm7,312.24636,151,2022,2020-05-31
PT,2022-05-31,rm7,133.297971428571,151,2022,2020-05-31
PL,2022-05-31,rm7,449.729815714286,151,2022,2020-05-31
CH,2022-05-31,rm7,126.131438571429,151,2022,2020-05-31
CZ,2022-05-31,rm7,165.320271428571,151,2022,2020-05-31
GE,2022-05-31,rm7,37.48267,151,2022,2020-05-31
SK,2022-05-31,rm7,71.8715571428572,151,2022,2020-05-31
LT,2022-05-31,rm7,29.8206842857143,151,2022,2020-05-31
NL,2022-05-31,rm7,244.147587142857,151,2022,2020-05-31
HR,2022-05-31,rm7,44.894,151,2022,2020-05-31
DK,2022-05-31,rm7,86.1994728571429,151,2022,2020-05-31
SI,2022-05-31,rm7,35.9133285714286,151,2022,2020-05-31
LV,2022-05-31,rm7,17.654,151,2022,2020-05-31
EE,2022-05-31,rm7,21.3400428571429,151,2022,2020-05-31
RS,2022-05-31,rm7,79.446,151,2022,2020-05-31
ME,2022-05-31,rm7,6.14723285714286,151,2022,2020-05-31
IT,2022-05-31,rm7,785.489,151,2022,2020-05-31
ES,2022-05-31,rm7,621.644285714286,151,2022,2020-05-31
SE,2022-05-31,rm7,311.237857142857,151,2022,2020-05-31
XK,2022-05-31,rm7,12.3065528571429,151,2022,2020-05-31
BG,2022-05-31,rm7,90.575,151,2022,2020-05-31
DE,2022-05-31,rm7,1230.56411,151,2022,2020-05-31
AL,2022-05-31,rm7,3.85371428571429,151,2022,2020-05-31
MK,2022-05-31,rm7,14.0828571428571,151,2022,2020-05-31
CY,2022-06-05,rm7,10.843975,156,2022,2020-06-05
LU,2022-06-05,rm7,11.5587960714286,156,2022,2020-06-05
RO,2022-06-05,rm7,143.759678571429,156,2022,2020-06-05
HU,2022-06-05,rm7,110.388796428571,156,2022,2020-06-05
LV,2022-06-05,rm7,17.4318571428571,156,2022,2020-06-05
MD,2022-06-05,rm7,12.328,156,2022,2020-06-05
DE,2022-06-05,rm7,1252.50962607143,156,2022,2020-06-05
AT,2022-06-05,rm7,155.6322,156,2022,2020-06-05
CH,2022-06-05,rm7,154.477074285714,156,2022,2020-06-05
CZ,2022-06-05,rm7,163.996645714286,156,2022,2020-06-05
NL,2022-06-05,rm7,249.814636428571,156,2022,2020-06-05
GE,2022-06-05,rm7,38.1402785714286,156,2022,2020-06-05
SK,2022-06-05,rm7,71.6341428571429,156,2022,2020-06-05
PT,2022-06-05,rm7,132.8232,156,2022,2020-06-05
RS,2022-06-05,rm7,79.9768571428572,156,2022,2020-06-05
IT,2022-06-05,rm7,737.662571428571,156,2022,2020-06-05
GR,2022-06-05,rm7,136.844714285714,156,2022,2020-06-05
BE,2022-06-05,rm7,218.223765714286,156,2022,2020-06-05
SE,2022-06-05,rm7,311.168714285714,156,2022,2020-06-05
LT,2022-06-05,rm7,29.5700342857143,156,2022,2020-06-05
XK,2022-06-05,rm7,12.1096742857143,156,2022,2020-06-05
HR,2022-06-05,rm7,46.1824285714286,156,2022,2020-06-05
ME,2022-06-05,rm7,6.77515428571429,156,2022,2020-06-05
NO,2022-06-05,rm7,307.729237142857,156,2022,2020-06-05
EE,2022-06-05,rm7,20.7105428571429,156,2022,2020-06-05
DK,2022-06-05,rm7,91.5019928571429,156,2022,2020-06-05
SI,2022-06-05,rm7,35.5550528571429,156,2022,2020-06-05
BG,2022-06-05,rm7,91.8597142857143,156,2022,2020-06-05
FR,2022-06-05,rm7,1073.71385714286,156,2022,2020-06-05
PL,2022-06-05,rm7,447.09932,156,2022,2020-06-05
FI,2022-06-05,rm7,185.315571428571,156,2022,2020-06-05
AL,2022-06-05,rm7,4.00571428571429,156,2022,2020-06-05
MK,2022-06-05,rm7,14.289,156,2022,2020-06-05
ES,2022-06-05,rm7,635.306428571429,156,2022,2020-06-05
ES,2022-06-10,rm7,645.862714285714,161,2022,2020-06-10
HU,2022-06-10,rm7,108.874789642857,161,2022,2020-06-10
LU,2022-06-10,rm7,13.1118596428571,161,2022,2020-06-10
RO,2022-06-10,rm7,147.337178571429,161,2022,2020-06-10
NL,2022-06-10,rm7,254.082888571429,161,2022,2020-06-10
BE,2022-06-10,rm7,215.349877857143,161,2022,2020-06-10
DE,2022-06-10,rm7,1210.98569285714,161,2022,2020-06-10
AT,2022-06-10,rm7,153.748042857143,161,2022,2020-06-10
PL,2022-06-10,rm7,453.153042857143,161,2022,2020-06-10
FR,2022-06-10,rm7,1023.63214285714,161,2022,2020-06-10
DK,2022-06-10,rm7,87.8066271428572,161,2022,2020-06-10
FI,2022-06-10,rm7,182.9545,161,2022,2020-06-10
SE,2022-06-10,rm7,301.640428571429,161,2022,2020-06-10
LV,2022-06-10,rm7,17.2385714285714,161,2022,2020-06-10
CH,2022-06-10,rm7,168.799744285714,161,2022,2020-06-10
GE,2022-06-10,rm7,38.7404928571429,161,2022,2020-06-10
PT,2022-06-10,rm7,131.525957142857,161,2022,2020-06-10
CZ,2022-06-10,rm7,163.886288571429,161,2022,2020-06-10
SK,2022-06-10,rm7,73.2017142857143,161,2022,2020-06-10
RS,2022-06-10,rm7,80.874,161,2022,2020-06-10
IT,2022-06-10,rm7,808.402428571429,161,2022,2020-06-10
GR,2022-06-10,rm7,137.569142857143,161,2022,2020-06-10
MD,2022-06-10,rm7,15.0308571428571,161,2022,2020-06-10
LT,2022-06-10,rm7,29.2056671428571,161,2022,2020-06-10
XK,2022-06-10,rm7,12.6053,161,2022,2020-06-10
HR,2022-06-10,rm7,48.3248571428571,161,2022,2020-06-10
ME,2022-06-10,rm7,7.02969,161,2022,2020-06-10
SI,2022-06-10,rm7,35.8979742857143,161,2022,2020-06-10
EE,2022-06-10,rm7,20.3582428571429,161,2022,2020-06-10
NO,2022-06-10,rm7,296.63111,161,2022,2020-06-10
BG,2022-06-10,rm7,91.113,161,2022,2020-06-10
AL,2022-06-10,rm7,4.61128571428572,161,2022,2020-06-10
MK,2022-06-10,rm7,15.0097142857143,161,2022,2020-06-10
RO,2022-06-15,rm7,141.785535714286,166,2022,2020-06-15
ES,2022-06-15,rm7,694.441571428571,166,2022,2020-06-15
LU,2022-06-15,rm7,13.4089028571429,166,2022,2020-06-15
FI,2022-06-15,rm7,187.723442857143,166,2022,2020-06-15
SK,2022-06-15,rm7,72.4817142857143,166,2022,2020-06-15
EE,2022-06-15,rm7,19.7981571428571,166,2022,2020-06-15
HU,2022-06-15,rm7,112.224054285714,166,2022,2020-06-15
DE,2022-06-15,rm7,1260.33639642857,166,2022,2020-06-15
AT,2022-06-15,rm7,157.520042857143,166,2022,2020-06-15
IT,2022-06-15,rm7,816.918571428571,166,2022,2020-06-15
GR,2022-06-15,rm7,125.308714285714,166,2022,2020-06-15
BE,2022-06-15,rm7,218.589101428571,166,2022,2020-06-15
SI,2022-06-15,rm7,35.2819314285714,166,2022,2020-06-15
LV,2022-06-15,rm7,17.3455714285714,166,2022,2020-06-15
MD,2022-06-15,rm7,15.3457142857143,166,2022,2020-06-15
CZ,2022-06-15,rm7,161.27569,166,2022,2020-06-15
PT,2022-06-15,rm7,136.098928571429,166,2022,2020-06-15
NL,2022-06-15,rm7,241.715601071429,166,2022,2020-06-15
XK,2022-06-15,rm7,12.5129785714286,166,2022,2020-06-15
ME,2022-06-15,rm7,6.72206857142857,166,2022,2020-06-15
DK,2022-06-15,rm7,87.2730885714286,166,2022,2020-06-15
NO,2022-06-15,rm7,299.75359,166,2022,2020-06-15
CH,2022-06-15,rm7,165.433642857143,166,2022,2020-06-15
GE,2022-06-15,rm7,38.4021957142857,166,2022,2020-06-15
HR,2022-06-15,rm7,47.3608571428571,166,2022,2020-06-15
RS,2022-06-15,rm7,78.6942857142857,166,2022,2020-06-15
LT,2022-06-15,rm7,29.5402471428571,166,2022,2020-06-15
FR,2022-06-15,rm7,1059.388,166,2022,2020-06-15
PL,2022-06-15,rm7,452.182952857143,166,2022,2020-06-15
SE,2022-06-15,rm7,306.793142857143,166,2022,2020-06-15
BG,2022-06-15,rm7,90.1632857142857,166,2022,2020-06-15
AL,2022-06-15,rm7,4.46142857142857,166,2022,2020-06-15
MK,2022-06-15,rm7,14.4295714285714,166,2022,2020-06-15
ES,2022-06-20,rm7,720.486714285714,171,2022,2020-06-20
HU,2022-06-20,rm7,112.310061071429,171,2022,2020-06-20
RO,2022-06-20,rm7,145.416214285714,171,2022,2020-06-20
NL,2022-06-20,rm7,245.497000714286,171,2022,2020-06-20
MD,2022-06-20,rm7,15.2571428571429,171,2022,2020-06-20
DE,2022-06-20,rm7,1229.52918142857,171,2022,2020-06-20
PL,2022-06-20,rm7,424.546175714286,171,2022,2020-06-20
LU,2022-06-20,rm7,13.5721278571429,171,2022,2020-06-20
IT,2022-06-20,rm7,866.669,171,2022,2020-06-20
GR,2022-06-20,rm7,128.949714285714,171,2022,2020-06-20
BE,2022-06-20,rm7,218.226521428571,171,2022,2020-06-20
AT,2022-06-20,rm7,149.071142857143,171,2022,2020-06-20
PT,2022-06-20,rm7,131.769285714286,171,2022,2020-06-20
EE,2022-06-20,rm7,19.4269285714286,171,2022,2020-06-20
HR,2022-06-20,rm7,47.6105714285714,171,2022,2020-06-20
SE,2022-06-20,rm7,304.417428571429,171,2022,2020-06-20
LV,2022-06-20,rm7,17.099,171,2022,2020-06-20
CH,2022-06-20,rm7,160.20402,171,2022,2020-06-20
SK,2022-06-20,rm7,71.886,171,2022,2020-06-20
FR,2022-06-20,rm7,1099.97985714286,171,2022,2020-06-20
DK,2022-06-20,rm7,81.14752,171,2022,2020-06-20
FI,2022-06-20,rm7,196.121171428571,171,2022,2020-06-20
LT,2022-06-20,rm7,29.8179528571429,171,2022,2020-06-20
RS,2022-06-20,rm7,80.8748571428572,171,2022,2020-06-20
ME,2022-06-20,rm7,7.30872285714286,171,2022,2020-06-20
SI,2022-06-20,rm7,35.5318385714286,171,2022,2020-06-20
GE,2022-06-20,rm7,37.8295785714286,171,2022,2020-06-20
CZ,2022-06-20,rm7,161.763982857143,171,2022,2020-06-20
XK,2022-06-20,rm7,12.1147142857143,171,2022,2020-06-20
NO,2022-06-20,rm7,295.37541,171,2022,2020-06-20
BG,2022-06-20,rm7,90.2655714285714,171,2022,2020-06-20
AL,2022-06-20,rm7,4.11071428571429,171,2022,2020-06-20
MK,2022-06-20,rm7,14.5087142857143,171,2022,2020-06-20
BE,2022-06-25,rm7,217.0048875,176,2022,2020-06-25
ES,2022-06-25,rm7,652.224428571429,176,2022,2020-06-25
DE,2022-06-25,rm7,1272.26113071429,176,2022,2020-06-25
NL,2022-06-25,rm7,254.287230357143,176,2022,2020-06-25
CH,2022-06-25,rm7,169.454382857143,176,2022,2020-06-25
CZ,2022-06-25,rm7,162.092708571429,176,2022,2020-06-25
RO,2022-06-25,rm7,148.358712857143,176,2022,2020-06-25
FI,2022-06-25,rm7,187.138357142857,176,2022,2020-06-25
MD,2022-06-25,rm7,15.1905714285714,176,2022,2020-06-25
AT,2022-06-25,rm7,158.779542857143,176,2022,2020-06-25
SK,2022-06-25,rm7,71.341,176,2022,2020-06-25
LU,2022-06-25,rm7,13.0182428571429,176,2022,2020-06-25
SI,2022-06-25,rm7,35.8483028571429,176,2022,2020-06-25
SE,2022-06-25,rm7,294.853857142857,176,2022,2020-06-25
XK,2022-06-25,rm7,12.5054742857143,176,2022,2020-06-25
PL,2022-06-25,rm7,454.338531428572,176,2022,2020-06-25
RS,2022-06-25,rm7,82.4925714285715,176,2022,2020-06-25
ME,2022-06-25,rm7,7.85056285714286,176,2022,2020-06-25
IT,2022-06-25,rm7,885.301,176,2022,2020-06-25
DK,2022-06-25,rm7,87.66764,176,2022,2020-06-25
LV,2022-06-25,rm7,15.5882857142857,176,2022,2020-06-25
BG,2022-06-25,rm7,91.2315714285714,176,2022,2020-06-25
PT,2022-06-25,rm7,131.224714285714,176,2022,2020-06-25
GE,2022-06-25,rm7,38.2572357142857,176,2022,2020-06-25
HR,2022-06-25,rm7,50.2221428571429,176,2022,2020-06-25
LT,2022-06-25,rm7,29.7110142857143,176,2022,2020-06-25
EE,2022-06-25,rm7,18.0894142857143,176,2022,2020-06-25
FR,2022-06-25,rm7,1069.819,176,2022,2020-06-25
GR,2022-06-25,rm7,143.657,176,2022,2020-06-25
HU,2022-06-25,rm7,114.479452857143,176,2022,2020-06-25
NO,2022-06-25,rm7,293.675372857143,176,2022,2020-06-25
AL,2022-06-25,rm7,5.06071428571429,176,2022,2020-06-25
MK,2022-06-25,rm7,14.6302857142857,176,2022,2020-06-25
